source_row_id,example_id,sample_group,fixed acidity,volatile acidity,citric acid,residual sugar,chlorides,free sulfur dioxide,total sulfur dioxide,density,pH,sulphates,alcohol,actual_label,predicted_label,probability_0,probability_1,predicted_confidence
1,white_wine_0001,e2eae4f19f2eff33,7,0.27,0.36,20.7,0.045,45,170,1.001,3,0.45,8.8,quality_below_7,quality_below_7,0.06,0.94,0.94
7,white_wine_0011,24dca929b6ad4804,8.1,0.27,0.41,1.45,0.033,11,63,0.9908,2.99,0.56,12,quality_below_7,quality_below_7,0.17,0.83,0.83
17,white_wine_0022,454dc3aff35c653f,6.4,0.31,0.38,2.9,0.038,19,102,0.9912,3.17,0.35,11,quality_7_plus,quality_below_7,0.27,0.73,0.73
21,white_wine_0026,cc3727fd75d7e493,7,0.25,0.32,9,0.046,56,245,0.9955,3.25,0.5,10.4,quality_below_7,quality_below_7,0.01,0.99,0.99
29,white_wine_0034,b881323b75856811,6.2,0.12,0.34,1.5,0.045,43,117,0.9939,3.42,0.51,9,quality_below_7,quality_below_7,0.26,0.74,0.74
30,white_wine_0035,a1f5b39fcc413eae,5.8,0.27,0.2,14.95,0.044,22,179,0.9962,3.37,0.37,10.2,quality_below_7,quality_below_7,0.04,0.96,0.96
41,white_wine_0047,663a6bc610fe178e,6.2,0.45,0.26,4.4,0.063,63,206,0.994,3.27,0.52,9.8,quality_below_7,quality_below_7,0.01,0.99,0.99
43,white_wine_0050,6caeb10250e89422,6.9,0.19,0.35,5,0.067,32,150,0.995,3.36,0.48,9.8,quality_below_7,quality_below_7,0.12,0.88,0.88
52,white_wine_0059,e09475602a7dc26d,6.6,0.38,0.15,4.6,0.044,25,78,0.9931,3.11,0.38,10.2,quality_below_7,quality_below_7,0.05,0.95,0.95
66,white_wine_0077,fb9c4ca185d97893,7.1,0.18,0.36,1.4,0.043,31,87,0.9898,3.26,0.37,12.7,quality_7_plus,quality_below_7,0.44,0.56,0.56
67,white_wine_0078,2182b1b2c38a2f37,7,0.32,0.34,1.3,0.042,20,69,0.9912,3.31,0.65,12,quality_7_plus,quality_below_7,0.27,0.73,0.73
70,white_wine_0081,fb21319f34cd0d81,6.8,0.22,0.31,1.4,0.053,34,114,0.9929,3.39,0.77,10.6,quality_below_7,quality_below_7,0.48,0.52,0.52
75,white_wine_0086,88983ed44d88c4ea,7.1,0.44,0.62,11.8,0.044,52,152,0.9975,3.12,0.46,8.7,quality_below_7,quality_below_7,0.01,0.99,0.99
78,white_wine_0092,e9f6b58d59166fe5,6.1,0.27,0.43,7.5,0.049,65,243,0.9957,3.12,0.47,9,quality_below_7,quality_below_7,0.0,1.0,1.0
85,white_wine_0099,ac0198d5a03ec177,9.8,0.36,0.46,10.5,0.038,4,83,0.9956,2.89,0.3,10.1,quality_below_7,quality_below_7,0.06,0.94,0.94
91,white_wine_0108,dec39ca76a0116b4,7.1,0.23,0.35,16.5,0.04,60,171,0.999,3.16,0.59,9.1,quality_below_7,quality_below_7,0.08,0.92,0.92
99,white_wine_0118,e24900fbe0fecdb6,7,0.14,0.4,1.7,0.035,16,85,0.9911,3.19,0.42,11.8,quality_below_7,quality_below_7,0.21,0.79,0.79
103,white_wine_0123,6d14bbacafbf9179,7.4,0.16,0.31,6.85,0.059,31,131,0.9952,3.29,0.34,9.7,quality_below_7,quality_below_7,0.08,0.92,0.92
112,white_wine_0133,bd6199975f6a7783,6.5,0.425,0.4,13.1,0.038,59,241,0.9979,3.23,0.57,9,quality_below_7,quality_below_7,0.04,0.96,0.96
118,white_wine_0139,b70e2e65a3d7980c,6.8,0.19,0.36,1.9,0.035,30,96,0.9917,3.15,0.54,10.8,quality_7_plus,quality_below_7,0.38,0.62,0.62
131,white_wine_0154,045da5419afb4c16,7.2,0.18,0.41,1.2,0.048,41,97,0.9919,3.14,0.45,10.4,quality_below_7,quality_below_7,0.14,0.86,0.86
136,white_wine_0162,bd6f099a7b67931c,6.4,0.22,0.56,14.5,0.055,27,159,0.998,2.98,0.4,9.1,quality_below_7,quality_below_7,0.06,0.94,0.94
143,white_wine_0170,3780dc8eba1af647,9.8,0.42,0.48,9.85,0.034,5,110,0.9958,2.87,0.29,10,quality_below_7,quality_below_7,0.09,0.91,0.91
145,white_wine_0172,6307412c062a7bb9,7.9,0.19,0.45,1.5,0.045,17,96,0.9917,3.13,0.39,11,quality_below_7,quality_below_7,0.17,0.83,0.83
158,white_wine_0185,61d598ba2eee7902,6.8,0.26,0.56,11.9,0.043,64,226,0.997,3.02,0.63,9.3,quality_below_7,quality_below_7,0.0,1.0,1.0
161,white_wine_0188,2fde564c1de96e59,5.9,0.3,0.23,4.2,0.038,42,119,0.9924,3.15,0.5,11,quality_below_7,quality_below_7,0.16,0.84,0.84
163,white_wine_0190,c97bf57fb36ef911,6.5,0.28,0.28,8.5,0.047,54,210,0.9962,3.09,0.54,8.9,quality_below_7,quality_below_7,0.02,0.98,0.98
171,white_wine_0199,1c5ecfdffce821f3,7.1,0.32,0.24,13.1,0.05,52,204,0.998,3.1,0.49,8.8,quality_below_7,quality_below_7,0.0,1.0,1.0
181,white_wine_0211,89ef87c6dd9c98a3,5.6,0.245,0.25,9.7,0.032,12,68,0.994,3.31,0.34,10.5,quality_below_7,quality_below_7,0.16,0.84,0.84
184,white_wine_0215,e46c3cd67afcd9df,6.2,0.25,0.25,1.4,0.03,35,105,0.9912,3.3,0.44,11.1,quality_7_plus,quality_below_7,0.47,0.53,0.53
189,white_wine_0222,5ff449346deef7f7,7.2,0.685,0.21,9.5,0.07,33,172,0.9971,3,0.55,9.1,quality_below_7,quality_below_7,0.01,0.99,0.99
197,white_wine_0233,ffd7e322bc39fa99,8.2,0.27,0.39,7.8,0.039,49,208,0.9976,3.31,0.51,9.5,quality_below_7,quality_below_7,0.06,0.94,0.94
199,white_wine_0238,5b9d9dcbb784d736,6.8,0.52,0.32,13.2,0.044,54,221,0.9972,3.27,0.5,9.6,quality_below_7,quality_below_7,0.0,1.0,1.0
200,white_wine_0239,cdb983e5d930e567,7,0.26,0.59,1.4,0.037,40,120,0.9918,3.34,0.41,11.1,quality_7_plus,quality_below_7,0.46,0.54,0.54
201,white_wine_0240,76aaf686cd3d0d15,6.2,0.25,0.21,15.55,0.039,28,159,0.9982,3.48,0.64,9.6,quality_below_7,quality_below_7,0.38,0.62,0.62
210,white_wine_0249,ed73779ae6325158,5.6,0.19,0.26,1.4,0.03,12,76,0.9905,3.25,0.37,10.9,quality_7_plus,quality_7_plus,0.63,0.37,0.63
219,white_wine_0260,0b970064f1f2f2ce,5.8,0.36,0.38,0.9,0.037,3,75,0.9904,3.28,0.34,11.4,quality_below_7,quality_below_7,0.13,0.87,0.87
221,white_wine_0262,375090f23752a626,6.9,0.29,0.4,19.45,0.043,36,156,0.9996,2.93,0.47,8.9,quality_below_7,quality_below_7,0.1,0.9,0.9
226,white_wine_0268,186d88d04d5ed636,5.3,0.58,0.07,6.9,0.043,34,149,0.9944,3.34,0.57,9.7,quality_below_7,quality_below_7,0.03,0.97,0.97
227,white_wine_0269,c00915bbc31957cb,5.3,0.585,0.07,7.1,0.044,34,145,0.9945,3.34,0.57,9.7,quality_below_7,quality_below_7,0.02,0.98,0.98
228,white_wine_0270,90a58f36b0fb0ff7,5.4,0.59,0.07,7,0.045,36,147,0.9944,3.34,0.57,9.7,quality_below_7,quality_below_7,0.02,0.98,0.98
244,white_wine_0287,d0f315b75f0f3ed8,6.5,0.28,0.33,15.7,0.053,51,190,0.9978,3.22,0.51,9.7,quality_below_7,quality_below_7,0.0,1.0,1.0
245,white_wine_0288,68bb868b37ed7bac,7.2,0.23,0.39,14.2,0.058,49,192,0.9979,2.98,0.48,9,quality_7_plus,quality_below_7,0.02,0.98,0.98
251,white_wine_0297,188d4f627c6a0dca,8.3,0.39,0.7,10.6,0.045,33,169,0.9976,3.09,0.57,9.4,quality_below_7,quality_below_7,0.05,0.95,0.95
259,white_wine_0307,dc11bf6685041b13,7.2,0.43,0.24,6.7,0.058,40,163,0.995,3.2,0.41,9.9,quality_below_7,quality_below_7,0.0,1.0,1.0
262,white_wine_0310,9646a1db1e6bf7f8,6.2,0.31,0.26,4.8,0.037,36,148,0.9928,3.21,0.41,10.4,quality_below_7,quality_below_7,0.33,0.67,0.67
271,white_wine_0319,5bf2257d463809a2,5.9,0.3,0.47,7.85,0.03,19,133,0.9933,3.52,0.43,11.5,quality_7_plus,quality_below_7,0.38,0.62,0.62
283,white_wine_0333,64bc923d83dae80f,6.3,0.23,0.3,1.8,0.033,16,91,0.9906,3.28,0.4,11.8,quality_below_7,quality_below_7,0.42,0.58,0.58
285,white_wine_0335,8ffda3dd42550d28,5.6,0.26,0.26,5.7,0.031,12,80,0.9923,3.25,0.38,10.8,quality_below_7,quality_below_7,0.23,0.77,0.77
286,white_wine_0337,1fb8a8954009bd03,6.3,0.23,0.33,1.5,0.036,15,105,0.991,3.32,0.42,11.2,quality_below_7,quality_below_7,0.4,0.6,0.6
288,white_wine_0339,2c9639f97ff0cd19,5.9,0.26,0.4,1.3,0.047,12,139,0.9945,3.45,0.53,10.4,quality_below_7,quality_below_7,0.11,0.89,0.89
291,white_wine_0342,ca720524472e625e,8,0.24,0.36,1.5,0.047,17,129,0.9948,3.2,0.54,10,quality_below_7,quality_below_7,0.01,0.99,0.99
292,white_wine_0343,537585641b013542,6.4,0.26,0.42,9.7,0.044,30,140,0.9962,3.18,0.47,9.1,quality_below_7,quality_below_7,0.01,0.99,0.99
300,white_wine_0351,0fe9e33a849cf420,6.3,0.12,0.36,2.1,0.044,47,146,0.9914,3.27,0.74,11.4,quality_7_plus,quality_7_plus,0.65,0.35,0.65
304,white_wine_0356,98703eaa6e4acae7,7.3,0.22,0.37,14.3,0.063,48,191,0.9978,2.89,0.38,9,quality_below_7,quality_below_7,0.13,0.87,0.87
305,white_wine_0358,85486fa9339f67b5,6.1,0.36,0.33,1.1,0.05,24,169,0.9927,3.15,0.78,9.5,quality_below_7,quality_below_7,0.06,0.94,0.94
308,white_wine_0361,88acd7cbf599b8e6,6.4,0.24,0.32,14.9,0.047,54,162,0.9968,3.28,0.5,10.2,quality_below_7,quality_below_7,0.03,0.97,0.97
311,white_wine_0365,a21ff409b3f8d73b,6.8,0.16,0.4,2.3,0.037,18,102,0.9923,3.49,0.42,11.4,quality_7_plus,quality_below_7,0.41,0.59,0.59
316,white_wine_0370,92f6ff2ceced03a7,7.1,0.39,0.35,12.5,0.044,26,72,0.9941,3.17,0.29,11.6,quality_below_7,quality_below_7,0.45,0.55,0.55
324,white_wine_0383,8c9b295f3137c826,7.5,0.35,0.28,9.6,0.051,26,157,0.9969,3.12,0.53,9.2,quality_below_7,quality_below_7,0.03,0.97,0.97
336,white_wine_0398,19480aa44e43a901,6.3,0.2,0.4,1.5,0.037,35,107,0.9917,3.46,0.5,11.4,quality_below_7,quality_below_7,0.36,0.64,0.64
340,white_wine_0404,60b6a496a9fe0562,7.1,0.27,0.31,18.2,0.046,55,252,1,3.07,0.56,8.7,quality_below_7,quality_below_7,0.04,0.96,0.96
344,white_wine_0409,434dd1ccac250868,6.3,0.14,0.39,1.2,0.044,26,116,0.992,3.26,0.53,10.3,quality_below_7,quality_below_7,0.05,0.95,0.95
355,white_wine_0428,1c4d75f4b625cf1b,6.8,0.29,0.5,13.3,0.053,48,194,0.9974,3.09,0.45,9.4,quality_below_7,quality_below_7,0.01,0.99,0.99
356,white_wine_0429,429a106978c1df5f,7.8,0.21,0.27,1.2,0.051,20,89,0.9936,3.06,0.46,9.1,quality_below_7,quality_below_7,0.11,0.89,0.89
357,white_wine_0430,664a36ba19ab3619,7.1,0.31,0.47,13.6,0.056,54,197,0.9978,3.1,0.49,9.3,quality_below_7,quality_below_7,0.02,0.98,0.98
367,white_wine_0442,8874f857d02506c4,6.1,0.38,0.2,6.6,0.033,25,137,0.9938,3.3,0.69,10.4,quality_below_7,quality_below_7,0.23,0.77,0.77
372,white_wine_0447,a70d677332e82913,5.8,0.28,0.27,2.6,0.054,30,156,0.9914,3.53,0.42,12.4,quality_below_7,quality_below_7,0.47,0.53,0.53
392,white_wine_0472,64fb5648244b63f8,6.5,0.38,0.34,3.4,0.036,34,200,0.9937,3.14,0.76,10,quality_below_7,quality_below_7,0.08,0.92,0.92
393,white_wine_0473,742cae315bcef391,6.6,0.24,0.29,2,0.023,19,86,0.99,3.25,0.45,12.5,quality_below_7,quality_below_7,0.3,0.7,0.7
399,white_wine_0479,b7f40aa2d04af44c,7.1,0.55,0.13,1.7,0.073,21,165,0.994,2.97,0.58,9.2,quality_below_7,quality_below_7,0.03,0.97,0.97
401,white_wine_0481,10989d98f9752718,6.7,0.47,0.34,8.9,0.043,31,172,0.9964,3.22,0.6,9.2,quality_below_7,quality_below_7,0.01,0.99,0.99
413,white_wine_0494,7e63ab07ef2ee08b,6.3,0.19,0.28,1.8,0.022,28,158,0.9907,3.2,0.64,11.4,quality_below_7,quality_below_7,0.38,0.62,0.62
416,white_wine_0497,1d4e4aa2dfdbbe5a,7.2,0.4,0.62,10.8,0.041,70,189,0.9976,3.08,0.49,8.6,quality_below_7,quality_below_7,0.01,0.99,0.99
424,white_wine_0507,7617d6d645dc5b2b,7.3,0.51,0.26,3.3,0.09,7,135,0.9944,3.01,0.52,8.8,quality_below_7,quality_below_7,0.04,0.96,0.96
430,white_wine_0514,f0fb78f4b58e9479,7.4,0.36,0.33,1.4,0.025,27,55,0.9915,3.21,0.33,11.2,quality_below_7,quality_below_7,0.27,0.73,0.73
433,white_wine_0517,79cb421639befa98,6.8,0.18,0.37,1.6,0.055,47,154,0.9934,3.08,0.45,9.1,quality_below_7,quality_below_7,0.15,0.85,0.85
435,white_wine_0519,6a4ee089d91612bd,5.9,0.13,0.28,1.9,0.05,20,78,0.9918,3.43,0.64,10.8,quality_below_7,quality_below_7,0.33,0.67,0.67
441,white_wine_0526,0e04810568abd4c0,5.9,0.32,0.39,3.3,0.114,24,140,0.9934,3.09,0.45,9.2,quality_below_7,quality_below_7,0.0,1.0,1.0
446,white_wine_0531,9ccd52c5e2cdce87,6.4,0.1,0.35,4.9,0.048,31,103,0.9947,3.43,0.79,9.7,quality_below_7,quality_below_7,0.4,0.6,0.6
453,white_wine_0542,efb9f0758f1d3207,7.2,0.46,0.65,10.4,0.05,76,192,0.9976,3.16,0.42,8.7,quality_below_7,quality_below_7,0.01,0.99,0.99
457,white_wine_0546,3072312c94091565,6.4,0.16,0.22,1.4,0.04,41,149,0.9933,3.49,0.58,10,quality_below_7,quality_below_7,0.24,0.76,0.76
459,white_wine_0548,cf49a939445b4cd4,7.7,0.22,0.42,1.9,0.052,10,87,0.9922,3.3,0.49,11.8,quality_below_7,quality_below_7,0.21,0.79,0.79
463,white_wine_0553,139a6b7405329ae6,7.8,0.28,0.34,1.6,0.028,32,118,0.9901,3,0.38,12.1,quality_7_plus,quality_below_7,0.34,0.66,0.66
464,white_wine_0557,ef43b264ebc8bd80,8.4,0.35,0.71,12.2,0.046,22,160,0.9982,2.98,0.65,9.4,quality_below_7,quality_below_7,0.04,0.96,0.96
475,white_wine_0568,85120aae8e265ded,6,0.26,0.5,2.2,0.048,59,153,0.9928,3.08,0.61,9.8,quality_below_7,quality_below_7,0.08,0.92,0.92
483,white_wine_0576,ac9080fae2730939,8.2,0.22,0.3,1.8,0.047,47,185,0.9933,3.13,0.5,10.2,quality_below_7,quality_below_7,0.06,0.94,0.94
487,white_wine_0582,d1f02c0c2e243502,5.7,0.18,0.22,4.2,0.042,25,111,0.994,3.35,0.39,9.4,quality_below_7,quality_below_7,0.04,0.96,0.96
493,white_wine_0589,0cfc077c76df7f66,6.9,0.28,0.27,2.1,0.036,42,121,0.9926,3.42,0.49,10.8,quality_7_plus,quality_7_plus,0.54,0.46,0.54
495,white_wine_0591,44d3899a7de93740,7.1,0.31,0.5,14.5,0.059,6,148,0.9983,2.94,0.44,9.1,quality_below_7,quality_below_7,0.09,0.91,0.91
498,white_wine_0594,c9f1dcb3495518d4,6.4,0.45,0.07,1.1,0.03,10,131,0.9905,2.97,0.28,10.8,quality_below_7,quality_below_7,0.07,0.93,0.93
500,white_wine_0596,237e9691b50918bb,6.3,0.27,0.38,0.9,0.051,7,140,0.9926,3.45,0.5,10.5,quality_7_plus,quality_below_7,0.25,0.75,0.75
501,white_wine_0598,a3aeefce44bfe5a4,7,0.29,0.37,4.9,0.034,26,127,0.9928,3.17,0.44,10.8,quality_below_7,quality_below_7,0.15,0.85,0.85
503,white_wine_0600,4fb603c7d3067613,6.9,0.19,0.4,1.4,0.036,14,55,0.9909,3.08,0.68,11.5,quality_7_plus,quality_below_7,0.21,0.79,0.79
508,white_wine_0609,d00f9a7d6a18b447,6.1,0.28,0.25,17.75,0.044,48,161,0.9993,3.34,0.48,9.5,quality_below_7,quality_below_7,0.02,0.98,0.98
511,white_wine_0612,650a276817a21fb7,7.4,0.24,0.4,4.3,0.032,9,95,0.992,3.09,0.39,11.1,quality_below_7,quality_below_7,0.24,0.76,0.76
522,white_wine_0625,ef3bc059b49d6745,6,0.36,0.06,1.4,0.066,27,128,0.9934,3.26,0.55,9.3,quality_below_7,quality_below_7,0.06,0.94,0.94
525,white_wine_0628,dd108e8c284f4803,7,0.32,0.24,6.2,0.048,31,228,0.9957,3.23,0.62,9.4,quality_below_7,quality_below_7,0.02,0.98,0.98
527,white_wine_0631,925a1ebc5f0ad04f,7,0.23,0.42,18.05,0.05,35,144,0.9999,3.22,0.42,8.8,quality_below_7,quality_below_7,0.1,0.9,0.9
530,white_wine_0635,cbdd1bf87f90a210,6.1,0.17,0.28,4.5,0.033,46,150,0.9933,3.43,0.49,10.9,quality_below_7,quality_below_7,0.47,0.53,0.53
531,white_wine_0636,24bf6d87199c9c43,5.9,0.14,0.25,4.5,0.027,34,140,0.9934,3.49,0.51,10.8,quality_below_7,quality_below_7,0.45,0.55,0.55
532,white_wine_0637,4a7ddeafd739d225,6.2,0.17,0.28,4.7,0.037,39,133,0.9931,3.41,0.46,10.8,quality_7_plus,quality_below_7,0.48,0.52,0.52
535,white_wine_0640,a230b991ef79b7c1,5.8,0.335,0.14,5.8,0.046,49,197,0.9937,3.3,0.71,10.3,quality_below_7,quality_below_7,0.03,0.97,0.97
544,white_wine_0649,4590a3c17b2ee34c,6,0.32,0.12,5.9,0.041,34,190,0.9944,3.16,0.72,10,quality_below_7,quality_below_7,0.03,0.97,0.97
549,white_wine_0657,3d31f2d4bead3847,9,0.27,0.35,4.9,0.028,27,95,0.9932,3.04,0.4,11.3,quality_below_7,quality_below_7,0.3,0.7,0.7
553,white_wine_0661,378299d2421640b8,7.1,0.28,0.26,1.9,0.049,12,86,0.9934,3.15,0.38,9.4,quality_below_7,quality_below_7,0.03,0.97,0.97
556,white_wine_0665,43546dc0229e6562,7.1,0.17,0.38,7.4,0.052,49,182,0.9958,3.35,0.52,9.6,quality_below_7,quality_below_7,0.08,0.92,0.92
561,white_wine_0671,f2b23966ba11cd70,7.8,0.42,0.26,9.2,0.058,34,199,0.9972,3.14,0.55,9.3,quality_below_7,quality_below_7,0.0,1.0,1.0
566,white_wine_0676,168b09f66b4f80f7,6.1,0.28,0.25,6.9,0.056,44,201,0.9955,3.19,0.4,9.1,quality_below_7,quality_below_7,0.0,1.0,1.0
582,white_wine_0693,30f43039e9917be2,6,0.36,0.16,6.3,0.036,36,191,0.9942,3.17,0.62,9.8,quality_below_7,quality_below_7,0.0,1.0,1.0
585,white_wine_0696,9274cd5e7bdccc9e,6.3,0.34,0.28,14.7,0.047,49,198,0.9977,3.23,0.46,9.5,quality_below_7,quality_below_7,0.03,0.97,0.97
588,white_wine_0700,33587d4f8f91776c,7.4,0.31,0.48,14.2,0.042,62,204,0.9983,3.06,0.59,9.4,quality_below_7,quality_below_7,0.01,0.99,0.99
597,white_wine_0709,d47b6a5f07409416,7.7,0.2,0.44,13.9,0.05,44,130,0.99855,3.11,0.48,10,quality_below_7,quality_below_7,0.13,0.87,0.87
599,white_wine_0711,c9ee3aa3aa70b03d,6.1,0.25,0.24,12.1,0.046,51,172,0.998,3.35,0.45,9.5,quality_below_7,quality_below_7,0.0,1.0,1.0
601,white_wine_0714,8d6c4283139a4f09,6.4,0.31,0.39,7.5,0.04,57,213,0.99475,3.32,0.43,10,quality_below_7,quality_below_7,0.08,0.92,0.92
607,white_wine_0721,430d5cab7c22a2a8,6.6,0.29,0.44,9,0.053,62,178,0.99685,3.02,0.45,8.9,quality_below_7,quality_below_7,0.01,0.99,0.99
610,white_wine_0724,4a325e1c3f3682f2,6.6,0.33,0.31,1.3,0.02,29,89,0.99035,3.26,0.44,12.4,quality_7_plus,quality_below_7,0.32,0.68,0.68
636,white_wine_0755,4cad5b6e991ca4ff,5.9,0.35,0.47,2.2,0.11,14,138,0.9932,3.09,0.5,9.1,quality_below_7,quality_below_7,0.0,1.0,1.0
650,white_wine_0771,e23491f45c83c694,6.8,0.12,0.31,5.2,0.045,29,120,0.9942,3.41,0.46,9.8,quality_7_plus,quality_below_7,0.21,0.79,0.79
656,white_wine_0777,38f8e17da0d860c0,8.3,0.14,0.45,1.5,0.039,18,98,0.99215,3.02,0.56,11,quality_below_7,quality_below_7,0.22,0.78,0.78
660,white_wine_0781,5b0a5135337a5ccc,6,0.395,0,1.4,0.042,7,55,0.99135,3.37,0.38,11.2,quality_below_7,quality_below_7,0.17,0.83,0.83
670,white_wine_0798,898f0e5330d3d345,6.9,0.24,0.33,12.5,0.046,47,153,0.9983,3.28,0.77,9.6,quality_below_7,quality_below_7,0.06,0.94,0.94
672,white_wine_0800,6e3300009bbbd9f6,6,0.18,0.31,1.4,0.036,14,75,0.99085,3.34,0.58,11.1,quality_7_plus,quality_7_plus,0.5,0.5,0.5
673,white_wine_0801,9b51abdbfe819815,7.8,0.27,0.58,11.2,0.036,44,161,0.9977,3.06,0.41,8.9,quality_below_7,quality_below_7,0.02,0.98,0.98
674,white_wine_0802,1f986867c8487a8e,6,0.28,0.49,6.8,0.048,61,222,0.9953,3.19,0.47,9.3,quality_below_7,quality_below_7,0.0,1.0,1.0
677,white_wine_0805,90a430742f1cd100,7.3,0.32,0.34,6.6,0.032,24,112,0.99505,3.22,0.46,9.8,quality_below_7,quality_below_7,0.05,0.95,0.95
683,white_wine_0813,7b6bcba4f0832eed,6.4,0.35,0.28,1.1,0.055,9,160,0.99405,3.42,0.5,9.1,quality_7_plus,quality_below_7,0.02,0.98,0.98
684,white_wine_0814,a5c22c32cc1abd9e,6.5,0.26,0.32,16.5,0.045,44,166,1,3.38,0.46,9.5,quality_below_7,quality_below_7,0.03,0.97,0.97
690,white_wine_0822,a0622806e3bbd2a9,7.3,0.655,0.2,10.2,0.071,28,212,0.9971,2.96,0.58,9.2,quality_below_7,quality_below_7,0.0,1.0,1.0
694,white_wine_0827,7576c830762197a4,6.8,0.25,0.38,8.1,0.046,24,155,0.9956,3.33,0.59,10.2,quality_below_7,quality_below_7,0.14,0.86,0.86
698,white_wine_0831,5b5bf48447183181,7.3,0.205,0.31,1.7,0.06,34,110,0.9963,3.72,0.69,10.5,quality_below_7,quality_below_7,0.24,0.76,0.76
703,white_wine_0837,fc8d920df2ccce99,7.3,0.25,0.36,2.1,0.034,30,177,0.99085,3.25,0.4,11.9,quality_7_plus,quality_below_7,0.4,0.6,0.6
715,white_wine_0856,9a57d100eac9d084,7.4,0.2,0.35,2.1,0.038,30,116,0.9949,3.49,0.77,10.3,quality_7_plus,quality_below_7,0.45,0.55,0.55
718,white_wine_0860,a00e510d72de9910,6.6,0.3,0.3,4.8,0.17,60,166,0.9946,3.18,0.47,9.4,quality_below_7,quality_below_7,0.0,1.0,1.0
719,white_wine_0861,0c9f45c965d252e4,8.1,0.27,0.35,1.7,0.03,38,103,0.99255,3.22,0.63,10.4,quality_7_plus,quality_below_7,0.17,0.83,0.83
720,white_wine_0862,d23076c033a5dfaf,7.3,0.25,0.42,14.2,0.041,57,182,0.9996,3.29,0.75,9.1,quality_7_plus,quality_below_7,0.21,0.79,0.79
725,white_wine_0868,4972171cefe758fe,7.8,0.18,0.46,12.6,0.042,41,143,1,3.24,0.76,8.5,quality_7_plus,quality_below_7,0.44,0.56,0.56
727,white_wine_0870,ca7bb40e5c547b12,7.3,0.24,0.29,1.2,0.037,37,97,0.9926,3.19,0.7,10.1,quality_below_7,quality_below_7,0.2,0.8,0.8
731,white_wine_0875,7cd92c4cf5a2aa7a,7.7,0.15,0.29,1.3,0.029,10,64,0.9932,3.35,0.39,10.1,quality_below_7,quality_below_7,0.14,0.86,0.86
740,white_wine_0886,a8e3efd6b1164d4c,6.1,0.34,0.27,2.6,0.024,20,105,0.9906,3.4,0.67,12.2,quality_7_plus,quality_7_plus,0.66,0.34,0.66
744,white_wine_0892,6219eb8e9fe0dacd,5.8,0.26,0.18,1.2,0.031,40,114,0.9908,3.42,0.4,11,quality_7_plus,quality_below_7,0.37,0.63,0.63
745,white_wine_0893,e0ea7796dd1b45b2,5.9,0.26,0.3,1,0.036,38,114,0.9928,3.58,0.48,9.4,quality_below_7,quality_below_7,0.2,0.8,0.8
746,white_wine_0894,821d88c6a956eed8,7,0.31,0.29,1.4,0.037,33,128,0.9896,3.12,0.36,12.2,quality_7_plus,quality_below_7,0.31,0.69,0.69
749,white_wine_0898,763813f7a40c4948,7,0.29,0.26,1.6,0.044,12,87,0.9923,3.08,0.46,10.5,quality_below_7,quality_below_7,0.11,0.89,0.89
777,white_wine_0927,23c92f0c961faa40,5.4,0.595,0.1,2.8,0.042,26,80,0.9932,3.36,0.38,9.3,quality_below_7,quality_below_7,0.13,0.87,0.87
778,white_wine_0928,162ee7e08758433c,6.7,0.25,0.33,2.9,0.057,52,173,0.9934,3.02,0.48,9.5,quality_7_plus,quality_below_7,0.04,0.96,0.96
779,white_wine_0929,83cf18f4b844b2d8,6.5,0.25,0.35,12,0.055,47,179,0.998,3.58,0.47,10,quality_below_7,quality_below_7,0.04,0.96,0.96
781,white_wine_0931,d28772b27d231994,7.7,0.17,0.52,5.9,0.017,21,84,0.9929,3.14,0.4,11.9,quality_7_plus,quality_below_7,0.37,0.63,0.63
788,white_wine_0939,4ce157e395a1be78,6.2,0.35,0.29,7.3,0.044,56,244,0.9956,3.36,0.55,10,quality_below_7,quality_below_7,0.06,0.94,0.94
790,white_wine_0941,b741458c7f4d9635,6.2,0.34,0.28,7.5,0.034,40,197,0.99485,3.14,0.6,9.7,quality_below_7,quality_below_7,0.02,0.98,0.98
794,white_wine_0945,bbed73b0b555bc64,6.5,0.18,0.33,8,0.051,16,131,0.9965,3.28,0.44,8.7,quality_7_plus,quality_below_7,0.13,0.87,0.87
795,white_wine_0946,52d20ae134641f8c,6.7,0.15,0.29,5,0.058,28,105,0.9946,3.52,0.44,10.2,quality_7_plus,quality_below_7,0.15,0.85,0.85
796,white_wine_0947,94e5017d847fde67,8.2,0.345,1,18.2,0.047,55,205,0.99965,2.96,0.43,9.6,quality_below_7,quality_below_7,0.03,0.97,0.97
800,white_wine_0951,1eea5b2160b72ac5,7.6,0.345,0.26,1.9,0.043,15,134,0.9936,3.08,0.38,9.5,quality_below_7,quality_below_7,0.0,1.0,1.0
808,white_wine_0962,2e40c184a4bcfb35,8,0.42,0.36,5,0.037,34,101,0.992,3.13,0.57,12.3,quality_7_plus,quality_7_plus,0.66,0.34,0.66
809,white_wine_0964,cfc15038ebbd7c18,6.1,0.19,0.25,4,0.023,23,112,0.9923,3.37,0.51,11.6,quality_below_7,quality_below_7,0.37,0.63,0.63
811,white_wine_0966,f7886029cc0d8439,8.3,0.23,0.43,3.2,0.035,14,101,0.9928,3.15,0.36,11.5,quality_below_7,quality_below_7,0.14,0.86,0.86
812,white_wine_0967,8738aba64dc35174,6.5,0.34,0.28,1.8,0.041,43,188,0.9928,3.13,0.37,9.6,quality_below_7,quality_below_7,0.01,0.99,0.99
814,white_wine_0969,9aee4dd5b15782c3,6.5,0.08,0.33,1.9,0.028,23,93,0.991,3.34,0.7,12,quality_7_plus,quality_7_plus,0.59,0.41,0.59
818,white_wine_0975,8d86b4c02ecec507,7.1,0.13,0.38,1.8,0.046,14,114,0.9925,3.32,0.9,11.7,quality_below_7,quality_below_7,0.45,0.55,0.55
821,white_wine_0978,1f570516ec76af53,6.5,0.14,0.33,7.6,0.05,53,189,0.9966,3.25,0.49,8.6,quality_below_7,quality_below_7,0.1,0.9,0.9
835,white_wine_0994,f4dfb81161d68145,7,0.24,0.18,1.3,0.046,9,62,0.994,3.38,0.47,10.1,quality_below_7,quality_below_7,0.09,0.91,0.91
838,white_wine_0997,0844d80f34ce2970,6,0.26,0.34,1.3,0.046,6,29,0.9924,3.29,0.63,10.4,quality_below_7,quality_below_7,0.14,0.86,0.86
839,white_wine_0998,475e7e20f21819d2,6.1,0.24,0.27,9.8,0.062,33,152,0.9966,3.31,0.47,9.5,quality_below_7,quality_below_7,0.02,0.98,0.98
840,white_wine_0999,0092a49c5432db3d,8,0.24,0.3,17.45,0.056,43,184,0.9997,3.05,0.5,9.2,quality_below_7,quality_below_7,0.12,0.88,0.88
841,white_wine_1000,d4709974ed3d251c,7.6,0.21,0.6,2.1,0.046,47,165,0.9936,3.05,0.54,10.1,quality_7_plus,quality_below_7,0.15,0.85,0.85
843,white_wine_1002,b007d024a901b898,6.4,0.28,0.41,6.8,0.045,61,216,0.9952,3.09,0.46,9.4,quality_below_7,quality_below_7,0.0,1.0,1.0
845,white_wine_1004,79efb9189c12db5d,6.9,0.24,0.39,1.3,0.063,18,136,0.9928,3.31,0.48,10.4,quality_7_plus,quality_below_7,0.05,0.95,0.95
856,white_wine_1016,3fa9b03a00fc466a,7.6,0.39,0.22,2.8,0.036,19,113,0.9926,3.03,0.29,10.2,quality_below_7,quality_below_7,0.06,0.94,0.94
861,white_wine_1023,f06afb9aafef0520,6.8,0.19,0.32,7.05,0.019,54,188,0.9935,3.25,0.37,11.1,quality_7_plus,quality_below_7,0.31,0.69,0.69
866,white_wine_1028,70cdcd9a1015a9b9,8,0.55,0.17,8.2,0.04,13,60,0.9956,3.09,0.3,9.5,quality_below_7,quality_below_7,0.01,0.99,0.99
875,white_wine_1038,1adbb1b4b23ae94f,7.1,0.47,0.24,6,0.044,11,77,0.9956,3.21,0.56,9.7,quality_below_7,quality_below_7,0.04,0.96,0.96
881,white_wine_1044,a9e7759cfbfcd7cf,7.5,0.33,0.48,19.45,0.048,55,243,1.001,2.95,0.4,8.8,quality_below_7,quality_below_7,0.07,0.93,0.93
888,white_wine_1051,52c9d14ed2db5c6b,7.3,0.24,0.34,7.5,0.048,29,152,0.9962,3.1,0.54,9,quality_below_7,quality_below_7,0.05,0.95,0.95
892,white_wine_1056,9660598c96a38232,8.6,0.26,0.41,2.2,0.049,29,111,0.9941,2.96,0.44,10,quality_below_7,quality_below_7,0.01,0.99,0.99
903,white_wine_1068,dd1f0749f64dd507,7.5,0.19,0.34,2.6,0.037,33,125,0.9923,3.1,0.49,11.1,quality_7_plus,quality_below_7,0.22,0.78,0.78
911,white_wine_1077,149df193738cf26a,7.5,0.28,0.33,7.7,0.048,42,180,0.9974,3.37,0.59,10.1,quality_below_7,quality_below_7,0.03,0.97,0.97
912,white_wine_1078,46f8fe231ed6f15b,7.8,0.26,0.44,1.3,0.037,43,132,0.9944,3.18,0.65,10,quality_below_7,quality_below_7,0.08,0.92,0.92
921,white_wine_1088,1b117f35c10ca08f,7,0.24,0.32,1.3,0.037,39,123,0.992,3.17,0.42,11.2,quality_7_plus,quality_below_7,0.23,0.77,0.77
922,white_wine_1090,7ad9802e90ad2351,7,0.17,0.33,4,0.034,17,127,0.9934,3.19,0.39,10.6,quality_7_plus,quality_below_7,0.27,0.73,0.73
923,white_wine_1091,a369dc0eb341124b,8.3,0.21,0.58,17.1,0.049,62,213,1.0006,3.01,0.51,9.3,quality_below_7,quality_below_7,0.18,0.82,0.82
928,white_wine_1096,0b64a0301bb6b88e,5.3,0.24,0.33,1.3,0.033,25,97,0.9906,3.59,0.38,11,quality_7_plus,quality_7_plus,0.56,0.44,0.56
929,white_wine_1097,9568a1f900151ed9,6.5,0.28,0.26,8.8,0.04,44,139,0.9956,3.32,0.37,10.2,quality_below_7,quality_below_7,0.1,0.9,0.9
935,white_wine_1106,4e07310e46103d77,5.5,0.32,0.45,4.9,0.028,25,191,0.9922,3.51,0.49,11.5,quality_7_plus,quality_7_plus,0.56,0.44,0.56
937,white_wine_1109,4810738ddcc274b6,6.1,0.29,0.27,1.7,0.024,13,76,0.9893,3.21,0.51,12.6,quality_7_plus,quality_below_7,0.36,0.64,0.64
944,white_wine_1117,2e0906750594b46d,5.9,0.415,0.13,1.4,0.04,11,64,0.9922,3.29,0.52,10.5,quality_below_7,quality_below_7,0.02,0.98,0.98
947,white_wine_1120,4804366deadf015f,6.4,0.5,0.16,12.9,0.042,26,138,0.9974,3.28,0.33,9,quality_below_7,quality_below_7,0.04,0.96,0.96
949,white_wine_1122,0357cb6c1c72633d,6,0.4,0.3,1.6,0.047,30,117,0.9931,3.17,0.48,10.1,quality_below_7,quality_below_7,0.04,0.96,0.96
951,white_wine_1124,d726cd31b7623552,9.8,0.36,0.45,1.6,0.042,11,124,0.9944,2.93,0.46,10.8,quality_below_7,quality_below_7,0.07,0.93,0.93
961,white_wine_1134,1701264fcf695c36,8.7,0.22,0.42,2.3,0.053,27,114,0.994,2.99,0.43,10,quality_below_7,quality_below_7,0.04,0.96,0.96
975,white_wine_1149,1474bb5ad2ed5f89,7,0.17,0.37,5.7,0.025,29,111,0.9938,3.2,0.49,10.8,quality_below_7,quality_below_7,0.31,0.69,0.69
987,white_wine_1166,88a998093d9baef5,6,0.24,0.32,6.3,0.03,34,129,0.9946,3.52,0.41,10.4,quality_below_7,quality_below_7,0.31,0.69,0.69
990,white_wine_1169,b5a1fb73bc730aa4,7.2,0.2,0.38,1,0.037,21,74,0.9918,3.21,0.37,11,quality_below_7,quality_below_7,0.14,0.86,0.86
993,white_wine_1173,9eff6085fcaa8c93,7.6,0.21,0.44,1.9,0.036,10,119,0.9913,3.01,0.7,12.8,quality_below_7,quality_below_7,0.39,0.61,0.61
995,white_wine_1175,4fdf5c8b99ef5b5d,7.2,0.26,0.26,12.7,0.036,49,214,0.9986,3.41,0.5,10,quality_below_7,quality_below_7,0.28,0.72,0.72
1004,white_wine_1186,ba8cc0e81563be3b,6.5,0.41,0.64,11.8,0.065,65,225,0.9978,3.12,0.51,8.9,quality_below_7,quality_below_7,0.01,0.99,0.99
1011,white_wine_1194,12eb06d0b729064f,7.3,0.22,0.4,14.75,0.042,44.5,129.5,0.9998,3.36,0.41,9.1,quality_7_plus,quality_below_7,0.14,0.86,0.86
1012,white_wine_1195,3bf56e219f9a10fe,6.2,0.37,0.22,8.3,0.025,36,216,0.9964,3.33,0.6,9.6,quality_below_7,quality_below_7,0.17,0.83,0.83
1018,white_wine_1204,734119e915169835,5,0.33,0.16,1.5,0.049,10,97,0.9917,3.48,0.44,10.7,quality_below_7,quality_below_7,0.13,0.87,0.87
1026,white_wine_1215,f97091faf5f57819,9.7,0.24,0.45,1.2,0.033,11,59,0.9926,2.74,0.47,10.8,quality_below_7,quality_below_7,0.11,0.89,0.89
1027,white_wine_1216,adae54cee7d4b4cf,8,0.28,0.42,7.1,0.045,41,169,0.9959,3.17,0.43,10.6,quality_below_7,quality_below_7,0.11,0.89,0.89
1045,white_wine_1238,7787861e781acb15,7.3,0.24,0.39,3.6,0.024,35,116,0.9928,3.17,0.51,10.9,quality_below_7,quality_below_7,0.21,0.79,0.79
1046,white_wine_1239,da9a49f6408b1477,7.1,0.44,0.37,2.7,0.041,35,128,0.9896,3.07,0.43,13.5,quality_7_plus,quality_7_plus,0.71,0.29,0.71
1056,white_wine_1250,95cf166bb02c0b5e,8.4,0.57,0.44,10.7,0.051,46,195,0.9981,3.15,0.51,10.4,quality_below_7,quality_below_7,0.03,0.97,0.97
1063,white_wine_1257,0ab3bedcbc5efac4,7.3,0.18,0.65,1.4,0.046,28,157,0.9946,3.33,0.62,9.4,quality_below_7,quality_below_7,0.08,0.92,0.92
1069,white_wine_1264,2493fdaa463c0e9a,9.6,0.29,0.46,1.45,0.039,77.5,223,0.9944,2.92,0.46,9.5,quality_below_7,quality_below_7,0.06,0.94,0.94
1074,white_wine_1269,f1fb8feca1b9ede7,7.6,0.31,0.29,10.5,0.04,21,145,0.9966,3.04,0.35,9.4,quality_below_7,quality_below_7,0.02,0.98,0.98
1076,white_wine_1272,cb66199b539f47f0,8.1,0.5,0.47,1.1,0.037,23,126,0.9938,3.21,0.42,10.9,quality_below_7,quality_below_7,0.12,0.88,0.88
1081,white_wine_1281,2122a43137bcadb0,7.8,0.16,0.41,1.7,0.026,29,140,0.991,3.02,0.78,12.5,quality_below_7,quality_below_7,0.33,0.67,0.67
1085,white_wine_1287,ff4f6c5002ef4f1e,6.6,0.16,0.29,1.8,0.05,40,147,0.9912,3.06,0.44,11.4,quality_7_plus,quality_below_7,0.39,0.61,0.61
1102,white_wine_1305,d65492cfb62cfe1f,8,0.59,0.71,17.35,0.038,61,228,1,2.95,0.75,9.3,quality_below_7,quality_below_7,0.1,0.9,0.9
1103,white_wine_1306,6fafda4373b64d45,7.9,0.14,0.45,1.8,0.05,17,114,0.9948,3.33,0.49,10.7,quality_7_plus,quality_below_7,0.13,0.87,0.87
1105,white_wine_1308,c01c984d29582453,9.7,0.14,0.59,1.5,0.049,23,142,0.9958,2.98,0.62,9.5,quality_below_7,quality_below_7,0.11,0.89,0.89
1109,white_wine_1312,e9ae6bab9c1f7b5d,6.3,0.23,0.22,3.75,0.039,37,116,0.9927,3.23,0.5,10.7,quality_below_7,quality_below_7,0.21,0.79,0.79
1114,white_wine_1317,912d589f595b13ba,7.9,0.255,0.26,2,0.026,40,190,0.9932,3.04,0.39,11.2,quality_below_7,quality_below_7,0.26,0.74,0.74
1116,white_wine_1319,42f64271f0439997,6.4,0.15,0.31,1.1,0.044,25,96,0.9932,3.54,0.51,10.3,quality_below_7,quality_below_7,0.31,0.69,0.69
1131,white_wine_1334,687be6b7ef02178c,7.8,0.21,0.39,1.8,0.034,62,180,0.991,3.09,0.75,12.6,quality_7_plus,quality_7_plus,0.51,0.49,0.51
1134,white_wine_1337,42f241d53c917b06,7.8,0.29,0.36,7,0.042,38,161,0.9941,3.26,0.37,11.2,quality_7_plus,quality_below_7,0.1,0.9,0.9
1135,white_wine_1338,479189371b2ebe60,6.7,0.18,0.3,6.4,0.048,40,251,0.9956,3.29,0.52,10,quality_below_7,quality_below_7,0.1,0.9,0.9
1140,white_wine_1345,e664818952c1b8c5,7.3,0.23,0.37,1.9,0.041,51,165,0.9908,3.26,0.4,12.2,quality_7_plus,quality_below_7,0.44,0.56,0.56
1141,white_wine_1346,8e59479b8d16461e,7.3,0.39,0.37,1.1,0.043,36,113,0.991,3.39,0.48,12.7,quality_7_plus,quality_7_plus,0.6,0.4,0.6
1144,white_wine_1350,7b800bba63229abb,9.2,0.35,0.39,0.9,0.042,15,61,0.9924,2.96,0.28,10.4,quality_below_7,quality_below_7,0.1,0.9,0.9
1148,white_wine_1356,1218cae44787c5f2,7.6,0.19,0.41,1.1,0.04,38,143,0.9907,2.92,0.42,11.4,quality_below_7,quality_below_7,0.1,0.9,0.9
1156,white_wine_1364,168e5868defcb60b,6.9,0.32,0.16,1.4,0.051,15,96,0.994,3.22,0.38,9.5,quality_below_7,quality_below_7,0.02,0.98,0.98
1166,white_wine_1377,8480f665dfb4a87c,6.9,0.27,0.41,1.7,0.047,6,134,0.9929,3.15,0.69,11.4,quality_below_7,quality_below_7,0.09,0.91,0.91
1172,white_wine_1383,ccc0ba1493905c3b,6.6,0.56,0.16,3.1,0.045,28,92,0.994,3.12,0.35,9.1,quality_below_7,quality_below_7,0.01,0.99,0.99
1177,white_wine_1388,1fe3cee4720f5156,6.6,0.42,0.33,2.8,0.034,15,85,0.99,3.28,0.51,13.4,quality_below_7,quality_7_plus,0.55,0.45,0.55
1179,white_wine_1390,a66afe6f4873bbe3,8.1,0.19,0.4,0.9,0.037,73,180,0.9926,3.06,0.34,10,quality_below_7,quality_below_7,0.19,0.81,0.81
1181,white_wine_1392,06fa3560d25bc45e,6.2,0.16,0.47,1.4,0.029,23,81,0.99,3.26,0.42,12.2,quality_below_7,quality_below_7,0.38,0.62,0.62
1184,white_wine_1398,aaf1695866e8bd4d,7.3,0.25,0.36,13.1,0.05,35,200,0.9986,3.04,0.46,8.9,quality_7_plus,quality_below_7,0.11,0.89,0.89
1194,white_wine_1411,7421d4bcc03e5d05,7.1,0.26,0.32,5.9,0.037,39,97,0.9934,3.31,0.4,11.6,quality_below_7,quality_below_7,0.41,0.59,0.59
1199,white_wine_1417,e47ace2ff067b9c8,6.6,0.23,0.26,1.3,0.045,16,128,0.9934,3.36,0.6,10,quality_below_7,quality_below_7,0.11,0.89,0.89
1202,white_wine_1420,31e02d79045f68c9,7.6,0.14,0.74,1.6,0.04,27,103,0.9916,3.07,0.4,10.8,quality_7_plus,quality_below_7,0.26,0.74,0.74
1203,white_wine_1421,01e1f993500b38ae,9.2,0.28,0.49,11.8,0.042,29,137,0.998,3.1,0.34,10.1,quality_below_7,quality_below_7,0.18,0.82,0.82
1206,white_wine_1424,de3805151d7174c0,9.8,0.25,0.74,10,0.056,36,225,0.9977,3.06,0.43,10,quality_below_7,quality_below_7,0.03,0.97,0.97
1208,white_wine_1427,beba1321d6893c76,7.2,0.22,0.49,1,0.045,34,140,0.99,3.05,0.34,12.7,quality_below_7,quality_below_7,0.29,0.71,0.71
1213,white_wine_1433,62bf61580e94fae1,6.5,0.36,0.49,2.9,0.03,16,94,0.9902,3.1,0.49,12.1,quality_7_plus,quality_below_7,0.28,0.72,0.72
1218,white_wine_1440,941832ccb0893dc9,6.1,0.25,0.49,7.6,0.052,67,226,0.9956,3.16,0.47,8.9,quality_below_7,quality_below_7,0.0,1.0,1.0
1223,white_wine_1445,b585e1ea5ab4822b,7.8,0.43,0.49,13,0.033,37,158,0.9955,3.14,0.35,11.3,quality_below_7,quality_below_7,0.38,0.62,0.62
1232,white_wine_1459,f445e935abea37d2,7.1,0.22,0.74,2.7,0.044,42,144,0.991,3.31,0.41,12.2,quality_below_7,quality_7_plus,0.55,0.45,0.55
1233,white_wine_1460,ee87896ff83eef11,7.9,0.11,0.49,4.5,0.048,27,133,0.9946,3.24,0.42,10.6,quality_below_7,quality_below_7,0.17,0.83,0.83
1256,white_wine_1490,20d9ef8ac4b99d76,7.9,0.16,0.74,17.85,0.037,52,187,0.9998,2.99,0.41,9.3,quality_below_7,quality_below_7,0.25,0.75,0.75
1262,white_wine_1496,a7e41c0fec2aefbe,7.6,0.29,0.49,9.6,0.03,45,197,0.9938,3.13,0.38,12.3,quality_7_plus,quality_7_plus,0.66,0.34,0.66
1266,white_wine_1500,65acbc13957a3f0f,6.7,0.51,0.24,2.1,0.043,14,155,0.9904,3.22,0.6,13,quality_below_7,quality_below_7,0.49,0.51,0.51
1293,white_wine_1532,5354586e95b32fbc,8.1,0.3,0.49,8.1,0.037,26,174,0.9943,3.1,0.3,11.2,quality_7_plus,quality_below_7,0.28,0.72,0.72
1296,white_wine_1535,d42d27b2cc505a19,7.1,0.18,0.74,15.6,0.044,44,176,0.9996,3.38,0.67,9,quality_below_7,quality_below_7,0.21,0.79,0.79
1297,white_wine_1536,42a193c3e7b65387,8.5,0.15,0.49,1.5,0.031,17,122,0.9932,3.03,0.4,10.3,quality_below_7,quality_below_7,0.16,0.84,0.84
1298,white_wine_1537,9f52cf5d13669675,8.9,0.13,0.49,1,0.028,6,24,0.9926,2.91,0.32,9.9,quality_below_7,quality_below_7,0.22,0.78,0.78
1302,white_wine_1543,cb55e6dec27b6e6a,7.2,0.16,0.49,1.3,0.037,27,104,0.9924,3.23,0.57,10.6,quality_below_7,quality_below_7,0.18,0.82,0.82
1304,white_wine_1546,55c44f7b8f86c08e,7.9,0.12,0.49,5.2,0.049,33,152,0.9952,3.18,0.47,10.6,quality_below_7,quality_below_7,0.27,0.73,0.73
1307,white_wine_1549,2fa3b4fa2754844a,7.1,0.36,0.24,1.8,0.025,32,102,0.9903,3.34,0.59,12.8,quality_below_7,quality_7_plus,0.81,0.19,0.81
1308,white_wine_1551,c55d38183c434178,7.9,0.18,0.49,5.2,0.051,36,157,0.9953,3.18,0.48,10.6,quality_below_7,quality_below_7,0.3,0.7,0.7
1316,white_wine_1560,bf99962874ece673,8.8,0.35,0.49,1,0.036,14,56,0.992,2.96,0.33,10.5,quality_below_7,quality_below_7,0.1,0.9,0.9
1317,white_wine_1561,a227a4411c0391fa,7.8,0.3,0.74,1.8,0.033,33,156,0.991,3.29,0.52,12.8,quality_below_7,quality_7_plus,0.69,0.31,0.69
1323,white_wine_1569,d1f17084f8e5bdef,7.4,0.3,0.49,8.2,0.055,49,188,0.9974,3.52,0.58,9.7,quality_below_7,quality_below_7,0.03,0.97,0.97
1326,white_wine_1573,c6bbc7aa21c0fa35,6.9,0.22,0.49,7,0.063,50,168,0.9957,3.54,0.5,10.3,quality_below_7,quality_below_7,0.13,0.87,0.87
1332,white_wine_1579,5d9fef23541115f1,6.4,0.18,0.74,11.9,0.046,54,168,0.9978,3.58,0.68,10.1,quality_below_7,quality_below_7,0.09,0.91,0.91
1334,white_wine_1581,23fc5542ada369df,9.8,0.31,0.49,15.4,0.046,13,119,1.0004,3.18,0.45,9.5,quality_below_7,quality_below_7,0.13,0.87,0.87
1338,white_wine_1586,9868988dc37ce33f,7.3,0.3,0.74,13.5,0.039,46,165,0.9982,3.02,0.4,8.7,quality_below_7,quality_below_7,0.03,0.97,0.97
1343,white_wine_1593,4d2f353f14312fc8,6.8,0.21,0.74,1.2,0.047,25,111,0.9916,3.13,0.41,10.7,quality_below_7,quality_below_7,0.21,0.79,0.79
1344,white_wine_1594,5c3b7cca5046488d,8.6,0.16,0.49,7.3,0.043,9,63,0.9953,3.13,0.59,10.5,quality_below_7,quality_below_7,0.14,0.86,0.86
1349,white_wine_1600,83904ebd63cf1200,6.7,0.33,0.49,1.6,0.167,20,94,0.9914,3.11,0.5,11.4,quality_below_7,quality_below_7,0.23,0.77,0.77
1350,white_wine_1602,0ad030bc0ae05bc5,8.2,0.34,0.49,8,0.046,55,223,0.996,3.08,0.52,10.7,quality_below_7,quality_below_7,0.07,0.93,0.93
1357,white_wine_1609,04d7f43c27d946d9,6.9,0.27,0.49,23.5,0.057,59,235,1.0024,2.98,0.47,8.6,quality_below_7,quality_below_7,0.04,0.96,0.96
1358,white_wine_1610,b2539d0723e012f5,8.1,0.2,0.49,11.8,0.048,46,212,0.9968,3.09,0.46,10,quality_7_plus,quality_below_7,0.15,0.85,0.85
1362,white_wine_1615,6ba4bca8c1ced041,8,0.29,0.49,11.7,0.035,40,131,0.9958,3.14,0.34,10.8,quality_below_7,quality_below_7,0.11,0.89,0.89
1365,white_wine_1618,579538fc85b8d224,6.2,0.2,0.49,1.6,0.065,17,143,0.9937,3.22,0.52,9.2,quality_below_7,quality_below_7,0.05,0.95,0.95
1376,white_wine_1631,91adef0ae26d55b5,6.9,0.25,0.24,1.8,0.053,6,121,0.993,3.23,0.7,11.4,quality_below_7,quality_below_7,0.13,0.87,0.87
1382,white_wine_1638,94415df23e3bdd83,8.1,0.12,0.49,1.2,0.042,43,160,0.9934,3.13,0.48,9.7,quality_below_7,quality_below_7,0.26,0.74,0.74
1386,white_wine_1643,7781ed4e5c9ce8ae,7.3,0.19,0.49,15.55,0.058,50,134,0.9998,3.42,0.36,9.1,quality_7_plus,quality_below_7,0.1,0.9,0.9
1395,white_wine_1654,82534e4e79141f59,7.9,0.33,0.28,31.6,0.053,35,176,1.0103,3.15,0.38,8.8,quality_below_7,quality_below_7,0.12,0.88,0.88
1396,white_wine_1655,b553abae40a41d8c,6.6,0.46,0.49,7.4,0.052,19,184,0.9956,3.11,0.38,9,quality_below_7,quality_below_7,0.0,1.0,1.0
1402,white_wine_1661,e838605812b14ade,6.6,0.27,0.49,7.8,0.049,62,217,0.9959,3.17,0.45,9.4,quality_below_7,quality_below_7,0.0,1.0,1.0
1408,white_wine_1668,a9771cce66e4ddb6,8.8,0.39,0.34,5.9,0.055,33,128,0.9927,2.95,0.51,11.8,quality_below_7,quality_below_7,0.25,0.75,0.75
1417,white_wine_1678,a5e0e61431d45741,7.3,0.23,0.37,1.8,0.032,60,156,0.992,3.11,0.35,11.1,quality_below_7,quality_below_7,0.26,0.74,0.74
1418,white_wine_1679,4a948e6f4e8a0589,6.2,0.3,0.2,6.6,0.045,42,170,0.9944,3.36,0.45,10.4,quality_below_7,quality_below_7,0.09,0.91,0.91
1419,white_wine_1680,0ffde30a77b2f666,6.4,0.35,0.2,5.7,0.034,18,117,0.9944,3.33,0.43,10.1,quality_below_7,quality_below_7,0.08,0.92,0.92
1420,white_wine_1681,992e00d37a323438,7.6,0.32,0.34,18.35,0.054,44,197,1.0008,3.22,0.55,9,quality_below_7,quality_below_7,0.06,0.94,0.94
1423,white_wine_1685,1675fc2751ff6e8c,7.3,0.26,0.33,17.85,0.049,41.5,195,1,3.06,0.44,9.1,quality_7_plus,quality_below_7,0.02,0.98,0.98
1430,white_wine_1695,2a966993ef39806a,7.7,0.12,0.32,1.4,0.06,47,150,0.9952,3.37,0.42,9.2,quality_below_7,quality_below_7,0.17,0.83,0.83
1434,white_wine_1700,c95c82e397918d16,6.3,0.26,0.29,2.2,0.043,35,175,0.9918,3.38,0.43,11.6,quality_below_7,quality_below_7,0.32,0.68,0.68
1435,white_wine_1701,1e3e2b2839200bca,6.7,0.26,0.3,1.8,0.043,25,121,0.9944,3.44,0.61,10.2,quality_below_7,quality_below_7,0.11,0.89,0.89
1440,white_wine_1706,e81b22b7479eeec1,6.6,0.25,0.31,1.5,0.035,32,127,0.9921,3.41,0.47,11.3,quality_below_7,quality_7_plus,0.51,0.49,0.51
1443,white_wine_1709,1965aacbde456fa6,7,0.61,0.26,1.7,0.051,25,161,0.9946,3.36,0.6,10.6,quality_below_7,quality_below_7,0.09,0.91,0.91
1447,white_wine_1713,00ca41612cd50ae3,7.9,0.18,0.37,3,0.061,25,178,0.995,3.22,0.51,10,quality_below_7,quality_below_7,0.09,0.91,0.91
1448,white_wine_1714,e7047b58bf933f09,6.6,0.34,0.27,6.2,0.059,23,136,0.9957,3.3,0.49,10.1,quality_below_7,quality_below_7,0.05,0.95,0.95
1454,white_wine_1720,89e64edcc8e699f5,5.8,0.23,0.27,1.8,0.043,24,69,0.9933,3.38,0.31,9.4,quality_below_7,quality_below_7,0.12,0.88,0.88
1459,white_wine_1726,0e86c15e4da56ecf,6.9,0.17,0.22,4.6,0.064,55,152,0.9952,3.29,0.37,9.3,quality_below_7,quality_below_7,0.07,0.93,0.93
1473,white_wine_1742,584b0d9b6b52cfa9,7.7,0.38,0.4,2,0.038,28,152,0.9906,3.18,0.32,12.9,quality_below_7,quality_7_plus,0.65,0.35,0.65
1474,white_wine_1743,4d8f722dd367cdc8,6.3,0.25,0.23,14.9,0.039,47,142,0.99705,3.14,0.35,9.7,quality_below_7,quality_below_7,0.03,0.97,0.97
1478,white_wine_1747,ae859475d0ff8386,7.5,0.22,0.29,4.8,0.05,33,87,0.994,3.14,0.42,9.9,quality_below_7,quality_below_7,0.13,0.87,0.87
1479,white_wine_1749,6241f20947f3eeb5,8,0.27,0.24,1.2,0.044,20,102,0.9929,3.28,0.42,10.9,quality_below_7,quality_below_7,0.09,0.91,0.91
1485,white_wine_1755,983efa70ced4f365,6.4,0.16,0.28,2.2,0.042,33,93,0.9914,3.31,0.43,11.1,quality_below_7,quality_below_7,0.32,0.68,0.68
1500,white_wine_1773,c4d7d12c2c204555,7.8,0.4,0.26,9.5,0.059,32,178,0.9955,3.04,0.43,10.9,quality_below_7,quality_below_7,0.04,0.96,0.96
1504,white_wine_1779,ca8a36fc38a60aae,6.4,0.15,0.36,1.8,0.034,43,150,0.9922,3.42,0.69,11,quality_7_plus,quality_below_7,0.46,0.54,0.54
1515,white_wine_1792,3581a66ceb3a611c,6.4,0.33,0.24,1.6,0.054,25,117,0.9943,3.36,0.5,9.3,quality_below_7,quality_below_7,0.05,0.95,0.95
1522,white_wine_1799,b2c8c9a1652b868e,6.8,0.23,0.29,15.4,0.073,56,173,0.9984,3.06,0.41,8.7,quality_below_7,quality_below_7,0.07,0.93,0.93
1526,white_wine_1806,16255cb874c87f67,7.5,0.33,0.39,12.4,0.065,29,119,0.9974,3.16,0.39,9.4,quality_below_7,quality_below_7,0.02,0.98,0.98
1529,white_wine_1811,ae8c8c1764134e2c,6.6,0.36,0.21,1.5,0.049,39,184,0.9928,3.18,0.41,9.9,quality_below_7,quality_below_7,0.01,0.99,0.99
1533,white_wine_1816,41c8496b68727ade,6.8,0.3,0.35,2.8,0.038,10,164,0.9912,3.09,0.53,12,quality_below_7,quality_below_7,0.18,0.82,0.82
1537,white_wine_1820,419057b197add779,6.8,0.33,0.28,1.2,0.032,38,131,0.9889,3.19,0.41,13,quality_below_7,quality_7_plus,0.54,0.46,0.54
1543,white_wine_1830,e853e1a78aa028b7,7.7,0.44,0.24,11.2,0.031,41,167,0.9948,3.12,0.43,11.3,quality_7_plus,quality_below_7,0.11,0.89,0.89
1544,white_wine_1832,9247d5bd3d19cc9a,7.4,0.49,0.24,15.1,0.03,34,153,0.9953,3.13,0.51,12,quality_7_plus,quality_below_7,0.43,0.57,0.57
1545,white_wine_1835,24164e2737cf42b2,6.4,0.21,0.3,5.6,0.044,43,160,0.9949,3.6,0.41,10.6,quality_below_7,quality_below_7,0.18,0.82,0.82
1548,white_wine_1838,ce7c3a0d385ba47b,7.2,0.24,0.29,2.2,0.037,37,102,0.992,3.27,0.64,11,quality_7_plus,quality_below_7,0.43,0.57,0.57
1557,white_wine_1850,6e62527bce22ced3,7,0.24,0.25,1.7,0.042,48,189,0.992,3.25,0.42,11.4,quality_below_7,quality_below_7,0.19,0.81,0.81
1570,white_wine_1865,57875ff6111ebd65,7.1,0.25,0.3,2.4,0.042,25,122,0.994,3.43,0.61,10.5,quality_below_7,quality_below_7,0.17,0.83,0.83
1578,white_wine_1873,6127e40e8561e8e8,5.8,0.33,0.2,16.05,0.047,26,166,0.9976,3.09,0.46,8.9,quality_below_7,quality_below_7,0.03,0.97,0.97
1584,white_wine_1880,0eee6c75fb32c935,7.2,0.2,0.61,16.2,0.043,14,103,0.9987,3.06,0.36,9.2,quality_below_7,quality_below_7,0.16,0.84,0.84
1587,white_wine_1887,240f22db8b808018,7,0.53,0.02,1,0.036,39,107,0.993,3.2,0.32,9,quality_below_7,quality_below_7,0.03,0.97,0.97
1591,white_wine_1892,c2717a4a90326077,7.6,0.33,0.41,13.7,0.045,44,197,0.9989,3.18,0.64,9.1,quality_below_7,quality_below_7,0.02,0.98,0.98
1601,white_wine_1904,f2255b69d681a8ff,7.8,0.34,0.27,1.2,0.04,25,106,0.9932,3.01,0.55,10.4,quality_below_7,quality_below_7,0.07,0.93,0.93
1604,white_wine_1909,f3d1c31fd7dde9e1,7.2,0.36,0.36,5.7,0.038,26,98,0.9914,2.93,0.59,12.5,quality_7_plus,quality_7_plus,0.67,0.33,0.67
1606,white_wine_1911,9edd6cc5e8b70f51,6.6,0.25,0.36,8.1,0.045,54,180,0.9958,3.08,0.42,9.2,quality_below_7,quality_below_7,0.01,0.99,0.99
1607,white_wine_1912,469ea9f5d913fb65,7.1,0.18,0.26,1.3,0.041,20,71,0.9926,3.04,0.74,9.9,quality_below_7,quality_below_7,0.27,0.73,0.73
1612,white_wine_1920,2bb51ce6deafc1b1,7.3,0.22,0.5,13.7,0.049,56,189,0.9994,3.24,0.66,9,quality_below_7,quality_below_7,0.11,0.89,0.89
1615,white_wine_1924,7e6241497c88af39,8.2,0.37,0.27,1.7,0.028,10,59,0.9923,2.97,0.48,10.4,quality_below_7,quality_below_7,0.08,0.92,0.92
1619,white_wine_1928,1c627b0a72e05111,7.1,0.25,0.28,1.6,0.052,46,169,0.9926,3.05,0.41,10.5,quality_below_7,quality_below_7,0.05,0.95,0.95
1626,white_wine_1935,c49582c22cd59ec4,6.8,0.28,0.36,1.6,0.04,25,87,0.9924,3.23,0.66,10.3,quality_below_7,quality_below_7,0.26,0.74,0.74
1631,white_wine_1944,bf0d35b64e4784b6,6.3,0.25,0.44,11.6,0.041,48,195,0.9968,3.18,0.52,9.5,quality_below_7,quality_below_7,0.01,0.99,0.99
1634,white_wine_1947,647e63ae136276ca,6.4,0.22,0.32,12,0.066,57,158,0.9992,3.6,0.43,9,quality_below_7,quality_below_7,0.06,0.94,0.94
1645,white_wine_1959,975f3ba07d96c16e,7.4,0.32,0.55,16.6,0.056,53,238,1.0017,2.96,0.58,8.7,quality_below_7,quality_below_7,0.01,0.99,0.99
1647,white_wine_1962,493357b11c6c0bf2,9.5,0.21,0.47,1.3,0.039,21,123,0.9959,2.9,0.64,9.5,quality_below_7,quality_below_7,0.18,0.82,0.82
1654,white_wine_1970,7e555cf263f9748d,6.3,0.41,0.3,3.2,0.03,49,164,0.9927,3.53,0.79,11.7,quality_7_plus,quality_below_7,0.46,0.54,0.54
1658,white_wine_1976,1e63646b946d86cc,6.8,0.27,0.35,7.8,0.048,76,197,0.9959,3.24,0.43,9.5,quality_below_7,quality_below_7,0.0,1.0,1.0
1659,white_wine_1977,47745c55e5ad5109,6.8,0.28,0.37,7,0.057,35,208,0.9973,3.57,0.55,10.2,quality_below_7,quality_below_7,0.01,0.99,0.99
1660,white_wine_1978,eeabe4456450fd8d,8.4,0.2,0.27,6.3,0.048,30,143,0.9966,3.25,0.5,9.1,quality_below_7,quality_below_7,0.08,0.92,0.92
1664,white_wine_1986,2e475cd4b02e11a4,8.1,0.19,0.58,16.65,0.049,48,181,1.0006,3.2,0.62,9.1,quality_below_7,quality_below_7,0.3,0.7,0.7
1667,white_wine_1989,d244b1b530bdf5d4,8,0.22,0.32,10.4,0.043,63,201,0.997,3.11,0.53,9.5,quality_below_7,quality_below_7,0.16,0.84,0.84
1670,white_wine_1993,fa9383f23b107f5b,7,0.12,0.28,6.3,0.057,17,103,0.9957,3.5,0.44,9.6,quality_below_7,quality_below_7,0.13,0.87,0.87
1682,white_wine_2011,fd54d0baf387b6d5,7,0.25,0.56,2,0.035,20,95,0.9918,3.23,0.53,11,quality_below_7,quality_below_7,0.2,0.8,0.8
1687,white_wine_2017,543f16cbe217304b,6.3,0.41,0.33,4.7,0.023,28,110,0.991,3.3,0.38,12.5,quality_7_plus,quality_7_plus,0.66,0.34,0.66
1690,white_wine_2022,31aae955a379f5a2,6.3,0.21,0.28,1.5,0.051,46,142,0.9928,3.23,0.42,10.1,quality_below_7,quality_below_7,0.1,0.9,0.9
1691,white_wine_2023,5fff89790b120aca,7.6,0.34,0.39,7.6,0.04,45,215,0.9965,3.11,0.53,9.2,quality_below_7,quality_below_7,0.01,0.99,0.99
1697,white_wine_2031,7e3ab9ebbff01392,9.5,0.42,0.41,2.3,0.034,22,145,0.9951,3.06,0.52,11,quality_below_7,quality_below_7,0.24,0.76,0.76
1704,white_wine_2039,593888e69e12c0c9,5.5,0.14,0.27,4.6,0.029,22,104,0.9949,3.34,0.44,9,quality_below_7,quality_below_7,0.12,0.88,0.88
1715,white_wine_2052,fb647f5bcc11cdba,6.8,0.21,0.27,18.15,0.042,41,146,1.0001,3.3,0.36,8.7,quality_below_7,quality_below_7,0.12,0.88,0.88
1717,white_wine_2056,35618cbd5520d0db,7.3,0.29,0.29,4.6,0.029,27,155,0.9931,3.07,0.26,10.6,quality_below_7,quality_below_7,0.09,0.91,0.91
1725,white_wine_2065,9cc3491e28061d9f,6.6,0.22,0.28,4.9,0.042,51,180,0.9952,3.3,0.75,9.5,quality_below_7,quality_below_7,0.06,0.94,0.94
1729,white_wine_2069,db5d29ed92fdfda7,5.7,0.32,0.18,1.4,0.029,26,104,0.9906,3.44,0.37,11,quality_below_7,quality_below_7,0.44,0.56,0.56
1730,white_wine_2070,9c744c3d6221ad25,7.1,0.33,0.25,1.6,0.03,25,126,0.9901,3.22,0.34,12.1,quality_7_plus,quality_below_7,0.37,0.63,0.63
1733,white_wine_2073,d104bb61d62b3611,6.6,0.23,0.27,5.6,0.043,43,164,0.9953,3.27,0.76,9.5,quality_below_7,quality_below_7,0.04,0.96,0.96
1735,white_wine_2077,0d39eeaea1e952f3,6.8,0.36,0.32,1.6,0.039,10,124,0.9948,3.3,0.67,9.6,quality_below_7,quality_below_7,0.05,0.95,0.95
1748,white_wine_2093,231885260407dcd2,5.3,0.76,0.03,2.7,0.043,27,93,0.9932,3.34,0.38,9.2,quality_below_7,quality_below_7,0.1,0.9,0.9
1753,white_wine_2099,39c49d25db3934f9,7.4,0.18,0.36,13.1,0.056,72,163,1,3.42,0.35,9.1,quality_below_7,quality_below_7,0.21,0.79,0.79
1755,white_wine_2102,4b1eac5331b21f38,6.8,0.28,0.35,2.3,0.042,16,85,0.9906,3.19,0.56,12.4,quality_below_7,quality_below_7,0.34,0.66,0.66
1758,white_wine_2107,69f175f17d5f32d5,8.5,0.24,0.47,15.2,0.057,40,234,1.0005,3.02,0.66,9,quality_below_7,quality_below_7,0.12,0.88,0.88
1760,white_wine_2110,94a3b1cf330ebbc4,7.7,0.23,0.31,10.7,0.038,59,186,0.9969,3.12,0.55,9.5,quality_below_7,quality_below_7,0.09,0.91,0.91
1762,white_wine_2114,782d798c3cd3cc6b,5.7,0.33,0.15,1.9,0.05,20,93,0.9934,3.38,0.62,9.9,quality_below_7,quality_below_7,0.04,0.96,0.96
1774,white_wine_2130,b78343ab0f377b71,6.8,0.28,0.39,1.4,0.036,15,115,0.9918,3.27,0.72,11.7,quality_below_7,quality_below_7,0.32,0.68,0.68
1777,white_wine_2134,3ea36e9c58ce2a71,8.3,0.24,0.27,2.1,0.03,22,162,0.9914,2.99,0.68,11.9,quality_below_7,quality_below_7,0.33,0.67,0.67
1783,white_wine_2141,6311293755775775,7.7,0.28,0.35,15.3,0.056,31,117,0.9998,3.27,0.5,9.6,quality_below_7,quality_below_7,0.08,0.92,0.92
1785,white_wine_2144,edf80c3013f61a82,6.5,0.14,0.32,2.7,0.037,18,89,0.9924,3.4,0.74,11.5,quality_7_plus,quality_below_7,0.36,0.64,0.64
1786,white_wine_2145,21fd565a41bbefb0,8.2,0.21,0.32,10.65,0.053,53,145,0.9972,3.17,0.48,10.2,quality_below_7,quality_below_7,0.15,0.85,0.85
1789,white_wine_2148,1635afd85ed21da7,6.4,0.29,0.2,15.6,0.04,20,142,0.9962,3.1,0.54,10.6,quality_below_7,quality_below_7,0.02,0.98,0.98
1791,white_wine_2151,7fe188ac81d58e80,7,0.24,0.34,3,0.035,36,102,0.9905,3.18,0.43,12.2,quality_below_7,quality_7_plus,0.55,0.45,0.55
1796,white_wine_2157,d8b51be0a2f0b0d1,7.9,0.28,0.32,3.6,0.038,9,76,0.992,3.05,0.31,11.7,quality_below_7,quality_below_7,0.26,0.74,0.74
1799,white_wine_2160,0f2a7278e275a5f5,6.3,0.24,0.37,1.8,0.031,6,61,0.9897,3.3,0.34,12.2,quality_below_7,quality_below_7,0.26,0.74,0.74
1801,white_wine_2162,d7e555e10b809a27,6.8,0.37,0.28,4,0.03,29,79,0.99,3.23,0.46,12.4,quality_7_plus,quality_7_plus,0.6,0.4,0.6
1814,white_wine_2184,1e0f2711b10c03f7,6.3,0.3,0.24,6.6,0.04,38,141,0.995,3.22,0.47,9.5,quality_below_7,quality_below_7,0.03,0.97,0.97
1818,white_wine_2188,77e90a02002109b2,6.8,0.25,0.18,1.4,0.056,13,137,0.9935,3.11,0.42,9.5,quality_below_7,quality_below_7,0.02,0.98,0.98
1821,white_wine_2191,9711c70889a78a1e,7.6,0.27,0.42,2.6,0.044,29,110,0.9912,3.31,0.51,12.7,quality_below_7,quality_7_plus,0.51,0.49,0.51
1822,white_wine_2192,ae5e0f3c0fdc188f,9.2,0.23,0.35,10.7,0.037,34,145,0.9981,3.09,0.32,9.7,quality_below_7,quality_below_7,0.18,0.82,0.82
1827,white_wine_2200,ab507ef74ccaf353,6.6,0.25,0.42,11.3,0.049,77,231,0.9966,3.24,0.52,9.5,quality_below_7,quality_below_7,0.0,1.0,1.0
1837,white_wine_2211,0be62a5cb79687c9,7.4,0.24,0.26,1.6,0.058,53,150,0.9936,3.18,0.5,9.9,quality_7_plus,quality_below_7,0.09,0.91,0.91
1839,white_wine_2214,58736d0a13bfa922,7.4,0.17,0.29,1.4,0.047,23,107,0.9939,3.52,0.65,10.4,quality_below_7,quality_below_7,0.45,0.55,0.55
1840,white_wine_2216,2bfcc36504919547,8.5,0.28,0.34,13.8,0.041,32,161,0.9981,3.13,0.4,9.9,quality_below_7,quality_below_7,0.06,0.94,0.94
1844,white_wine_2220,5cb6ea089b71e853,6.5,0.24,0.36,2.2,0.027,36,134,0.9898,3.28,0.36,12.5,quality_7_plus,quality_7_plus,0.53,0.47,0.53
1847,white_wine_2224,5d61104512b90018,6.9,0.23,0.33,12.8,0.056,44,169,0.998,3.42,0.42,9.8,quality_below_7,quality_below_7,0.06,0.94,0.94
1854,white_wine_2234,aac6b1ce895eb575,6.5,0.39,0.35,1.6,0.049,10,164,0.99516,3.35,0.51,9.7,quality_below_7,quality_below_7,0.03,0.97,0.97
1856,white_wine_2236,2f62d57f1394480a,6.9,0.44,0.42,8.5,0.048,10,147,0.9974,3.32,0.46,9.5,quality_below_7,quality_below_7,0.02,0.98,0.98
1859,white_wine_2239,fb3a96776ac59dbe,6.1,0.15,0.29,6.2,0.046,39,151,0.99471,3.6,0.44,10.6,quality_below_7,quality_below_7,0.13,0.87,0.87
1866,white_wine_2250,09e200836445c22a,6.3,0.27,0.18,7.7,0.048,45,186,0.9962,3.23,0.47,9,quality_below_7,quality_below_7,0.01,0.99,0.99
1873,white_wine_2258,d97b813ad06053ad,7.2,0.39,0.54,1.4,0.157,34,132,0.99449,3.11,0.53,9,quality_below_7,quality_below_7,0.02,0.98,0.98
1884,white_wine_2273,98a14c1b0fe4a62a,6.2,0.25,0.28,8.5,0.035,28,108,0.99486,3.4,0.42,10.4,quality_below_7,quality_below_7,0.44,0.56,0.56
1888,white_wine_2278,85e104242eed6261,7.4,0.14,0.3,1.3,0.033,25,91,0.99268,3.53,0.39,10.6,quality_below_7,quality_below_7,0.38,0.62,0.62
1890,white_wine_2281,166fddd7fdcd7c0d,6.4,0.16,0.25,1.3,0.047,20,77,0.9933,3.61,0.54,10.2,quality_below_7,quality_below_7,0.16,0.84,0.84
1897,white_wine_2292,74adfd72ac4ea93c,8.6,0.17,0.28,2.7,0.047,38,150,0.99365,3.1,0.56,10.8,quality_below_7,quality_below_7,0.28,0.72,0.72
1901,white_wine_2297,b8666e5ca67ba355,6.9,0.28,0.31,7.2,0.04,47,168,0.9946,3.29,0.57,10.6,quality_7_plus,quality_below_7,0.2,0.8,0.8
1903,white_wine_2299,624c457746f70ec8,6.3,0.41,0.18,3.5,0.027,23,109,0.99018,3.34,0.54,12.8,quality_7_plus,quality_7_plus,0.72,0.28,0.72
1908,white_wine_2305,f6a1e5ed1da18934,7.5,0.42,0.2,1.4,0.06,15,168,0.9944,3.06,0.4,9.4,quality_below_7,quality_below_7,0.03,0.97,0.97
1911,white_wine_2308,171065c88e720611,6.8,0.21,0.55,14.6,0.053,34,159,0.99805,2.93,0.44,9.2,quality_below_7,quality_below_7,0.1,0.9,0.9
1913,white_wine_2310,9782e8916d2c83e3,8.1,0.28,0.34,1.3,0.035,11,126,0.99232,3.14,0.5,9.8,quality_below_7,quality_below_7,0.05,0.95,0.95
1920,white_wine_2319,3501f056f872f2bc,7.5,0.26,0.59,11.8,0.046,58,164,0.99814,3.17,0.46,8.9,quality_below_7,quality_below_7,0.02,0.98,0.98
1924,white_wine_2323,c9f911d2b6bb98ee,6.1,0.41,0.04,1.3,0.036,23,121,0.99228,3.24,0.61,9.9,quality_below_7,quality_below_7,0.09,0.91,0.91
1927,white_wine_2326,94643adf99e54622,7,0.35,0.17,1.1,0.049,7,119,0.99297,3.13,0.36,9.7,quality_below_7,quality_below_7,0.02,0.98,0.98
1932,white_wine_2333,f9be62d7c0ea3f7d,6.3,0.4,0.32,10.6,0.049,38,209,0.9981,3.47,0.59,9.3,quality_below_7,quality_below_7,0.07,0.93,0.93
1936,white_wine_2337,98ae2942a0dde7ed,6.8,0.26,0.22,4.8,0.041,110,198,0.99437,3.29,0.67,10.6,quality_below_7,quality_below_7,0.04,0.96,0.96
1937,white_wine_2338,723740df413cd920,6.5,0.28,0.35,9.8,0.067,61,180,0.9972,3.15,0.57,9,quality_below_7,quality_below_7,0.0,1.0,1.0
1941,white_wine_2343,d6524155b20a6d33,7.7,0.4,0.27,4.5,0.034,27,95,0.99175,3.21,0.59,12.3,quality_7_plus,quality_7_plus,0.85,0.15,0.85
1950,white_wine_2353,0deed0835b97ba8f,6.1,0.28,0.16,1.3,0.06,36,126,0.99353,3.13,0.46,8.7,quality_below_7,quality_below_7,0.05,0.95,0.95
1953,white_wine_2356,10bb959ad538b0ed,7.6,0.48,0.33,7,0.024,14,130,0.9918,3.25,0.45,12.5,quality_7_plus,quality_below_7,0.43,0.57,0.57
1958,white_wine_2361,03c64ee63677fb8b,8.1,0.25,0.34,10.1,0.05,30,121,0.99724,3.17,0.49,10.1,quality_below_7,quality_below_7,0.08,0.92,0.92
1961,white_wine_2364,0be07c1a396b2c0b,6.7,0.24,0.26,12.6,0.053,44,182,0.99802,3.42,0.42,9.7,quality_below_7,quality_below_7,0.03,0.97,0.97
1969,white_wine_2372,cfb249421b697266,6.2,0.45,0.73,7.2,0.099,47,202,0.99582,3.21,0.43,9.2,quality_below_7,quality_below_7,0.01,0.99,0.99
1970,white_wine_2373,21da15e760dc20a7,6,0.33,0.18,3,0.036,5,85,0.99125,3.28,0.4,11.5,quality_below_7,quality_below_7,0.26,0.74,0.74
1975,white_wine_2379,4deb7e4d7c0bbbd6,9.4,0.23,0.56,16.45,0.063,52.5,282,1.00098,3.1,0.51,9.3,quality_below_7,quality_below_7,0.12,0.88,0.88
1988,white_wine_2393,c06929b04be586ef,6.4,0.17,0.34,1.5,0.091,42,135,0.9938,3.25,0.49,9.6,quality_7_plus,quality_below_7,0.02,0.98,0.98
2004,white_wine_2409,f34692136358b689,7.5,0.705,0.1,13,0.044,44,214,0.99741,3.1,0.5,9.1,quality_below_7,quality_below_7,0.01,0.99,0.99
2006,white_wine_2411,18ee56ed1040d416,7,0.16,0.26,7.3,0.047,30,220,0.99622,3.38,0.58,10.1,quality_below_7,quality_below_7,0.09,0.91,0.91
2007,white_wine_2412,71b366298fb30fef,8,0.27,0.25,19.1,0.045,50,208,1.00051,3.05,0.5,9.2,quality_below_7,quality_below_7,0.01,0.99,0.99
2008,white_wine_2413,2b416f2b55c6ccd7,6.3,0.38,0.17,8.8,0.08,50,212,0.99803,3.47,0.66,9.4,quality_below_7,quality_below_7,0.05,0.95,0.95
2011,white_wine_2417,a7ef59ef5d218444,7,0.16,0.26,6.85,0.047,30,220,0.99622,3.38,0.58,10.1,quality_below_7,quality_below_7,0.06,0.94,0.94
2013,white_wine_2419,b1f65f0affe1bf13,6.3,0.41,0.16,0.9,0.032,25,98,0.99274,3.16,0.42,9.5,quality_below_7,quality_below_7,0.05,0.95,0.95
2017,white_wine_2423,bdc757f6bab5f62f,6.2,0.44,0.18,7.7,0.096,28,210,0.99771,3.56,0.72,9.2,quality_below_7,quality_below_7,0.06,0.94,0.94
2023,white_wine_2433,4aa5003c59f4cfe2,6.4,0.27,0.17,8.4,0.044,60,198,0.99578,3.21,0.47,9.4,quality_below_7,quality_below_7,0.0,1.0,1.0
2026,white_wine_2436,b7acc3673bb2fafb,6.4,0.35,0.35,5.6,0.034,9,148,0.99441,3.17,0.5,9.8,quality_below_7,quality_below_7,0.02,0.98,0.98
2029,white_wine_2440,6afde67703d81dea,7.3,0.27,0.37,9.7,0.042,36,130,0.9979,3.48,0.75,9.9,quality_below_7,quality_below_7,0.17,0.83,0.83
2030,white_wine_2441,75a041ce3f4beaed,6.8,0.46,0.26,6.3,0.147,49,159,0.99434,3.14,0.47,10,quality_below_7,quality_below_7,0.01,0.99,0.99
2035,white_wine_2447,078d7425ad6647a9,6.6,0.32,0.33,2.5,0.052,40,210,0.99316,3.15,0.6,10,quality_below_7,quality_below_7,0.02,0.98,0.98
2042,white_wine_2455,6ff038b52c4a4537,7.1,0.29,0.3,16,0.036,58,201,0.99954,3.3,0.67,9,quality_below_7,quality_below_7,0.1,0.9,0.9
2060,white_wine_2476,836f0f97ba6ff820,7.4,0.56,0.09,1.5,0.071,19,117,0.99496,3.22,0.53,9.8,quality_below_7,quality_below_7,0.01,0.99,0.99
2064,white_wine_2481,44ff6d22b8b8a99c,6.8,0.32,0.3,1,0.049,22,113,0.99289,3.24,0.61,10.2,quality_below_7,quality_below_7,0.04,0.96,0.96
2075,white_wine_2496,e38bd16f9028f881,6.3,0.18,0.22,1.5,0.043,45,155,0.99238,3.19,0.48,10.2,quality_below_7,quality_below_7,0.04,0.96,0.96
2077,white_wine_2498,5fa2351cfb318484,6.8,0.21,0.36,18.1,0.046,32,133,1,3.27,0.48,8.8,quality_below_7,quality_below_7,0.13,0.87,0.87
2079,white_wine_2502,86db20f59ba99b87,6.4,0.31,0.4,6.4,0.039,39,191,0.99513,3.14,0.52,9.8,quality_below_7,quality_below_7,0.0,1.0,1.0
2080,white_wine_2503,566775de99d71b0e,8.6,0.34,0.36,1.4,0.045,11,119,0.99556,3.17,0.47,9.4,quality_below_7,quality_below_7,0.0,1.0,1.0
2082,white_wine_2506,3da59375a8572b09,7.4,0.4,0.41,14.1,0.053,37,194,0.99886,3.2,0.63,9.4,quality_below_7,quality_below_7,0.02,0.98,0.98
2086,white_wine_2510,4219bcd0d3492964,8,0.27,0.57,10.4,0.053,18,134,0.99732,3.12,0.68,9,quality_below_7,quality_below_7,0.06,0.94,0.94
2087,white_wine_2511,3a7bd38e77c0547f,6.2,0.28,0.45,7.5,0.045,46,203,0.99573,3.26,0.46,9.2,quality_below_7,quality_below_7,0.0,1.0,1.0
2091,white_wine_2515,9a196d9af35422be,6.9,0.34,0.3,4.7,0.029,34,148,0.99165,3.36,0.49,12.3,quality_7_plus,quality_7_plus,0.82,0.18,0.82
2096,white_wine_2521,69d6e74d9c0daf58,7.5,0.41,0.23,14.8,0.054,28,174,0.99898,3.18,0.49,9.7,quality_below_7,quality_below_7,0.01,0.99,0.99
2110,white_wine_2540,1c4c8cee433a7ff4,6.2,0.27,0.18,1.5,0.028,20,111,0.99228,3.41,0.5,10,quality_below_7,quality_below_7,0.14,0.86,0.86
2123,white_wine_2560,10a41201acc7475f,5.7,0.255,0.65,1.2,0.079,17,137,0.99307,3.2,0.42,9.4,quality_below_7,quality_below_7,0.02,0.98,0.98
2124,white_wine_2561,b6d7d66c034875e1,6.9,0.32,0.26,2.3,0.03,11,103,0.99106,3.06,0.42,11.1,quality_below_7,quality_below_7,0.25,0.75,0.75
2133,white_wine_2573,6819edab48c3795f,7,0.14,0.28,1.3,0.026,10,56,0.99352,3.46,0.45,9.9,quality_below_7,quality_below_7,0.16,0.84,0.84
2135,white_wine_2575,0350aedbd41a9a94,6.8,0.26,0.24,1.9,0.043,70,154,0.99273,3.18,0.52,10.5,quality_below_7,quality_below_7,0.07,0.93,0.93
2136,white_wine_2576,0806c963245fa827,6.7,0.17,0.42,10.4,0.038,85,182,0.99628,3.04,0.44,8.9,quality_below_7,quality_below_7,0.09,0.91,0.91
2140,white_wine_2580,790599403e76d62b,6.4,0.28,0.56,1.7,0.156,49,106,0.99354,3.1,0.37,9.2,quality_below_7,quality_below_7,0.01,0.99,0.99
2147,white_wine_2593,ecbbe13074a0c8ae,7.3,0.32,0.29,1.5,0.038,32,144,0.99296,3.2,0.55,10.8,quality_below_7,quality_below_7,0.09,0.91,0.91
2148,white_wine_2594,ada4357b723d6960,6.3,0.21,0.29,11.7,0.048,49,147,0.99482,3.22,0.38,10.8,quality_below_7,quality_below_7,0.02,0.98,0.98
2154,white_wine_2601,5db89b017856f6ea,6.8,0.11,0.42,1.1,0.042,51,132,0.99059,3.18,0.74,11.3,quality_7_plus,quality_7_plus,0.71,0.29,0.71
2156,white_wine_2604,8240c5aaf62f00b0,6.7,0.3,0.29,2.8,0.025,37,107,0.99159,3.31,0.63,11.3,quality_7_plus,quality_7_plus,0.55,0.45,0.55
2158,white_wine_2607,d93e89cd26cf60a2,7.2,0.2,0.36,2.5,0.028,22,157,0.9938,3.48,0.49,10.6,quality_below_7,quality_below_7,0.29,0.71,0.71
2163,white_wine_2614,1fd79ab8a715f19a,6.6,0.36,0.52,10.1,0.05,29,140,0.99628,3.07,0.4,9.4,quality_below_7,quality_below_7,0.0,1.0,1.0
2165,white_wine_2616,80b1bb81f74ca311,6.5,0.18,0.41,14.2,0.039,47,129,0.99678,3.28,0.72,10.3,quality_7_plus,quality_below_7,0.37,0.63,0.63
2174,white_wine_2631,341fc0c68a062740,5.9,0.445,0.26,1.4,0.027,23,109,0.99148,3.3,0.36,10.5,quality_below_7,quality_below_7,0.16,0.84,0.84
2176,white_wine_2633,0502145275f5aa1e,6.8,0.44,0.2,16,0.065,61,186,0.99884,3.13,0.45,8.6,quality_below_7,quality_below_7,0.03,0.97,0.97
2180,white_wine_2639,e359881851e61618,7.5,0.13,0.38,1.1,0.023,42,104,0.99112,3.28,0.53,11.8,quality_below_7,quality_below_7,0.35,0.65,0.65
2190,white_wine_2649,6d33bdb49756524d,6.6,0.23,0.29,14.45,0.057,29,144,0.99756,3.33,0.54,10.2,quality_below_7,quality_below_7,0.08,0.92,0.92
2191,white_wine_2651,5c9b64554a8ae1e1,7,0.34,0.39,6.9,0.066,43,162,0.99561,3.11,0.53,9.5,quality_below_7,quality_below_7,0.04,0.96,0.96
2194,white_wine_2654,338d3622c066bf51,6.4,0.28,0.27,11,0.042,45,148,0.99786,3.14,0.46,8.7,quality_below_7,quality_below_7,0.02,0.98,0.98
2204,white_wine_2664,7c8b67c345e5bff3,8,0.13,0.25,1.1,0.033,15,86,0.99044,2.98,0.39,11.2,quality_7_plus,quality_below_7,0.21,0.79,0.79
2206,white_wine_2666,11ccea6d6581480d,8.3,0.4,0.41,8.2,0.05,15,122,0.9979,3.39,0.49,9.3,quality_below_7,quality_below_7,0.01,0.99,0.99
2210,white_wine_2670,022e9912022418d6,6.8,0.26,0.4,7.5,0.046,45,179,0.99583,3.2,0.49,9.3,quality_below_7,quality_below_7,0.0,1.0,1.0
2211,white_wine_2672,1231038783f20bd4,5.9,0.3,0.3,2,0.03,38,142,0.98892,3.41,0.41,12.9,quality_7_plus,quality_7_plus,0.82,0.18,0.82
2218,white_wine_2679,44523246213a0d43,7.1,0.31,0.17,1,0.042,21,144,0.99304,3.13,0.4,9.6,quality_below_7,quality_below_7,0.03,0.97,0.97
2223,white_wine_2685,b6c77cd0dc9df3bb,6.6,0.21,0.29,1.8,0.026,35,128,0.99183,3.37,0.48,11.2,quality_below_7,quality_below_7,0.4,0.6,0.6
2228,white_wine_2693,d8fe57618d87923d,6.9,0.31,0.32,1.2,0.024,20,166,0.99208,3.05,0.54,9.8,quality_below_7,quality_below_7,0.08,0.92,0.92
2229,white_wine_2694,1d935eea5cd6e00d,6.7,0.23,0.25,1.6,0.036,28,143,0.99256,3.3,0.54,10.3,quality_below_7,quality_below_7,0.29,0.71,0.71
2235,white_wine_2705,a1fbc67133f390df,6.6,0.26,0.38,6.5,0.17,68,201,0.9956,3.19,0.38,9.4,quality_below_7,quality_below_7,0.0,1.0,1.0
2259,white_wine_2735,714d6a5d3fbe7c73,7.1,0.29,0.28,9.3,0.048,50,141,0.9949,3.13,0.49,10.3,quality_below_7,quality_below_7,0.05,0.95,0.95
2266,white_wine_2746,3d60a6075bbf750b,6.7,0.44,0.22,4.3,0.032,19,99,0.99015,3.26,0.53,12.8,quality_7_plus,quality_7_plus,0.71,0.29,0.71
2267,white_wine_2747,32a6cfaf757acdbe,7,0.34,0.3,1.8,0.045,44,142,0.9914,2.99,0.45,10.8,quality_below_7,quality_below_7,0.12,0.88,0.88
2269,white_wine_2749,1c0f9cdadb65f777,5.8,0.17,0.34,1.8,0.045,96,170,0.99035,3.38,0.9,11.8,quality_7_plus,quality_7_plus,0.55,0.45,0.55
2275,white_wine_2757,697a8e552f0253eb,8.6,0.33,0.34,11.8,0.059,42,240,0.99882,3.17,0.52,10,quality_below_7,quality_below_7,0.04,0.96,0.96
2283,white_wine_2765,7aa22caab264687a,7.9,0.16,0.3,7.4,0.05,58,152,0.99612,3.12,0.37,9.5,quality_below_7,quality_below_7,0.05,0.95,0.95
2293,white_wine_2780,7a2f4775d34dd89f,6.7,0.2,0.37,1.65,0.025,42,103,0.99022,3.11,0.45,11.4,quality_below_7,quality_below_7,0.36,0.64,0.64
2299,white_wine_2787,ef80e734143cba20,8,0.3,0.36,11,0.034,8,70,0.99354,3.05,0.41,12.2,quality_below_7,quality_below_7,0.27,0.73,0.73
2311,white_wine_2806,003db7b8060ca114,7.3,0.2,0.26,1.6,0.04,36,123,0.99238,3.34,0.44,10.8,quality_below_7,quality_7_plus,0.58,0.42,0.58
2322,white_wine_2819,021912cd58787098,6,0.11,0.47,10.6,0.052,69,148,0.9958,2.91,0.34,9.3,quality_below_7,quality_below_7,0.15,0.85,0.85
2324,white_wine_2821,64ea8c5199a9890b,6.7,0.325,0.82,1.2,0.152,49,120,0.99312,2.99,0.38,9.2,quality_below_7,quality_below_7,0.04,0.96,0.96
2350,white_wine_2851,a85f4638f0c415b1,6.7,0.24,0.29,14.9,0.053,55,136,0.99839,3.03,0.52,9,quality_below_7,quality_below_7,0.02,0.98,0.98
2353,white_wine_2854,f36ff943947cac83,5.3,0.16,0.39,1,0.028,40,101,0.99156,3.57,0.59,10.6,quality_below_7,quality_below_7,0.29,0.71,0.71
2359,white_wine_2861,fe7a602cc9835059,7.3,0.21,0.33,1,0.037,66,144,0.9923,3.11,0.52,10.2,quality_below_7,quality_below_7,0.16,0.84,0.84
2362,white_wine_2866,c8e53aa5dce2944c,5.6,0.19,0.46,1.1,0.032,33,115,0.9909,3.36,0.5,10.4,quality_below_7,quality_below_7,0.39,0.61,0.61
2367,white_wine_2873,d13e3ff783cab16c,4.2,0.17,0.36,1.8,0.029,93,161,0.98999,3.65,0.89,12,quality_7_plus,quality_7_plus,0.64,0.36,0.64
2370,white_wine_2877,9c7c254e1362e0bc,6.4,0.22,0.31,13.9,0.04,57,135,0.99672,3.21,0.38,10.7,quality_below_7,quality_below_7,0.07,0.93,0.93
2371,white_wine_2878,04da229e915038c9,6.5,0.15,0.55,5.9,0.045,75,162,0.99482,2.97,0.4,9.3,quality_below_7,quality_below_7,0.1,0.9,0.9
2375,white_wine_2882,0abe261f95e916b5,7.2,0.21,0.28,2.7,0.033,38,94,0.99075,2.99,0.43,11.8,quality_7_plus,quality_7_plus,0.53,0.47,0.53
2382,white_wine_2889,ba0448e90bddf668,8.5,0.22,0.34,0.7,0.04,5,25,0.9918,3.04,0.37,10.5,quality_below_7,quality_below_7,0.11,0.89,0.89
2394,white_wine_2902,d46fcfc9be3dd25f,6.5,0.22,0.32,2.2,0.028,36,92,0.99076,3.27,0.59,11.9,quality_7_plus,quality_below_7,0.44,0.56,0.56
2397,white_wine_2905,f88fffea4692af2b,6.4,0.25,0.32,0.9,0.034,40,114,0.99114,3.31,0.58,10.8,quality_7_plus,quality_below_7,0.39,0.61,0.61
2406,white_wine_2918,d94ed8239c728a70,7.1,0.36,0.4,1.95,0.033,26,118,0.98934,3.2,0.45,13.5,quality_7_plus,quality_7_plus,0.59,0.41,0.59
2423,white_wine_2941,43cdf2dcbae98983,7.1,0.29,0.34,7.8,0.036,49,128,0.99397,3.21,0.4,10.7,quality_below_7,quality_below_7,0.18,0.82,0.82
2424,white_wine_2942,1dc10ebeccae44e1,7.2,0.3,0.3,8.7,0.022,14,111,0.99576,3.11,0.61,10.6,quality_below_7,quality_below_7,0.22,0.78,0.78
2427,white_wine_2947,1486789baa1522b7,5.1,0.29,0.28,8.3,0.026,27,107,0.99308,3.36,0.37,11,quality_below_7,quality_below_7,0.43,0.57,0.57
2428,white_wine_2949,ee69dd1df6c3d0e7,6.8,0.26,0.48,6.2,0.049,55,182,0.99582,3.21,0.45,9.4,quality_below_7,quality_below_7,0.0,1.0,1.0
2434,white_wine_2956,fcc3a062f1a2e653,7.4,0.35,0.24,6,0.042,28,123,0.99304,3.14,0.44,11.3,quality_below_7,quality_below_7,0.17,0.83,0.83
2442,white_wine_2965,49d8e3cfe65c128f,5.8,0.19,0.24,1.3,0.044,38,128,0.99362,3.77,0.6,10.6,quality_below_7,quality_below_7,0.35,0.65,0.65
2451,white_wine_2977,2712bc16246b0211,6.8,0.32,0.39,9.6,0.026,34,124,0.99286,3.18,0.35,12.1,quality_below_7,quality_7_plus,0.65,0.35,0.65
2455,white_wine_2982,8f9e409ffc6317cf,8.5,0.23,0.28,11.1,0.033,30,97,0.99507,3.03,0.39,10.5,quality_7_plus,quality_below_7,0.2,0.8,0.8
2466,white_wine_2996,6579a682287991fe,6.6,0.28,0.34,0.8,0.037,42,119,0.9888,3.03,0.37,12.5,quality_below_7,quality_below_7,0.47,0.53,0.53
2467,white_wine_2997,e53e4a9aa06ab925,6.5,0.35,0.36,0.8,0.034,32,111,0.98942,3.11,0.5,12.1,quality_7_plus,quality_below_7,0.28,0.72,0.72
2469,white_wine_2999,04f7245a1ec24f48,6,0.32,0.3,1.3,0.025,18,112,0.98802,3.07,0.64,13.3,quality_7_plus,quality_7_plus,0.5,0.5,0.5
2474,white_wine_3011,97069d567fa4b0cd,6.7,0.25,0.31,1.35,0.061,30.5,218,0.99388,3.16,0.53,9.5,quality_below_7,quality_below_7,0.04,0.96,0.96
2479,white_wine_3016,aaacbb6631371934,7.2,0.32,0.3,8.25,0.02,14,104,0.99362,2.99,0.44,11.4,quality_below_7,quality_below_7,0.48,0.52,0.52
2486,white_wine_3027,b3f61cc493f55771,8.4,0.22,0.3,8.9,0.024,17,118,0.99456,2.99,0.34,10.5,quality_below_7,quality_below_7,0.24,0.76,0.76
2499,white_wine_3041,6647156a26b5889a,6.3,0.2,0.37,11.8,0.045,58,130,0.99519,3.2,0.35,10.8,quality_below_7,quality_below_7,0.08,0.92,0.92
2515,white_wine_3059,71c444fc84ee882a,6.2,0.25,0.38,7.9,0.045,54,208,0.99572,3.17,0.46,9.1,quality_below_7,quality_below_7,0.0,1.0,1.0
2520,white_wine_3066,0bffd860b9b63a06,7,0.15,0.38,15.3,0.045,54,120,0.9975,3.18,0.42,9.8,quality_below_7,quality_below_7,0.24,0.76,0.76
2524,white_wine_3072,fad33c2dbc257843,6.5,0.36,0.38,10.2,0.028,20,82,0.99274,3.1,0.43,12.1,quality_7_plus,quality_below_7,0.25,0.75,0.75
2525,white_wine_3073,a8882bc2fea505ce,7.5,0.25,0.47,4.1,0.041,95,163,0.99184,2.92,0.59,11.3,quality_below_7,quality_below_7,0.26,0.74,0.74
2533,white_wine_3084,9f7d902707cfa777,5.8,0.31,0.32,4.5,0.024,28,94,0.98906,3.25,0.52,13.7,quality_7_plus,quality_7_plus,0.68,0.32,0.68
2542,white_wine_3095,f40b516d943cd6c4,9.7,0.24,0.49,4.9,0.032,3,18,0.99368,2.85,0.54,10,quality_below_7,quality_below_7,0.08,0.92,0.92
2543,white_wine_3097,d133a26ccbcd2937,6.8,0.13,0.39,1.4,0.034,19,102,0.99121,3.23,0.6,11.3,quality_7_plus,quality_below_7,0.44,0.56,0.56
2546,white_wine_3100,2e2814b4d80cc5fb,6.7,0.34,0.4,2.1,0.033,34,111,0.98924,2.97,0.48,12.2,quality_7_plus,quality_below_7,0.31,0.69,0.69
2559,white_wine_3115,444f4724a620d59d,6.3,0.17,0.32,4.2,0.04,37,117,0.99182,3.24,0.43,11.3,quality_below_7,quality_below_7,0.36,0.64,0.64
2568,white_wine_3128,e77cc5a6d7449ed0,7.6,0.3,0.38,2.1,0.043,10,98,0.99296,3.17,0.65,11,quality_below_7,quality_below_7,0.14,0.86,0.86
2577,white_wine_3138,7df623d854e0bfb5,6.2,0.25,0.39,1.3,0.051,42,135,0.9906,3.23,0.4,11.1,quality_below_7,quality_below_7,0.29,0.71,0.71
2582,white_wine_3144,7304c5eb5c968697,5.5,0.19,0.27,0.9,0.04,52,103,0.99026,3.5,0.39,11.2,quality_below_7,quality_below_7,0.2,0.8,0.8
2593,white_wine_3161,122d2c9c32cac3c0,6.5,0.34,0.46,1,0.023,6,80,0.98865,3.15,0.54,12.9,quality_below_7,quality_below_7,0.33,0.67,0.67
2605,white_wine_3176,0d56a9362a2f4d64,7.8,0.21,0.34,11.9,0.039,55,140,0.9959,3.02,0.31,10.3,quality_below_7,quality_below_7,0.12,0.88,0.88
2609,white_wine_3181,631c06a237ead148,6.5,0.24,0.38,1,0.027,31,90,0.98926,3.24,0.36,12.3,quality_below_7,quality_below_7,0.16,0.84,0.84
2611,white_wine_3183,3cf3a2588e529bca,5.5,0.12,0.33,1,0.038,23,131,0.99164,3.25,0.45,9.8,quality_below_7,quality_below_7,0.17,0.83,0.83
2612,white_wine_3185,18acb229f7cd72d6,6.2,0.1,0.41,1,0.04,17,76,0.98988,3.14,0.56,11.4,quality_7_plus,quality_below_7,0.25,0.75,0.75
2621,white_wine_3196,ac79e210ca9671d7,7,0.21,0.42,5.3,0.037,36,123,0.99321,3.14,0.52,10.9,quality_below_7,quality_below_7,0.3,0.7,0.7
2625,white_wine_3201,708eadd72df78b4d,5.2,0.31,0.36,5.1,0.031,46,145,0.9897,3.14,0.31,12.4,quality_7_plus,quality_7_plus,0.65,0.35,0.65
2629,white_wine_3207,0a18d3d2c1bbd94d,6.6,0.29,0.39,6.75,0.031,22,98,0.9913,3.15,0.8,12.9,quality_7_plus,quality_7_plus,0.64,0.36,0.64
2634,white_wine_3212,c8ed21f27fe91a75,8.2,0.3,0.44,12.4,0.043,52,154,0.99452,3.04,0.33,12,quality_below_7,quality_7_plus,0.53,0.47,0.53
2638,white_wine_3216,fd056a2b8d2bc729,7.1,0.14,0.33,1,0.104,20,54,0.99057,3.19,0.64,11.5,quality_below_7,quality_below_7,0.26,0.74,0.74
2641,white_wine_3220,0c0ee0edf9d50720,6.2,0.35,0.31,2.6,0.036,37,92,0.98938,3.27,0.53,12.8,quality_7_plus,quality_7_plus,0.87,0.13,0.87
2645,white_wine_3225,b5cbc7ffbf7db894,5.7,0.15,0.28,3.7,0.045,57,151,0.9913,3.22,0.27,11.2,quality_below_7,quality_below_7,0.43,0.57,0.57
2649,white_wine_3229,15a7cdcf9fc81add,6.8,0.27,0.42,7.3,0.054,58,200,0.99556,3.12,0.49,9.4,quality_below_7,quality_below_7,0.0,1.0,1.0
2656,white_wine_3237,68587cf5fc0a9364,6.9,0.22,0.39,6,0.035,44,141,0.99123,3.11,0.33,12.5,quality_below_7,quality_7_plus,0.58,0.42,0.58
2659,white_wine_3240,ddb45a4934f76546,6.6,0.34,0.24,3.3,0.034,29,99,0.99031,3.1,0.4,12.3,quality_7_plus,quality_7_plus,0.56,0.44,0.56
2669,white_wine_3253,fdc61a6ef8662cad,7.1,0.26,0.37,5.5,0.025,31,105,0.99082,3.06,0.33,12.6,quality_7_plus,quality_7_plus,0.55,0.45,0.55
2671,white_wine_3255,097d443b44019d02,7.1,0.38,0.4,2.2,0.042,54,201,0.99177,3.03,0.5,11.4,quality_below_7,quality_below_7,0.12,0.88,0.88
2676,white_wine_3265,36776f10385e7994,5.9,0.24,0.12,1.4,0.035,60,247,0.99358,3.34,0.44,9.6,quality_below_7,quality_below_7,0.08,0.92,0.92
2690,white_wine_3280,80c19ea35dbb87f0,7.4,0.16,0.32,1.4,0.065,23,140,0.99134,3.06,0.47,11.4,quality_below_7,quality_below_7,0.19,0.81,0.81
2691,white_wine_3282,7054afd1f68ba3c7,6.5,0.32,0.3,2.3,0.051,20,127,0.98964,3.13,0.52,12.8,quality_below_7,quality_7_plus,0.53,0.47,0.53
2700,white_wine_3293,a2de6fde719724be,6.6,0.28,0.41,7,0.046,59,194,0.99558,3.14,0.48,9.4,quality_below_7,quality_below_7,0.0,1.0,1.0
2707,white_wine_3304,308a00fd70cbf86d,6.3,0.22,0.34,5,0.032,36,93,0.99012,3.27,0.36,13.5,quality_7_plus,quality_7_plus,0.74,0.26,0.74
2718,white_wine_3316,9d93240378993bc9,5.8,0.18,0.37,1.2,0.036,19,74,0.98853,3.09,0.49,12.7,quality_7_plus,quality_below_7,0.37,0.63,0.63
2722,white_wine_3320,9cb4602d5c29994e,5.1,0.21,0.28,1.4,0.047,48,148,0.99168,3.5,0.49,10.4,quality_below_7,quality_below_7,0.36,0.64,0.64
2725,white_wine_3323,2652b0311b62484e,5.7,0.26,0.3,1.8,0.039,30,105,0.98995,3.48,0.52,12.5,quality_7_plus,quality_below_7,0.41,0.59,0.59
2732,white_wine_3330,2480e0aa4160a513,6.7,0.21,0.34,1.4,0.049,36,112,0.99091,3.02,0.5,11,quality_below_7,quality_below_7,0.31,0.69,0.69
2743,white_wine_3344,b257c99ae7abb5fa,6.9,0.36,0.28,13.55,0.048,51,189,0.99782,3,0.6,9.5,quality_7_plus,quality_below_7,0.03,0.97,0.97
2746,white_wine_3348,f443ad960e8c8c29,6.6,0.16,0.21,6.7,0.055,43,157,0.99384,3.15,0.52,10.8,quality_below_7,quality_below_7,0.17,0.83,0.83
2753,white_wine_3356,8d54e3a20a09ea30,5.3,0.32,0.23,9.65,0.026,26,119,0.99168,3.18,0.53,12.2,quality_below_7,quality_7_plus,0.61,0.39,0.61
2754,white_wine_3357,f80230672cc7c792,6.8,0.2,0.28,12.6,0.048,54,136,0.99556,3.19,0.37,10.7,quality_below_7,quality_below_7,0.1,0.9,0.9
2762,white_wine_3370,e1f24b21defefed8,7,0.22,0.28,10.6,0.039,32,117,0.99355,3.05,0.55,11.5,quality_7_plus,quality_7_plus,0.65,0.35,0.65
2767,white_wine_3378,6ffd8cab033314c4,7,0.4,0.25,1.8,0.05,51,189,0.99174,3,0.55,11.4,quality_below_7,quality_below_7,0.16,0.84,0.84
2788,white_wine_3402,50529a4866da7137,8.8,0.19,0.3,5,0.028,34,120,0.99242,2.94,0.47,11.2,quality_below_7,quality_below_7,0.26,0.74,0.74
2794,white_wine_3411,e51232b96e95aa0b,8.9,0.3,0.35,4.6,0.032,32,148,0.99458,3.15,0.45,11.5,quality_7_plus,quality_below_7,0.24,0.76,0.76
2800,white_wine_3418,d4063f6237899e36,6.7,0.64,0.3,1.2,0.03,18,76,0.9892,3.16,0.6,12.9,quality_below_7,quality_below_7,0.43,0.57,0.57
2803,white_wine_3423,5e1e5ed0921c5773,6.2,0.28,0.28,4.3,0.026,22,105,0.989,2.98,0.64,13.1,quality_7_plus,quality_7_plus,0.62,0.38,0.62
2813,white_wine_3437,448438c538d460cd,6.9,0.24,0.23,7.1,0.041,20,97,0.99246,3.1,0.85,11.4,quality_below_7,quality_below_7,0.3,0.7,0.7
2819,white_wine_3444,9a7baa8da4c20921,6,0.16,0.22,1.6,0.042,36,106,0.9905,3.24,0.32,11.4,quality_below_7,quality_below_7,0.19,0.81,0.81
2824,white_wine_3449,4018dedfef9e69db,6.7,0.47,0.29,4.75,0.034,29,134,0.99056,3.29,0.46,13,quality_7_plus,quality_7_plus,0.81,0.19,0.81
2826,white_wine_3453,48ccfebb177a8100,8,0.24,0.48,6.8,0.047,13,134,0.99616,3.23,0.7,10,quality_below_7,quality_below_7,0.02,0.98,0.98
2835,white_wine_3462,cd55269f012cca72,6.7,0.24,0.3,3.85,0.042,105,179,0.99189,3.04,0.59,11.3,quality_7_plus,quality_below_7,0.35,0.65,0.65
2841,white_wine_3469,cbf26bcc877b1954,6.6,0.16,0.36,1.1,0.031,27,93,0.98884,3.23,0.34,13.2,quality_7_plus,quality_7_plus,0.51,0.49,0.51
2844,white_wine_3475,ee16731b7d5181bc,6.5,0.22,0.19,1.1,0.064,36,191,0.99297,3.05,0.5,9.5,quality_below_7,quality_below_7,0.13,0.87,0.87
2849,white_wine_3482,63286fa61b87a461,5.8,0.22,0.3,1.1,0.047,36,131,0.992,3.26,0.45,10.4,quality_below_7,quality_below_7,0.06,0.94,0.94
2852,white_wine_3486,a684634a7f40b252,7.5,0.21,0.32,4.8,0.056,39,113,0.99393,3.11,0.52,10.2,quality_7_plus,quality_below_7,0.1,0.9,0.9
2858,white_wine_3495,5761639ddfe5a427,6.7,0.24,0.36,8.4,0.042,42,123,0.99473,3.34,0.52,10.9,quality_below_7,quality_below_7,0.44,0.56,0.56
2861,white_wine_3498,0c290471eefabffe,7.7,0.43,1,19.95,0.032,42,164,0.99742,3.29,0.5,12,quality_below_7,quality_below_7,0.32,0.68,0.68
2862,white_wine_3499,51762f3d65fb0753,6.4,0.3,0.36,2,0.052,18,141,0.99273,3.38,0.53,10.5,quality_below_7,quality_below_7,0.1,0.9,0.9
2863,white_wine_3500,93a6c41f1d3c6213,6.1,0.33,0.3,3,0.036,30,124,0.98922,3.31,0.4,13.1,quality_7_plus,quality_7_plus,0.79,0.21,0.79
2864,white_wine_3503,ab8e4430c1cbc907,6.7,0.29,0.45,14.3,0.054,30,181,0.99869,3.14,0.57,9.1,quality_below_7,quality_below_7,0.05,0.95,0.95
2868,white_wine_3507,83ea54b396e1ce41,7.5,0.33,0.28,4.9,0.042,21,155,0.99385,3.36,0.57,10.9,quality_below_7,quality_below_7,0.29,0.71,0.71
2872,white_wine_3512,8056e805b74e491d,6.5,0.19,0.28,1.4,0.046,22,90,0.99038,3.18,0.51,11.7,quality_7_plus,quality_below_7,0.28,0.72,0.72
2880,white_wine_3520,c938c94233469613,6.9,0.33,0.62,7.5,0.038,46,132,0.99143,3.23,0.43,13.4,quality_7_plus,quality_7_plus,0.64,0.36,0.64
2883,white_wine_3523,03eb179ca9fc02fd,6.6,0.32,0.41,7.2,0.048,55,178,0.99537,3.2,0.46,9.4,quality_below_7,quality_below_7,0.0,1.0,1.0
2884,white_wine_3525,3b202e3e175e7308,5.3,0.36,0.27,6.3,0.028,40,132,0.99186,3.37,0.4,11.6,quality_below_7,quality_7_plus,0.68,0.32,0.68
2888,white_wine_3530,f3d34e4e0fb73d1d,7.1,0.35,0.27,3.1,0.034,28,134,0.9897,3.26,0.38,13.1,quality_7_plus,quality_7_plus,0.72,0.28,0.72
2895,white_wine_3539,e5217d66de42b4eb,6.5,0.28,0.25,4.8,0.029,54,128,0.99074,3.17,0.44,12.2,quality_7_plus,quality_7_plus,0.68,0.32,0.68
2899,white_wine_3543,87b6f2b58a8a59c2,6.6,0.23,0.37,8.5,0.036,46,153,0.99576,3.2,0.48,9.4,quality_below_7,quality_below_7,0.05,0.95,0.95
2908,white_wine_3557,9ff4c09bec6794ee,4.8,0.21,0.21,10.2,0.037,17,112,0.99324,3.66,0.48,12.2,quality_7_plus,quality_below_7,0.28,0.72,0.72
2910,white_wine_3561,31343c7fbf6fd7c7,6.6,0.64,0.28,4.4,0.032,19,78,0.99036,3.11,0.62,12.9,quality_below_7,quality_7_plus,0.59,0.41,0.59
2912,white_wine_3563,5a68a55035f033b7,7.6,0.37,0.34,3.2,0.028,42,162,0.9903,3.01,0.33,12.4,quality_below_7,quality_7_plus,0.54,0.46,0.54
2915,white_wine_3568,2141199039ffd089,6.9,0.26,0.27,4.2,0.031,20,80,0.99089,3.12,0.39,11.5,quality_below_7,quality_below_7,0.41,0.59,0.59
2916,white_wine_3569,369f20e8a7971781,7.8,0.15,0.34,1.1,0.035,31,93,0.99096,3.07,0.72,11.3,quality_7_plus,quality_below_7,0.2,0.8,0.8
2920,white_wine_3576,bd8dd39d269bc1cc,6.8,0.18,0.28,1.1,0.027,32,112,0.99089,3.15,0.45,11,quality_7_plus,quality_below_7,0.18,0.82,0.82
2922,white_wine_3578,cfa38578b39de232,7.3,0.23,0.27,2.6,0.035,39,120,0.99138,3.04,0.59,11.3,quality_7_plus,quality_7_plus,0.53,0.47,0.53
2927,white_wine_3583,f7545e46ac401109,6.3,0.32,0.32,1.5,0.037,12,76,0.98993,3.3,0.46,12.3,quality_below_7,quality_below_7,0.31,0.69,0.69
2929,white_wine_3586,5325685e5d2162c6,7,0.24,0.35,1,0.032,42,104,0.98988,3.16,0.37,11.7,quality_7_plus,quality_below_7,0.26,0.74,0.74
2933,white_wine_3592,34eafd1e5043c3f6,6.4,0.28,0.36,1.3,0.053,28,186,0.99211,3.31,0.45,10.8,quality_below_7,quality_below_7,0.07,0.93,0.93
2940,white_wine_3599,1fbc4fff059f722b,5.8,0.2,0.24,1.4,0.033,65,169,0.99043,3.59,0.56,12.3,quality_7_plus,quality_7_plus,0.55,0.45,0.55
2956,white_wine_3620,f1335292bb04fc8f,6.8,0.45,0.28,26.05,0.031,27,122,1.00295,3.06,0.42,10.6,quality_below_7,quality_below_7,0.16,0.84,0.84
2957,white_wine_3621,1e9113c9856c600f,6.3,0.2,0.26,4.7,0.04,108,168,0.99278,3.07,0.75,10.7,quality_7_plus,quality_below_7,0.3,0.7,0.7
2958,white_wine_3625,e5d3ee3e4654bb21,6.6,0.36,0.28,6.1,0.029,12,93,0.99054,3.19,0.27,12.8,quality_7_plus,quality_7_plus,0.59,0.41,0.59
2963,white_wine_3633,797baef100127f8c,6.5,0.21,0.51,17.6,0.045,34,125,0.99966,3.2,0.47,8.8,quality_below_7,quality_below_7,0.11,0.89,0.89
2969,white_wine_3640,ba714b48229be669,6.7,0.13,0.32,3.7,0.017,32,99,0.99348,3.12,0.44,10,quality_below_7,quality_below_7,0.4,0.6,0.6
2980,white_wine_3653,026e16efd950eda7,6.6,0.085,0.33,1.4,0.036,17,109,0.99306,3.27,0.61,9.5,quality_below_7,quality_below_7,0.24,0.76,0.76
2981,white_wine_3655,8ff1aa8b8f3ab3f1,6.8,0.18,0.32,7.2,0.047,17,109,0.99498,3.42,0.44,10.4,quality_below_7,quality_below_7,0.1,0.9,0.9
2984,white_wine_3658,8be2e77a250f4412,5.7,0.15,0.47,11.4,0.035,49,128,0.99456,3.03,0.34,10.5,quality_7_plus,quality_below_7,0.27,0.73,0.73
2985,white_wine_3659,04216a27aba51a73,5.8,0.275,0.3,5.4,0.043,41,149,0.9926,3.33,0.42,10.8,quality_7_plus,quality_7_plus,0.5,0.5,0.5
2990,white_wine_3664,3465edace632bd44,6.5,0.26,0.31,1.3,0.034,59,145,0.98944,3.16,0.54,12.4,quality_below_7,quality_7_plus,0.6,0.4,0.6
2993,white_wine_3669,cd47e58f21968c72,6.5,0.27,0.26,11,0.03,2,82,0.99402,3.07,0.36,11.2,quality_below_7,quality_below_7,0.17,0.83,0.83
2994,white_wine_3670,36649da4a3c63911,5.9,0.37,0.32,1.6,0.029,41,102,0.98916,3.41,0.55,12.7,quality_7_plus,quality_7_plus,0.65,0.35,0.65
2998,white_wine_3674,d58862a99c7f991d,5.4,0.3,0.3,1.2,0.029,25,93,0.98742,3.31,0.4,13.6,quality_7_plus,quality_7_plus,0.8,0.2,0.8
3000,white_wine_3676,0c27cdd74c755d5b,5.6,0.25,0.19,2.4,0.049,42,166,0.992,3.25,0.43,10.4,quality_below_7,quality_below_7,0.08,0.92,0.92
3009,white_wine_3687,e0156f5e42fba50b,7.6,0.3,0.37,1.6,0.087,27,177,0.99438,3.09,0.5,9.8,quality_below_7,quality_below_7,0.0,1.0,1.0
3010,white_wine_3688,cdb05d40276719cf,6,0.16,0.27,12,0.03,39,98,0.99402,3.15,0.34,10.8,quality_below_7,quality_below_7,0.25,0.75,0.75
3016,white_wine_3699,dd7e004597aefb45,6.3,0.22,0.34,1.2,0.036,32,96,0.98961,3.06,0.74,11.6,quality_below_7,quality_below_7,0.35,0.65,0.65
3017,white_wine_3701,b303bbc8217ccd1e,7,0.3,0.27,1.5,0.076,24,145,0.99344,3.1,0.52,10.1,quality_below_7,quality_below_7,0.03,0.97,0.97
3019,white_wine_3703,43321fbe25be87bb,7.5,0.24,0.31,13.1,0.05,26,180,0.99884,3.05,0.53,9.1,quality_below_7,quality_below_7,0.12,0.88,0.88
3031,white_wine_3720,8ca9f00e92b3ef8a,6.6,0.3,0.45,8,0.038,54,200,0.9956,3.18,0.48,9.5,quality_below_7,quality_below_7,0.02,0.98,0.98
3037,white_wine_3726,c94d9b12e9478e87,6.6,0.26,0.28,9.4,0.028,13,121,0.99254,3.17,0.34,12.1,quality_below_7,quality_below_7,0.37,0.63,0.63
3040,white_wine_3730,b0d45063b42964bf,7.5,0.28,0.41,1.3,0.044,11,126,0.99293,3.28,0.45,10.3,quality_below_7,quality_below_7,0.04,0.96,0.96
3045,white_wine_3736,a0a7b273dda4edbb,6.1,0.22,0.46,1.8,0.16,34,74,0.9884,3.19,0.33,13.4,quality_below_7,quality_7_plus,0.52,0.48,0.52
3061,white_wine_3763,272eb72068952484,7.4,0.2,0.35,6.1,0.025,10,40,0.99244,2.79,0.52,10.9,quality_below_7,quality_below_7,0.28,0.72,0.72
3066,white_wine_3772,b177c3461a279125,6.1,0.27,0.28,9.8,0.042,61,125,0.99532,3.14,0.42,10.2,quality_below_7,quality_below_7,0.06,0.94,0.94
3080,white_wine_3789,f92b6721a2bffd5f,6.6,0.27,0.52,8.1,0.044,53,202,0.99548,3.18,0.48,9.5,quality_below_7,quality_below_7,0.0,1.0,1.0
3081,white_wine_3790,d1a47a7bfa81a51b,6.6,0.26,0.52,8.2,0.047,52,191,0.99541,3.16,0.47,9.5,quality_below_7,quality_below_7,0.0,1.0,1.0
3086,white_wine_3797,dcd44368bdd6c15b,6.6,0.13,0.29,13.9,0.056,33,95,0.99702,3.17,0.39,9.4,quality_below_7,quality_below_7,0.26,0.74,0.74
3096,white_wine_3812,c4b928fe57cde9ea,7.2,0.28,0.38,2,0.052,23,156,0.9912,3.13,0.52,11.1,quality_below_7,quality_below_7,0.18,0.82,0.82
3104,white_wine_3823,445564bb4fb5629a,7,0.33,0.28,5.7,0.033,39,204,0.99176,3.17,0.64,12.5,quality_below_7,quality_below_7,0.38,0.62,0.62
3105,white_wine_3824,067b27698f890e63,6.7,0.26,0.49,8.1,0.052,48,197,0.99558,3.19,0.48,9.5,quality_below_7,quality_below_7,0.0,1.0,1.0
3107,white_wine_3826,e034f9611c7cc62a,6.7,0.46,0.21,4,0.034,12,88,0.99016,3.26,0.54,13,quality_below_7,quality_7_plus,0.69,0.31,0.69
3112,white_wine_3834,478121e1de5d5651,7,0.15,0.29,16.4,0.058,45,110,0.9978,3.15,0.37,9.7,quality_below_7,quality_below_7,0.33,0.67,0.67
3114,white_wine_3836,dcd1d5e9a1cd4ab0,6.2,0.31,0.23,3.3,0.052,34,113,0.99429,3.16,0.48,8.4,quality_below_7,quality_below_7,0.0,1.0,1.0
3115,white_wine_3837,26dad88d1b406fbf,8,0.27,0.33,1.2,0.05,41,103,0.99002,3,0.45,12.4,quality_below_7,quality_below_7,0.19,0.81,0.81
3123,white_wine_3850,f8c83e2711b3de99,8.2,0.31,0.43,7,0.047,18,87,0.99628,3.23,0.64,10.6,quality_below_7,quality_below_7,0.09,0.91,0.91
3131,white_wine_3860,d08db307af9dd4b6,7.3,0.25,0.26,7.2,0.048,52,207,0.99587,3.12,0.37,9.2,quality_below_7,quality_below_7,0.02,0.98,0.98
3141,white_wine_3875,14d83a75a95c5d83,6.7,0.26,0.51,8,0.062,50,194,0.99545,3.13,0.5,9.6,quality_below_7,quality_below_7,0.01,0.99,0.99
3143,white_wine_3877,00b17a6323489cb8,6.1,0.22,0.28,16.55,0.059,54,135,0.99665,3.2,0.38,10.5,quality_below_7,quality_below_7,0.03,0.97,0.97
3146,white_wine_3880,0e6c9ed8afb1cea5,6.8,0.73,0.2,6.6,0.054,25,65,0.99324,3.12,0.28,11.1,quality_below_7,quality_below_7,0.17,0.83,0.83
3149,white_wine_3884,9123d4237a55bad9,6.8,0.33,0.31,7.4,0.045,34,143,0.99226,3.06,0.55,12.2,quality_below_7,quality_below_7,0.44,0.56,0.56
3153,white_wine_3893,7b66be8d808462a1,6,0.21,0.3,8.7,0.036,47,127,0.99368,3.18,0.39,10.6,quality_below_7,quality_below_7,0.15,0.85,0.85
3155,white_wine_3895,401d0265e1c89a4c,5.9,0.435,0.16,6.4,0.031,21,134,0.99151,3.24,0.46,12.2,quality_below_7,quality_below_7,0.32,0.68,0.68
3157,white_wine_3897,5c62ebe33c6356c2,6.7,0.26,0.29,7.7,0.038,40,179,0.99479,3.23,0.56,10.4,quality_below_7,quality_below_7,0.02,0.98,0.98
3159,white_wine_3899,bd493c34971104a5,8.5,0.23,0.34,1.3,0.035,54,110,0.99176,3.07,0.55,11,quality_7_plus,quality_below_7,0.31,0.69,0.69
3168,white_wine_3912,c45f013861033ea0,7.2,0.23,0.82,1.3,0.149,70,109,0.99304,2.93,0.42,9.2,quality_below_7,quality_below_7,0.08,0.92,0.92
3170,white_wine_3916,da1b1fb221ee77ff,4.7,0.455,0.18,1.9,0.036,33,106,0.98746,3.21,0.83,14,quality_7_plus,quality_7_plus,0.85,0.15,0.85
3172,white_wine_3919,9adc21c0a97ec638,6.4,0.35,0.28,1.6,0.037,31,113,0.98779,3.12,0.4,14.2,quality_7_plus,quality_below_7,0.49,0.51,0.51
3178,white_wine_3927,e16e1f4ef81b09a4,6.9,0.14,0.29,9.9,0.056,30,91,0.99512,3.19,0.33,9.9,quality_below_7,quality_below_7,0.21,0.79,0.79
3179,white_wine_3928,ffc4b1d9ed8635e0,6.5,0.22,0.31,3.9,0.046,17,106,0.99098,3.15,0.31,11.5,quality_below_7,quality_below_7,0.35,0.65,0.65
3181,white_wine_3931,0f794745550b3d76,6.1,0.28,0.26,1.5,0.03,25,101,0.98894,3.03,0.41,12.1,quality_below_7,quality_below_7,0.18,0.82,0.82
3184,white_wine_3934,e533c229be559f40,8.7,0.31,0.21,5.6,0.039,28,67,0.99328,2.96,0.52,11,quality_below_7,quality_below_7,0.17,0.83,0.83
3188,white_wine_3938,6be8d595fc88a826,6.5,0.36,0.36,6.7,0.185,51.5,151,0.99528,3.17,0.42,9.3,quality_below_7,quality_below_7,0.02,0.98,0.98
3198,white_wine_3949,acd1a22a93c96259,5.7,0.14,0.3,5.4,0.045,26,105,0.99469,3.32,0.45,9.3,quality_below_7,quality_below_7,0.03,0.97,0.97
3199,white_wine_3952,29553b7143c7ebf8,6.3,0.33,0.2,17.9,0.066,36,161,0.9991,3.14,0.51,8.8,quality_below_7,quality_below_7,0.01,0.99,0.99
3200,white_wine_3953,5b1cf6dfe1309b22,7,0.16,0.3,2.6,0.043,34,90,0.99047,2.88,0.47,11.2,quality_below_7,quality_below_7,0.34,0.66,0.66
3203,white_wine_3958,2084f164f43770a5,7.7,0.31,0.36,4.3,0.026,15,87,0.99152,3.11,0.48,12,quality_below_7,quality_below_7,0.36,0.64,0.64
3211,white_wine_3967,39f38de2e8b5ec99,5.4,0.185,0.19,7.1,0.048,36,110,0.99438,3.26,0.41,9.5,quality_below_7,quality_below_7,0.0,1.0,1.0
3212,white_wine_3968,1543ecfd75d270ec,6.3,0.27,0.51,7.6,0.049,35,200,0.99548,3.16,0.54,9.4,quality_below_7,quality_below_7,0.02,0.98,0.98
3218,white_wine_3977,13622cd3cd8b2f0e,7,0.32,0.29,7.6,0.025,35,124,0.99162,3.15,0.65,12.8,quality_7_plus,quality_7_plus,0.92,0.08,0.92
3219,white_wine_3978,3508dcdab4d8556d,6.9,0.27,0.25,7.5,0.03,18,117,0.99116,3.09,0.38,13,quality_below_7,quality_7_plus,0.68,0.32,0.68
3220,white_wine_3979,eb15e1bd0d992efe,6.5,0.29,0.53,1.7,0.04,41,192,0.9922,3.26,0.59,10.4,quality_7_plus,quality_below_7,0.09,0.91,0.91
3224,white_wine_3984,8284cb0a8c3db9e0,5.6,0.23,0.25,8,0.043,31,101,0.99429,3.19,0.42,10.4,quality_below_7,quality_below_7,0.09,0.91,0.91
3230,white_wine_3994,dc1d8d1f59d5ee6b,6.7,0.28,0.34,8.9,0.048,32,111,0.99455,3.25,0.54,11,quality_7_plus,quality_below_7,0.21,0.79,0.79
3240,white_wine_4011,4ee7909e408cacb2,7.2,0.21,0.29,3.1,0.044,39,122,0.99143,3,0.6,11.3,quality_below_7,quality_7_plus,0.56,0.44,0.56
3247,white_wine_4021,661c42c4f5433184,6.4,0.37,0.12,5.9,0.056,6,91,0.99536,3.06,0.46,8.4,quality_below_7,quality_below_7,0.01,0.99,0.99
3251,white_wine_4026,3bc3a2db9a05e86a,6.2,0.32,0.45,2.9,0.029,37,94,0.98998,3.25,0.6,12.4,quality_below_7,quality_7_plus,0.59,0.41,0.59
3252,white_wine_4028,af79fedecb5bc0db,6.4,0.26,0.26,1.1,0.052,22,176,0.99304,3.09,0.54,9.3,quality_below_7,quality_below_7,0.0,1.0,1.0
3253,white_wine_4029,35f9e4515a7ae68b,5.9,0.25,0.27,1.5,0.029,37,81,0.9892,3.2,0.46,12.2,quality_below_7,quality_below_7,0.29,0.71,0.71
3261,white_wine_4038,fd97075d49b994fc,7.3,0.34,0.22,1.4,0.044,43,176,0.99286,3.14,0.46,9.9,quality_below_7,quality_below_7,0.02,0.98,0.98
3262,white_wine_4040,27fa48b90fdae158,6.1,1.1,0.16,4.4,0.033,8,109,0.99058,3.35,0.47,12.4,quality_below_7,quality_below_7,0.4,0.6,0.6
3265,white_wine_4043,a58635d8d17536d6,7.4,0.16,0.27,15.5,0.05,25,135,0.9984,2.9,0.43,8.7,quality_7_plus,quality_7_plus,0.56,0.44,0.56
3270,white_wine_4057,9a430e17cd14e2b5,6.5,0.43,0.18,13.15,0.032,25,131,0.99565,3.23,0.51,10.7,quality_below_7,quality_below_7,0.06,0.94,0.94
3273,white_wine_4063,f37f159a9011ce26,7.4,0.36,0.32,1.9,0.036,27,119,0.99196,3.15,0.49,11.2,quality_below_7,quality_below_7,0.17,0.83,0.83
3285,white_wine_4076,d409f78764683404,5.7,0.25,0.26,12.5,0.049,52.5,120,0.99691,3.08,0.45,9.4,quality_below_7,quality_below_7,0.01,0.99,0.99
3296,white_wine_4087,a924bdd8e5d12610,7,0.2,0.4,1.1,0.058,30,93,0.99322,3.03,0.38,9.2,quality_below_7,quality_below_7,0.13,0.87,0.87
3308,white_wine_4102,f5394366c70d72f3,6.9,0.37,0.23,9.5,0.057,54,166,0.99568,3.23,0.42,10,quality_below_7,quality_below_7,0.0,1.0,1.0
3313,white_wine_4108,2a759925ddf1ec5e,6.8,0.3,0.26,20.3,0.037,45,150,0.99727,3.04,0.38,12.3,quality_below_7,quality_below_7,0.38,0.62,0.62
3320,white_wine_4115,4f48e5a087d24ab9,7.5,0.21,0.29,1.5,0.046,35,107,0.99123,3.15,0.45,11.3,quality_below_7,quality_below_7,0.35,0.65,0.65
3329,white_wine_4125,40fb095af0947f67,6,0.13,0.36,1.6,0.052,23,72,0.98974,3.1,0.5,11.5,quality_7_plus,quality_below_7,0.49,0.51,0.51
3330,white_wine_4126,c77148501bc98740,6.3,0.17,0.23,5.7,0.048,44,147,0.99382,3.08,0.54,10,quality_below_7,quality_below_7,0.0,1.0,1.0
3334,white_wine_4130,ec89ce543f9703a1,6.3,0.34,0.31,6,0.02,18,68,0.98981,3.22,0.29,13.4,quality_7_plus,quality_7_plus,0.64,0.36,0.64
3337,white_wine_4134,6d54a73374aed60e,5.7,0.25,0.27,11.5,0.04,24,120,0.99411,3.33,0.31,10.8,quality_below_7,quality_below_7,0.36,0.64,0.64
3341,white_wine_4139,af9433d9dcf5b2a2,6.6,0.23,0.32,1.5,0.041,8,72,0.98949,3.22,0.39,12.7,quality_below_7,quality_below_7,0.34,0.66,0.66
3342,white_wine_4140,0ad4d92a07d49f78,6.8,0.18,0.35,5.4,0.054,53,143,0.99287,3.1,0.54,11,quality_7_plus,quality_below_7,0.32,0.68,0.68
3347,white_wine_4147,24330c3007a2aa62,7.1,0.13,0.29,15.5,0.064,56,115.5,0.99737,3.16,0.41,9.7,quality_7_plus,quality_below_7,0.26,0.74,0.74
3350,white_wine_4151,9fcc8952657f3bd8,7.6,0.48,0.31,9.4,0.046,6,194,0.99714,3.07,0.61,9.4,quality_below_7,quality_below_7,0.03,0.97,0.97
3356,white_wine_4164,8dccfe1eef44e618,7.2,0.26,0.38,1.5,0.061,12,120,0.99192,3.18,0.46,10.4,quality_below_7,quality_below_7,0.11,0.89,0.89
3364,white_wine_4173,8aa1dc14ea867444,6.8,0.34,0.27,5.2,0.06,14,169,0.99252,3.27,0.57,11.6,quality_below_7,quality_below_7,0.19,0.81,0.81
3365,white_wine_4174,c0de41320e161de4,7.1,0.34,0.86,1.4,0.174,36,99,0.99288,2.92,0.5,9.3,quality_below_7,quality_below_7,0.08,0.92,0.92
3366,white_wine_4175,382441479b6ae02e,6.3,0.24,0.22,11.9,0.05,65,179,0.99659,3.06,0.58,9.3,quality_below_7,quality_below_7,0.0,1.0,1.0
3377,white_wine_4187,a685f03f918c8acd,7.6,0.27,0.32,1.2,0.043,23,72,0.99236,3.06,0.68,10.5,quality_below_7,quality_below_7,0.25,0.75,0.75
3383,white_wine_4193,bcea8f25d195b15c,6.7,0.2,0.24,6.5,0.044,28,100,0.99348,3.12,0.33,10.2,quality_below_7,quality_below_7,0.11,0.89,0.89
3388,white_wine_4199,043a45cc7e2eb6ae,7.9,0.36,0.53,12.9,0.049,63,139,0.99792,2.94,0.45,9.1,quality_below_7,quality_below_7,0.05,0.95,0.95
3390,white_wine_4202,1e75215299a1ac12,6.7,0.41,0.27,2.6,0.033,25,85,0.99086,3.05,0.34,11.7,quality_below_7,quality_below_7,0.2,0.8,0.8
3392,white_wine_4204,79bb849a1d61f21a,6.2,0.3,0.32,1.3,0.054,27,183,0.99266,3.3,0.43,10.1,quality_below_7,quality_below_7,0.01,0.99,0.99
3393,white_wine_4205,df9ac3d18b88a639,6.9,0.26,0.38,10.5,0.044,33,139,0.99517,3.06,0.5,10.3,quality_below_7,quality_below_7,0.15,0.85,0.85
3400,white_wine_4213,a9828a6ea841fa52,6.6,0.31,0.37,6.2,0.052,13,164,0.99602,3.24,0.39,8.8,quality_below_7,quality_below_7,0.02,0.98,0.98
3401,white_wine_4214,5d3bfbfc5fc203fe,6.5,0.38,0.53,1.4,0.142,5,69,0.9926,3.14,0.52,10.1,quality_below_7,quality_below_7,0.01,0.99,0.99
3403,white_wine_4218,1306f33c3c0006d2,6.1,0.38,0.14,3.9,0.06,27,113,0.99344,3.07,0.34,9.2,quality_below_7,quality_below_7,0.03,0.97,0.97
3411,white_wine_4228,be9d0cf08dd540e0,5.2,0.2,0.27,3.2,0.047,16,93,0.99235,3.44,0.53,10.1,quality_7_plus,quality_below_7,0.16,0.84,0.84
3413,white_wine_4230,5b6b3c1c00e78d5e,6.3,0.26,0.25,5.2,0.046,11,133,0.99202,2.97,0.68,11,quality_below_7,quality_below_7,0.26,0.74,0.74
3419,white_wine_4236,c82068dbfb41d19a,6.4,0.29,0.18,15,0.04,21,116,0.99736,3.14,0.5,9.2,quality_below_7,quality_below_7,0.01,0.99,0.99
3420,white_wine_4238,461affb2be1ab52a,7.5,0.23,0.3,1.2,0.03,27,80,0.99192,3.05,0.68,10.5,quality_below_7,quality_below_7,0.2,0.8,0.8
3424,white_wine_4243,38549f5ad66f85b2,5.9,0.22,0.29,4.2,0.037,69,144,0.99214,3.13,0.74,10.8,quality_7_plus,quality_7_plus,0.51,0.49,0.51
3428,white_wine_4247,a566db1fd1e07979,5.7,0.18,0.26,2.2,0.023,21,95,0.9893,3.07,0.54,12.3,quality_below_7,quality_below_7,0.3,0.7,0.7
3430,white_wine_4249,40ab4970718d5dca,5.9,0.14,0.2,1.6,0.04,26,114,0.99105,3.25,0.45,11.4,quality_below_7,quality_below_7,0.24,0.76,0.76
3443,white_wine_4264,14d49b5be5cb1775,7,0.55,0.05,8,0.036,19,164,0.99269,3.26,0.46,12.2,quality_below_7,quality_below_7,0.21,0.79,0.79
3444,white_wine_4265,e3addf680e8e0468,5.8,0.2,0.16,1.4,0.042,44,99,0.98912,3.23,0.37,12.2,quality_below_7,quality_below_7,0.38,0.62,0.62
3451,white_wine_4277,4d0a37b5f1612fb7,5.2,0.31,0.2,2.4,0.027,27,117,0.98886,3.56,0.45,13,quality_7_plus,quality_7_plus,0.67,0.33,0.67
3459,white_wine_4290,fef4db6ea61f012d,6.6,0.26,0.27,11.8,0.048,28,112,0.99606,2.87,0.49,9.7,quality_below_7,quality_below_7,0.02,0.98,0.98
3464,white_wine_4299,4fa1df6f6602c345,5.6,0.26,0,10.2,0.038,13,111,0.99315,3.44,0.46,12.4,quality_below_7,quality_below_7,0.24,0.76,0.76
3465,white_wine_4300,811bd5aa536eea52,6.3,0.28,0.3,6.6,0.208,60,154,0.99478,3.1,0.4,9.4,quality_below_7,quality_below_7,0.0,1.0,1.0
3470,white_wine_4305,1d97e554215e5b64,6.1,0.24,0.25,1.6,0.044,24,115,0.9921,3.39,0.59,10.9,quality_below_7,quality_below_7,0.31,0.69,0.69
3473,white_wine_4308,65bbba5b5b947370,6.5,0.22,0.27,1.6,0.039,36,116,0.99178,3.38,0.57,11,quality_7_plus,quality_7_plus,0.59,0.41,0.59
3476,white_wine_4311,26b772d0370cbe7c,5.6,0.225,0.24,9.8,0.054,59,140,0.99545,3.17,0.39,10.2,quality_below_7,quality_below_7,0.12,0.88,0.88
3477,white_wine_4312,97633d2b51087bad,7.1,0.23,0.28,1.9,0.046,33,103,0.98997,3.12,0.31,12,quality_below_7,quality_below_7,0.3,0.7,0.7
3487,white_wine_4325,205e5162c86a1686,5.9,0.2,0.28,1,0.043,45,100,0.99033,3.4,0.41,11.4,quality_below_7,quality_below_7,0.44,0.56,0.56
3490,white_wine_4329,8541a3f0f7386603,6.4,0.42,0.19,9.3,0.043,28,145,0.99433,3.23,0.53,10.98,quality_below_7,quality_below_7,0.26,0.74,0.74
3491,white_wine_4330,d544b1ea25c69902,6.4,0.23,0.26,8.1,0.054,47,181,0.9954,3.12,0.49,9.4,quality_below_7,quality_below_7,0.01,0.99,0.99
3492,white_wine_4333,b9f92764edaaf31a,7.3,0.19,0.27,13.9,0.057,45,155,0.99807,2.94,0.41,8.8,quality_7_plus,quality_below_7,0.39,0.61,0.61
3498,white_wine_4346,cfc185abaf4be8d4,7.1,0.2,0.35,3.2,0.034,21,107,0.99195,3.11,0.54,11.1,quality_below_7,quality_below_7,0.31,0.69,0.69
3501,white_wine_4350,e25d53145e03d660,7.2,0.34,0.28,10.4,0.108,43,187,0.99738,2.96,0.57,9.4,quality_below_7,quality_below_7,0.0,1.0,1.0
3502,white_wine_4351,6192899e1c449468,7,0.36,0.25,5.7,0.015,14,73,0.98963,2.82,0.59,13.2,quality_below_7,quality_7_plus,0.7,0.3,0.7
3504,white_wine_4353,a17329d1ab3e203b,7.3,0.28,0.35,1.6,0.054,31,148,0.99178,3.18,0.47,10.7,quality_below_7,quality_below_7,0.15,0.85,0.85
3512,white_wine_4363,13fb2be69ce3118e,6.2,0.24,0.27,2.9,0.039,30,123,0.98959,3.12,0.37,12.8,quality_below_7,quality_7_plus,0.68,0.32,0.68
3513,white_wine_4364,6810dde23545606c,7.1,0.31,0.25,11.2,0.048,32,136,0.99663,3.14,0.4,9.5,quality_below_7,quality_below_7,0.0,1.0,1.0
3521,white_wine_4374,d6f70e1c1c3a1479,6.1,0.26,0.28,1.7,0.043,24,98,0.98918,3.14,0.44,12.5,quality_below_7,quality_below_7,0.21,0.79,0.79
3525,white_wine_4378,bb75042e24a09ee7,6.5,0.13,0.27,2.6,0.035,32,76,0.9914,3.21,0.76,11.3333333333333,quality_below_7,quality_7_plus,0.5,0.5,0.5
3528,white_wine_4382,90fb029aeba0dabf,6.4,0.3,0.27,5,0.058,27,151,0.99198,3.22,0.49,12.2,quality_below_7,quality_7_plus,0.67,0.33,0.67
3535,white_wine_4391,05c6089acd98defb,6.2,0.25,0.44,15.8,0.057,39,167,0.99804,3.14,0.51,9.2,quality_below_7,quality_below_7,0.03,0.97,0.97
3544,white_wine_4405,b209758404b65d3d,5.9,0.29,0.16,7.9,0.044,48,197,0.99512,3.21,0.36,9.4,quality_below_7,quality_below_7,0.01,0.99,0.99
3551,white_wine_4416,6de7451fcf356f43,6.3,0.305,0.22,16,0.061,26,141,0.99824,3.08,0.5,9.1,quality_below_7,quality_below_7,0.01,0.99,0.99
3554,white_wine_4419,53e7eddfbc5e9dee,6.6,0.22,0.23,17.3,0.047,37,118,0.99906,3.08,0.46,8.8,quality_below_7,quality_below_7,0.01,0.99,0.99
3560,white_wine_4431,4a432ea5926579b4,8.1,0.36,0.59,13.6,0.051,60,134,0.99886,2.96,0.39,8.7,quality_below_7,quality_below_7,0.12,0.88,0.88
3564,white_wine_4435,466521883667afe6,7.2,0.24,0.24,1.7,0.045,18,161,0.99196,3.25,0.53,11.2,quality_below_7,quality_below_7,0.12,0.88,0.88
3566,white_wine_4437,15a7ae16f35ed28f,6.7,0.28,0.28,4.5,0.051,14,92,0.99224,3.36,0.58,11.9,quality_below_7,quality_below_7,0.38,0.62,0.62
3571,white_wine_4442,54944c81c9e30a8f,6.6,0.27,0.25,1.2,0.033,36,111,0.98918,3.16,0.37,12.4,quality_below_7,quality_below_7,0.29,0.71,0.71
3576,white_wine_4450,c06502f671cc55b1,6.4,0.28,0.22,12.8,0.039,51,150,0.99535,3.23,0.43,10.7,quality_below_7,quality_below_7,0.09,0.91,0.91
3586,white_wine_4464,019bbd0bf43faf4e,6.7,0.32,0.32,1.7,0.031,31,114,0.98946,3.12,0.35,12.5,quality_below_7,quality_below_7,0.34,0.66,0.66
3593,white_wine_4472,b94766e38af7fc25,6.2,0.2,0.28,1.1,0.039,24,78,0.9899,3.36,0.47,12.1,quality_below_7,quality_below_7,0.31,0.69,0.69
3595,white_wine_4474,68ce1a8b93a9f2ee,7.1,0.36,0.2,1.6,0.271,24,140,0.99356,3.11,0.63,9.8,quality_below_7,quality_below_7,0.02,0.98,0.98
3599,white_wine_4478,a0a8207cbed75b3c,6.4,0.32,0.26,7.9,0.05,53,180,0.99514,3.14,0.5,9.6,quality_below_7,quality_below_7,0.01,0.99,0.99
3601,white_wine_4481,fc57096af88a75a0,5.9,0.22,0.45,22.6,0.12,55,122,0.99636,3.1,0.35,12.8,quality_below_7,quality_7_plus,0.52,0.48,0.52
3602,white_wine_4483,a9f96de0dc2570be,6.2,0.3,0.33,3.5,0.037,37,155,0.98987,3.18,0.37,12.4,quality_below_7,quality_7_plus,0.53,0.47,0.53
3619,white_wine_4502,7e6697ca4fbd0689,6.6,0.54,0.21,16.3,0.055,41,182,0.9986,3.35,0.54,10.4,quality_below_7,quality_below_7,0.01,0.99,0.99
3623,white_wine_4506,2bd50c87e6ac8dd2,6.4,0.28,0.23,6,0.051,50,162,0.994,3.15,0.52,10.2,quality_below_7,quality_below_7,0.02,0.98,0.98
3640,white_wine_4525,bb652e7c5038c5a6,6.6,0.16,0.25,9.8,0.049,59.5,137,0.995,3.16,0.38,10,quality_below_7,quality_below_7,0.07,0.93,0.93
3646,white_wine_4534,9244deb61867e970,6.1,0.25,0.18,10.5,0.049,41,124,0.9963,3.14,0.35,10.5,quality_below_7,quality_below_7,0.01,0.99,0.99
3650,white_wine_4538,6673e1d23ee2da3a,8.3,0.18,0.37,1.2,0.049,6,94,0.9937,3.18,0.52,10.1,quality_below_7,quality_below_7,0.2,0.8,0.8
3653,white_wine_4541,69389da0a8c561ea,5.8,0.28,0.3,3.9,0.026,36,105,0.98963,3.26,0.58,12.75,quality_below_7,quality_below_7,0.37,0.63,0.63
3656,white_wine_4546,3e697a7b21bc8161,6.3,0.25,0.53,1.8,0.021,41,101,0.989315,3.19,0.31,13,quality_below_7,quality_7_plus,0.64,0.36,0.64
3660,white_wine_4551,0f35015b67f2c012,6.8,0.23,0.33,1.9,0.047,20,101,0.9914,3.1,0.46,11.1,quality_below_7,quality_below_7,0.12,0.88,0.88
3664,white_wine_4556,c1631f07c9f664e1,6.8,0.45,0.3,11.8,0.094,23,97,0.997,3.09,0.44,9.6,quality_below_7,quality_below_7,0.04,0.96,0.96
3670,white_wine_4562,99beafd40c7e1228,6,0.26,0.26,2.2,0.035,10,72,0.989465,3.11,0.48,12.15,quality_below_7,quality_below_7,0.23,0.77,0.77
3671,white_wine_4563,2518ac2b3ca0bfac,5.6,0.18,0.3,10.2,0.028,28,131,0.9954,3.49,0.42,10.8,quality_7_plus,quality_below_7,0.36,0.64,0.64
3681,white_wine_4574,5d3674fefd7da6eb,6.8,0.32,0.23,3.3,0.026,31,99,0.9896,3.1,0.4,12.4,quality_below_7,quality_7_plus,0.53,0.47,0.53
3689,white_wine_4582,c965441266ba8a2a,6,0.27,0.26,1.3,0.038,32,138,0.99125,3.46,0.43,11.1,quality_below_7,quality_below_7,0.42,0.58,0.58
3690,white_wine_4583,7d8844da29574a5b,6.3,0.37,0.51,6.3,0.048,35,146,0.9943,3.1,1.01,10.5,quality_below_7,quality_below_7,0.17,0.83,0.83
3693,white_wine_4586,70331362ebc1ba34,5,0.33,0.23,11.8,0.03,23,158,0.99322,3.41,0.64,11.8,quality_below_7,quality_below_7,0.46,0.54,0.54
3700,white_wine_4594,b959d46bae851f88,6.5,0.36,0.31,13.55,0.053,20,113,0.99544,3.2,0.56,11,quality_below_7,quality_below_7,0.27,0.73,0.73
3705,white_wine_4600,357c7e6dcc743bf2,6.5,0.16,0.33,1,0.027,23,75,0.9908,3.3,0.39,11.4,quality_7_plus,quality_below_7,0.28,0.72,0.72
3708,white_wine_4603,2d6fa12a0a2a5ae6,6.4,0.17,0.34,13.4,0.044,45,139,0.99752,3.06,0.43,9.1,quality_below_7,quality_below_7,0.08,0.92,0.92
3718,white_wine_4613,8b3672b5164463a5,5.8,0.34,0.21,7.2,0.041,48,146,0.99441,3.16,0.49,9.8,quality_below_7,quality_below_7,0.01,0.99,0.99
3720,white_wine_4615,79d0659c6399987d,7.1,0.33,0.18,6.3,0.094,27,166,0.99474,2.9,0.49,9.5,quality_below_7,quality_below_7,0.04,0.96,0.96
3734,white_wine_4630,d4f89ff1ec914baf,5.6,0.24,0.34,2,0.041,14,73,0.98981,3.04,0.45,11.6,quality_7_plus,quality_below_7,0.2,0.8,0.8
3735,white_wine_4631,46de7b8b628b14bf,5.7,0.25,0.32,12.2,0.041,43,127,0.99524,3.23,0.53,10.4,quality_7_plus,quality_below_7,0.07,0.93,0.93
3741,white_wine_4638,7a3f46f56054b47a,6,0.24,0.41,1.3,0.036,42,118,0.99018,3.04,0.64,11.7333333333333,quality_below_7,quality_below_7,0.29,0.71,0.71
3744,white_wine_4641,9d64331c7a0939f5,6,0.24,0.41,1.3,0.036,42,118,0.99018,3.04,0.64,11.75,quality_below_7,quality_below_7,0.29,0.71,0.71
3752,white_wine_4649,1bbd466dd2fe6ca9,6.7,0.61,0.21,1.65,0.117,40,240,0.9938,3.11,0.57,9.3,quality_below_7,quality_below_7,0.01,0.99,0.99
3756,white_wine_4653,4f33261acee78c8f,6.1,0.38,0.47,1.4,0.051,59,210,0.99309,3.24,0.5,9.6,quality_below_7,quality_below_7,0.03,0.97,0.97
3757,white_wine_4654,e0f9fd98894227bd,6.3,0.36,0.28,2.5,0.035,18,73,0.98868,3.1,0.47,12.8,quality_7_plus,quality_7_plus,0.64,0.36,0.64
3760,white_wine_4659,af209961c58a576c,7.1,0.43,0.25,2.8,0.036,43,132,0.98975,3.21,0.47,13.4,quality_below_7,quality_7_plus,0.74,0.26,0.74
3773,white_wine_4674,dbe06f86fa185002,6,0.28,0.52,6.2,0.028,37,104,0.99161,3.28,0.51,11.8,quality_7_plus,quality_7_plus,0.53,0.47,0.53
3775,white_wine_4676,9986633f4e0a102b,5.7,0.21,0.37,4.5,0.04,58,140,0.99332,3.29,0.62,10.6,quality_below_7,quality_below_7,0.27,0.73,0.73
3778,white_wine_4681,219119e9437200fa,6.8,0.63,0.04,1.3,0.058,25,133,0.99271,3.17,0.39,10.2,quality_below_7,quality_below_7,0.03,0.97,0.97
3783,white_wine_4686,7464e13cc092d337,7.2,0.26,0.32,10.4,0.062,23,114,0.9966,3.23,0.49,10.5,quality_below_7,quality_below_7,0.09,0.91,0.91
3786,white_wine_4693,0547d32feee00cd4,6,0.36,0.32,1.1,0.053,26,173,0.99414,3.38,0.54,8.8,quality_below_7,quality_below_7,0.07,0.93,0.93
3793,white_wine_4705,e262cf72456f9026,6.3,0.36,0.5,8.3,0.053,51,202,0.9955,3.2,0.51,9.6,quality_below_7,quality_below_7,0.0,1.0,1.0
3795,white_wine_4707,c925cc2e53c5b910,6.1,0.22,0.4,1.85,0.031,25,111,0.98966,3.03,0.3,11.8,quality_7_plus,quality_below_7,0.33,0.67,0.67
3800,white_wine_4712,fc1b51064bc41a6d,5.4,0.205,0.16,12.55,0.051,31,115,0.99564,3.4,0.38,10.8,quality_below_7,quality_below_7,0.06,0.94,0.94
3802,white_wine_4716,c816d13d19c9d603,6.7,0.15,0.32,7.9,0.034,17,81,0.99512,3.29,0.31,10,quality_below_7,quality_below_7,0.31,0.69,0.69
3804,white_wine_4718,cf7a3e246163f8a0,4.8,0.225,0.38,1.2,0.074,47,130,0.99132,3.31,0.4,10.3,quality_below_7,quality_below_7,0.18,0.82,0.82
3817,white_wine_4735,70f6fc12ca837896,5.5,0.16,0.31,1.2,0.026,31,68,0.9898,3.33,0.44,11.6333333333333,quality_below_7,quality_below_7,0.45,0.55,0.55
3820,white_wine_4738,5452b9743aa5feb8,6.1,0.24,0.32,9,0.031,41,134,0.99234,3.25,0.26,12.3,quality_7_plus,quality_below_7,0.47,0.53,0.53
3822,white_wine_4740,a044f649f0e2dde2,5.5,0.16,0.31,1.2,0.026,31,68,0.9898,3.33,0.44,11.65,quality_below_7,quality_below_7,0.45,0.55,0.55
3823,white_wine_4741,35ca83012bba86cd,6,0.32,0.46,1.5,0.05,56,189,0.99308,3.24,0.49,9.6,quality_below_7,quality_below_7,0.01,0.99,0.99
3825,white_wine_4743,34433b3195412a05,6,0.27,0.32,3.6,0.035,36,133,0.99215,3.23,0.46,10.8,quality_below_7,quality_below_7,0.16,0.84,0.84
3833,white_wine_4752,2457213db74d6c53,7.3,0.36,0.62,7.1,0.033,48,185,0.99472,3.14,0.62,10.6,quality_below_7,quality_below_7,0.16,0.84,0.84
3848,white_wine_4769,7bcf80c92db86ca0,6.8,0.27,0.3,13,0.047,69,160,0.99705,3.16,0.5,9.6,quality_below_7,quality_below_7,0.03,0.97,0.97
3850,white_wine_4774,2466cbb05249e9a4,5.2,0.21,0.31,1.7,0.048,17,61,0.98953,3.24,0.37,12,quality_7_plus,quality_below_7,0.27,0.73,0.73
3865,white_wine_4791,d1b10d9aba7fee2b,6.2,0.3,0.42,2.2,0.036,28,128,0.9901,3.13,0.38,11.6,quality_below_7,quality_below_7,0.24,0.76,0.76
3869,white_wine_4796,457fab4061e981c0,6.4,0.105,0.29,1.1,0.035,44,140,0.99142,3.17,0.55,10.7,quality_7_plus,quality_below_7,0.27,0.73,0.73
3871,white_wine_4799,8bc027d77b877fd9,5.9,0.32,0.19,14.5,0.042,37,115,0.99684,3.16,0.43,10.3,quality_below_7,quality_below_7,0.05,0.95,0.95
3875,white_wine_4804,5fd0f395cca603ad,6.4,0.31,0.5,5.8,0.038,42,111,0.99189,3.18,0.53,11.9,quality_7_plus,quality_7_plus,0.6,0.4,0.6
3878,white_wine_4807,f51828677c8c15ac,6.6,0.28,0.09,10.9,0.051,37,131,0.99566,2.93,0.62,9.5,quality_below_7,quality_below_7,0.03,0.97,0.97
3880,white_wine_4809,57241ce873597809,7.3,0.35,0.67,8.3,0.053,10,100,0.9959,3.19,0.5,10.9,quality_below_7,quality_below_7,0.15,0.85,0.85
3885,white_wine_4814,9f70694d1912c69a,5.8,0.36,0.5,1,0.127,63,178,0.99212,3.1,0.45,9.7,quality_below_7,quality_below_7,0.04,0.96,0.96
3886,white_wine_4815,b866c02b814e68ee,5.7,0.4,0.35,5.1,0.026,17,113,0.99052,3.18,0.67,12.4,quality_below_7,quality_below_7,0.44,0.56,0.56
3887,white_wine_4816,70772fb687b22ebe,6.2,0.76,0.01,3.2,0.041,18,120,0.99026,3.2,0.94,13.7,quality_7_plus,quality_7_plus,0.51,0.49,0.51
3890,white_wine_4819,a5f29e8219334377,6,0.27,0.4,1.7,0.021,18,82,0.9891,3.24,0.95,13.1333333333333,quality_below_7,quality_7_plus,0.51,0.49,0.51
3896,white_wine_4828,e7a67a58b19c75d4,6.7,0.22,0.33,1.2,0.036,36,86,0.99058,3.1,0.76,11.4,quality_below_7,quality_below_7,0.31,0.69,0.69
3897,white_wine_4830,e67787943e0688b9,6,0.32,0.33,9.9,0.032,22,90,0.99258,3.1,0.43,12.1,quality_7_plus,quality_below_7,0.21,0.79,0.79
3901,white_wine_4834,1296876a6cf317c9,5.6,0.33,0.28,1.2,0.031,33,97,0.99126,3.49,0.58,10.9,quality_below_7,quality_below_7,0.45,0.55,0.55
3902,white_wine_4835,53d1f13d5201c5a3,5.9,0.37,0.3,1.5,0.033,35,95,0.98986,3.36,0.56,12,quality_7_plus,quality_below_7,0.49,0.51,0.51
3904,white_wine_4837,d95bd7c7e04d7a19,6.7,0.5,0.36,11.5,0.096,18,92,0.99642,3.11,0.49,9.6,quality_below_7,quality_below_7,0.03,0.97,0.97
3905,white_wine_4838,8d03985fee30025f,6.5,0.28,0.38,7.8,0.031,54,216,0.99154,3.03,0.42,13.1,quality_below_7,quality_7_plus,0.52,0.48,0.52
3909,white_wine_4842,0044679cc9f20e38,5.7,0.22,0.25,1.1,0.05,97,175,0.99099,3.44,0.62,11.1,quality_below_7,quality_below_7,0.48,0.52,0.52
3915,white_wine_4848,cedc59b7c6037990,4.4,0.54,0.09,5.1,0.038,52,97,0.99022,3.41,0.4,12.2,quality_7_plus,quality_below_7,0.39,0.61,0.61
3916,white_wine_4849,3e5ffc60e9aede26,7,0.36,0.35,2.5,0.048,67,161,0.99146,3.05,0.56,11.1,quality_below_7,quality_below_7,0.29,0.71,0.71
3917,white_wine_4850,5b09c9bfbcb7a38a,6.4,0.33,0.44,8.9,0.055,52,164,0.99488,3.1,0.48,9.6,quality_below_7,quality_below_7,0.01,0.99,0.99
3918,white_wine_4853,83a8cacdac130ff6,6.2,0.23,0.38,1.6,0.044,12,113,0.99176,3.3,0.73,11.4,quality_below_7,quality_below_7,0.29,0.71,0.71
3921,white_wine_4856,8d751730b8c3d2b0,7.1,0.23,0.39,13.7,0.058,26,172,0.99755,2.9,0.46,9,quality_below_7,quality_below_7,0.09,0.91,0.91
3925,white_wine_4861,fe716720e080eb91,6,0.52,0.33,7.7,0.046,24,119,0.99224,3.04,0.38,11,quality_below_7,quality_below_7,0.17,0.83,0.83
3928,white_wine_4864,df609add2a0fa678,6.2,0.36,0.32,4,0.036,44,92,0.98936,3.2,0.5,13.3,quality_7_plus,quality_7_plus,0.91,0.09,0.91
3930,white_wine_4866,db3dffa11cbc3e95,6.2,0.355,0.35,2,0.046,31,95,0.98822,3.06,0.46,13.6,quality_below_7,quality_7_plus,0.69,0.31,0.69
3933,white_wine_4869,b74e72e759e80a5e,5.8,0.23,0.31,4.5,0.046,42,124,0.99324,3.31,0.64,10.8,quality_below_7,quality_below_7,0.34,0.66,0.66
3938,white_wine_4874,63647f65b8e35d5b,5.7,0.21,0.32,1.6,0.03,33,122,0.99044,3.33,0.52,11.9,quality_below_7,quality_7_plus,0.5,0.5,0.5
3941,white_wine_4877,34ba3b4d0277ba3d,6.2,0.38,0.42,2.5,0.038,34,117,0.99132,3.36,0.59,11.6,quality_7_plus,quality_7_plus,0.61,0.39,0.61
3946,white_wine_4883,348df444ae2d7335,5.5,0.32,0.13,1.3,0.037,45,156,0.99184,3.26,0.38,10.7,quality_below_7,quality_below_7,0.15,0.85,0.85
3956,white_wine_4893,52250578da3aaf9d,6.5,0.23,0.38,1.3,0.032,29,112,0.99298,3.29,0.54,9.7,quality_below_7,quality_below_7,0.16,0.84,0.84
3957,white_wine_4894,73138c22fa0be662,6.2,0.21,0.29,1.6,0.039,24,92,0.99114,3.27,0.5,11.2,quality_below_7,quality_below_7,0.32,0.68,0.68
3961,white_wine_4898,33f48f304099b280,6,0.21,0.38,0.8,0.02,22,98,0.98941,3.26,0.32,11.8,quality_below_7,quality_below_7,0.16,0.84,0.84
