example_id,fixed acidity,volatile acidity,citric acid,residual sugar,chlorides,free sulfur dioxide,total sulfur dioxide,density,pH,sulphates,alcohol,sample_group,target
white_wine_0001,7,0.27,0.36,20.7,0.045,45,170,1.001,3,0.45,8.8,e2eae4f19f2eff33,quality_below_7
white_wine_0002,6.3,0.3,0.34,1.6,0.049,14,132,0.994,3.3,0.49,9.5,61eb73f653f49732,quality_below_7
white_wine_0003,8.1,0.28,0.4,6.9,0.05,30,97,0.9951,3.26,0.44,10.1,7cb163efe0518923,quality_below_7
white_wine_0004,7.2,0.23,0.32,8.5,0.058,47,186,0.9956,3.19,0.4,9.9,1bc5c727765d2706,quality_below_7
white_wine_0007,6.2,0.32,0.16,7,0.045,30,136,0.9949,3.18,0.47,9.6,1e0f74e08241f7cf,quality_below_7
white_wine_0010,8.1,0.22,0.43,1.5,0.044,28,129,0.9938,3.22,0.45,11,a9e2647a9b3e018d,quality_below_7
white_wine_0011,8.1,0.27,0.41,1.45,0.033,11,63,0.9908,2.99,0.56,12,24dca929b6ad4804,quality_below_7
white_wine_0012,8.6,0.23,0.4,4.2,0.035,17,109,0.9947,3.14,0.53,9.7,2725553700971250,quality_below_7
white_wine_0013,7.9,0.18,0.37,1.2,0.04,16,75,0.992,3.18,0.63,10.8,4cadee282b8157a9,quality_below_7
white_wine_0014,6.6,0.16,0.4,1.5,0.044,48,143,0.9912,3.54,0.52,12.4,edbed3aa3a5393f1,quality_7_plus
white_wine_0015,8.3,0.42,0.62,19.25,0.04,41,172,1.0002,2.98,0.67,9.7,b924f0774b33a0c8,quality_below_7
white_wine_0016,6.6,0.17,0.38,1.5,0.032,28,112,0.9914,3.25,0.55,11.4,66a930952f154254,quality_7_plus
white_wine_0017,6.3,0.48,0.04,1.1,0.046,30,99,0.9928,3.24,0.36,9.6,809e9b0aa4108ba3,quality_below_7
white_wine_0018,6.2,0.66,0.48,1.2,0.029,29,75,0.9892,3.33,0.39,12.8,763f28fb17cc2fef,quality_7_plus
white_wine_0019,7.4,0.34,0.42,1.1,0.033,17,171,0.9917,3.12,0.53,11.3,592693139bd88427,quality_below_7
white_wine_0020,6.5,0.31,0.14,7.5,0.044,34,133,0.9955,3.22,0.5,9.5,20c27d0af606887f,quality_below_7
white_wine_0022,6.4,0.31,0.38,2.9,0.038,19,102,0.9912,3.17,0.35,11,454dc3aff35c653f,quality_7_plus
white_wine_0023,6.8,0.26,0.42,1.7,0.049,41,122,0.993,3.47,0.48,10.5,36e5cc3595184587,quality_7_plus
white_wine_0024,7.6,0.67,0.14,1.5,0.074,25,168,0.9937,3.05,0.51,9.3,ef9c8f031715c343,quality_below_7
white_wine_0025,6.6,0.27,0.41,1.3,0.052,16,142,0.9951,3.42,0.47,10,4350c843ce6b9233,quality_below_7
white_wine_0026,7,0.25,0.32,9,0.046,56,245,0.9955,3.25,0.5,10.4,cc3727fd75d7e493,quality_below_7
white_wine_0027,6.9,0.24,0.35,1,0.052,35,146,0.993,3.45,0.44,10,b312074ad50bd59b,quality_below_7
white_wine_0028,7,0.28,0.39,8.7,0.051,32,141,0.9961,3.38,0.53,10.5,c96644fd65a99cfd,quality_below_7
white_wine_0029,7.4,0.27,0.48,1.1,0.047,17,132,0.9914,3.19,0.49,11.6,cecef8026a963878,quality_below_7
white_wine_0030,7.2,0.32,0.36,2,0.033,37,114,0.9906,3.1,0.71,12.3,e36b50170b0b4691,quality_7_plus
white_wine_0031,8.5,0.24,0.39,10.4,0.044,20,142,0.9974,3.2,0.53,10,3036f41fc0be0de8,quality_below_7
white_wine_0032,8.3,0.14,0.34,1.1,0.042,7,47,0.9934,3.47,0.4,10.2,b09f52d25408f1f7,quality_below_7
white_wine_0033,7.4,0.25,0.36,2.05,0.05,31,100,0.992,3.19,0.44,10.8,c83aa5b067b9098e,quality_below_7
white_wine_0034,6.2,0.12,0.34,1.5,0.045,43,117,0.9939,3.42,0.51,9,b881323b75856811,quality_below_7
white_wine_0035,5.8,0.27,0.2,14.95,0.044,22,179,0.9962,3.37,0.37,10.2,a1f5b39fcc413eae,quality_below_7
white_wine_0036,7.3,0.28,0.43,1.7,0.08,21,123,0.9905,3.19,0.42,12.8,4e055b30176b0ba9,quality_below_7
white_wine_0037,6.5,0.39,0.23,5.4,0.051,25,149,0.9934,3.24,0.35,10,310fb0272ab6e7da,quality_below_7
white_wine_0038,7,0.33,0.32,1.2,0.053,38,138,0.9906,3.13,0.28,11.2,7a930f5e3e00984a,quality_below_7
white_wine_0039,7.3,0.24,0.39,17.95,0.057,45,149,0.9999,3.21,0.36,8.6,67826a7b766831d6,quality_below_7
white_wine_0041,6.7,0.23,0.39,2.5,0.172,63,158,0.9937,3.11,0.36,9.4,03f5933935b9b16a,quality_below_7
white_wine_0042,6.7,0.24,0.39,2.9,0.173,63,157,0.9937,3.1,0.34,9.4,45b02b632df62547,quality_below_7
white_wine_0043,7,0.31,0.26,7.4,0.069,28,160,0.9954,3.13,0.46,9.8,db46f939bdcff421,quality_below_7
white_wine_0044,6.6,0.24,0.27,1.4,0.057,33,152,0.9934,3.22,0.56,9.5,43c7e53f619d3902,quality_below_7
white_wine_0045,6.7,0.23,0.26,1.4,0.06,33,154,0.9934,3.24,0.56,9.5,62b20975fab952d0,quality_below_7
white_wine_0046,7.4,0.18,0.31,1.4,0.058,38,167,0.9931,3.16,0.53,10,998625828c27529b,quality_7_plus
white_wine_0047,6.2,0.45,0.26,4.4,0.063,63,206,0.994,3.27,0.52,9.8,663a6bc610fe178e,quality_below_7
white_wine_0048,6.2,0.46,0.25,4.4,0.066,62,207,0.9939,3.25,0.52,9.8,483fe441b9e55662,quality_below_7
white_wine_0050,6.9,0.19,0.35,5,0.067,32,150,0.995,3.36,0.48,9.8,6caeb10250e89422,quality_below_7
white_wine_0051,7.2,0.19,0.31,1.6,0.062,31,173,0.9917,3.35,0.44,11.7,d555417efe0bd7d7,quality_below_7
white_wine_0052,6.6,0.25,0.29,1.1,0.068,39,124,0.9914,3.34,0.58,11,a23726c208da97a9,quality_7_plus
white_wine_0053,6.2,0.16,0.33,1.1,0.057,21,82,0.991,3.32,0.46,10.9,ed10b77e5d567b89,quality_7_plus
white_wine_0054,6.4,0.18,0.35,1,0.045,39,108,0.9911,3.31,0.35,10.9,038b71ea24c7782e,quality_below_7
white_wine_0055,6.8,0.2,0.59,0.9,0.147,38,132,0.993,3.05,0.38,9.1,61304e3e47f13ffe,quality_below_7
white_wine_0056,6.9,0.25,0.35,1.3,0.039,29,191,0.9908,3.13,0.52,11,7e9d8c43b271b73d,quality_below_7
white_wine_0057,7.2,0.21,0.34,11.9,0.043,37,213,0.9962,3.09,0.5,9.6,a5bf2ea8c175cd92,quality_below_7
white_wine_0058,6,0.19,0.26,12.4,0.048,50,147,0.9972,3.3,0.36,8.9,3eedc0abd7b0c5eb,quality_below_7
white_wine_0059,6.6,0.38,0.15,4.6,0.044,25,78,0.9931,3.11,0.38,10.2,e09475602a7dc26d,quality_below_7
white_wine_0060,7.4,0.2,0.36,1.2,0.038,44,111,0.9926,3.36,0.34,9.9,dbcc26b54b797fee,quality_below_7
white_wine_0061,6.8,0.22,0.24,4.9,0.092,30,123,0.9951,3.03,0.46,8.6,fdb446298100e04c,quality_below_7
white_wine_0063,7,0.47,0.07,1.1,0.035,17,151,0.991,3.02,0.34,10.5,55d5d4f218fc7fe1,quality_below_7
white_wine_0065,7.2,0.24,0.27,1.4,0.038,31,122,0.9927,3.15,0.46,10.3,00821d7b1d0f2fb8,quality_below_7
white_wine_0066,6.2,0.35,0.03,1.2,0.064,29,120,0.9934,3.22,0.54,9.1,7360e763c9837c77,quality_below_7
white_wine_0067,6.4,0.26,0.24,6.4,0.04,27,124,0.9903,3.22,0.49,12.6,56f6fead0417bb0c,quality_7_plus
white_wine_0068,6.7,0.25,0.13,1.2,0.041,81,174,0.992,3.14,0.42,9.8,eefb59509d5e09a8,quality_below_7
white_wine_0069,6.7,0.23,0.31,2.1,0.046,30,96,0.9926,3.33,0.64,10.7,47c62def4b289058,quality_7_plus
white_wine_0070,7.4,0.24,0.29,10.1,0.05,21,105,0.9962,3.13,0.35,9.5,d1c1279958f5b457,quality_below_7
white_wine_0071,6.2,0.27,0.43,7.8,0.056,48,244,0.9956,3.1,0.51,9,d5485971c840784c,quality_below_7
white_wine_0072,6.8,0.3,0.23,4.6,0.061,50.5,238.5,0.9958,3.32,0.6,9.5,9e8fdb9f0af7c162,quality_below_7
white_wine_0073,6,0.27,0.28,4.8,0.063,31,201,0.9964,3.69,0.71,10,ab9baa6c294eff1d,quality_below_7
white_wine_0074,8.6,0.23,0.46,1,0.054,9,72,0.9941,2.95,0.49,9.1,d6b3374c10538792,quality_below_7
white_wine_0077,7.1,0.18,0.36,1.4,0.043,31,87,0.9898,3.26,0.37,12.7,fb9c4ca185d97893,quality_7_plus
white_wine_0078,7,0.32,0.34,1.3,0.042,20,69,0.9912,3.31,0.65,12,2182b1b2c38a2f37,quality_7_plus
white_wine_0079,7.4,0.18,0.3,8.8,0.064,26,103,0.9961,2.94,0.56,9.3,aa1e9a2d1ca49709,quality_below_7
white_wine_0080,6.7,0.54,0.28,5.4,0.06,21,105,0.9949,3.27,0.37,9,1962cf3867a6ed0f,quality_below_7
white_wine_0081,6.8,0.22,0.31,1.4,0.053,34,114,0.9929,3.39,0.77,10.6,fb21319f34cd0d81,quality_below_7
white_wine_0082,7.1,0.2,0.34,16,0.05,51,166,0.9985,3.21,0.6,9.2,6398c3bd6f12bd56,quality_below_7
white_wine_0083,7.1,0.34,0.2,6.1,0.063,47,164,0.9946,3.17,0.42,10,8f0d705785c48ede,quality_below_7
white_wine_0084,7.3,0.22,0.3,8.2,0.047,42,207,0.9966,3.33,0.46,9.5,953e0b8001187b8e,quality_below_7
white_wine_0085,7.1,0.43,0.61,11.8,0.045,54,155,0.9974,3.11,0.45,8.7,47d7b79152f7622a,quality_below_7
white_wine_0086,7.1,0.44,0.62,11.8,0.044,52,152,0.9975,3.12,0.46,8.7,88983ed44d88c4ea,quality_below_7
white_wine_0087,7.2,0.39,0.63,11,0.044,55,156,0.9974,3.09,0.44,8.7,d37da6deca880d5a,quality_below_7
white_wine_0088,6.8,0.25,0.31,13.3,0.05,69,202,0.9972,3.22,0.48,9.7,aab593012db72fb8,quality_below_7
white_wine_0092,6.1,0.27,0.43,7.5,0.049,65,243,0.9957,3.12,0.47,9,e9f6b58d59166fe5,quality_below_7
white_wine_0093,6.9,0.24,0.33,1.7,0.035,47,136,0.99,3.26,0.4,12.6,2f390b6ac934dffa,quality_7_plus
white_wine_0094,6.9,0.21,0.33,1.8,0.034,48,136,0.9899,3.25,0.41,12.6,48c68a462a5b2ad2,quality_7_plus
white_wine_0095,7.5,0.17,0.32,1.7,0.04,51,148,0.9916,3.21,0.44,11.5,339e391bef56cde4,quality_7_plus
white_wine_0096,7.1,0.26,0.29,12.4,0.044,62,240,0.9969,3.04,0.42,9.2,3019590b0533134a,quality_below_7
white_wine_0097,6,0.34,0.66,15.9,0.046,26,164,0.9979,3.14,0.5,8.8,a4e88af8da4f2bfa,quality_below_7
white_wine_0098,8.6,0.265,0.36,1.2,0.034,15,80,0.9913,2.95,0.36,11.4,f3242adf0ae973f6,quality_7_plus
white_wine_0099,9.8,0.36,0.46,10.5,0.038,4,83,0.9956,2.89,0.3,10.1,ac0198d5a03ec177,quality_below_7
white_wine_0101,7.4,0.25,0.37,13.5,0.06,52,192,0.9975,3,0.44,9.1,7e9c37627f5b9f32,quality_below_7
white_wine_0102,7.1,0.12,0.32,9.6,0.054,64,162,0.9962,3.4,0.41,9.4,841f585a5f685df4,quality_below_7
white_wine_0103,6,0.21,0.24,12.1,0.05,55,164,0.997,3.34,0.39,9.4,9e54b93ae14dffff,quality_below_7
white_wine_0104,7.5,0.305,0.4,18.9,0.059,44,170,1,2.99,0.46,9,dc6e162e7983aa65,quality_below_7
white_wine_0106,7.3,0.13,0.32,14.4,0.051,34,109,0.9974,3.2,0.35,9.2,acd30a7998e79b84,quality_below_7
white_wine_0108,7.1,0.23,0.35,16.5,0.04,60,171,0.999,3.16,0.59,9.1,dec39ca76a0116b4,quality_below_7
white_wine_0110,6.9,0.33,0.28,1.3,0.051,37,187,0.9927,3.27,0.6,10.3,7f9481bd62d7b6dc,quality_below_7
white_wine_0111,6.5,0.17,0.54,8.5,0.082,64,163,0.9959,2.89,0.39,8.8,8c14105b370e221c,quality_below_7
white_wine_0112,7.2,0.27,0.46,18.75,0.052,45,255,1,3.04,0.52,8.9,039b823479da13f1,quality_below_7
white_wine_0113,7.2,0.31,0.5,13.3,0.056,68,195,0.9982,3.01,0.47,9.2,bb322edadba2a07c,quality_below_7
white_wine_0114,6.7,0.41,0.34,9.2,0.049,29,150,0.9968,3.22,0.51,9.1,d9b716575bd9ffac,quality_below_7
white_wine_0116,5.5,0.485,0,1.5,0.065,8,103,0.994,3.63,0.4,9.7,f0ecbcf13261b65f,quality_below_7
white_wine_0117,6,0.31,0.24,3.3,0.041,25,143,0.9914,3.31,0.44,11.3,7c342d1da03e8906,quality_below_7
white_wine_0118,7,0.14,0.4,1.7,0.035,16,85,0.9911,3.19,0.42,11.8,e24900fbe0fecdb6,quality_below_7
white_wine_0120,7.3,0.32,0.48,13.3,0.06,57,196,0.9982,3.04,0.5,9.2,f8da43bc71db8837,quality_below_7
white_wine_0121,5.9,0.36,0.04,5.7,0.046,21,87,0.9934,3.22,0.51,10.2,b1f65ac636dfda00,quality_below_7
white_wine_0122,7.8,0.24,0.32,12.2,0.054,42,138,0.9984,3.01,0.54,8.8,be92458ed3e9aff0,quality_below_7
white_wine_0123,7.4,0.16,0.31,6.85,0.059,31,131,0.9952,3.29,0.34,9.7,6d14bbacafbf9179,quality_below_7
white_wine_0124,6.9,0.19,0.28,5,0.058,14,146,0.9952,3.29,0.36,9.1,90aac830b7ee7f91,quality_below_7
white_wine_0125,6.4,0.13,0.47,1.6,0.092,40,158,0.9928,3.21,0.36,9.8,b48d9d140ffcf15b,quality_below_7
white_wine_0126,6.7,0.19,0.36,1.1,0.026,63,143,0.9912,3.27,0.48,11,4a3155e8eec915b6,quality_below_7
white_wine_0127,7.4,0.39,0.23,7,0.033,29,126,0.994,3.14,0.42,10.5,7bad9d45c16cbda9,quality_below_7
white_wine_0128,6.5,0.24,0.32,7.6,0.038,48,203,0.9958,3.45,0.54,9.7,7461b6430ce01f47,quality_7_plus
white_wine_0129,6.1,0.3,0.56,2.8,0.044,47,179,0.9924,3.3,0.57,10.9,e44563077b6e71a2,quality_7_plus
white_wine_0130,6.1,0.3,0.56,2.7,0.046,46,184,0.9924,3.31,0.57,10.9,78add37ebea9b25f,quality_below_7
white_wine_0131,5.7,0.26,0.25,10.4,0.02,7,57,0.994,3.39,0.37,10.6,37103f3a23b88de5,quality_below_7
white_wine_0133,6.5,0.425,0.4,13.1,0.038,59,241,0.9979,3.23,0.57,9,bd6199975f6a7783,quality_below_7
white_wine_0134,6.6,0.24,0.27,15.8,0.035,46,188,0.9982,3.24,0.51,9.2,da497a10a4873eac,quality_below_7
white_wine_0135,6.8,0.27,0.22,8.1,0.034,55,203,0.9961,3.19,0.52,8.9,b377f60a733a7694,quality_below_7
white_wine_0136,6.7,0.27,0.31,15.7,0.036,44,179,0.9979,3.26,0.56,9.6,9fecd712918c86b4,quality_below_7
white_wine_0137,8.2,0.23,0.4,1.2,0.027,36,121,0.992,3.12,0.38,10.7,fe0f08cf61a1b771,quality_below_7
white_wine_0138,7.1,0.37,0.67,10.5,0.045,49,155,0.9975,3.16,0.44,8.7,b3972d3c4f779902,quality_below_7
white_wine_0139,6.8,0.19,0.36,1.9,0.035,30,96,0.9917,3.15,0.54,10.8,b70e2e65a3d7980c,quality_7_plus
white_wine_0140,8.1,0.28,0.39,1.9,0.029,18,79,0.9923,3.23,0.52,11.8,c2c95b8498330490,quality_below_7
white_wine_0141,6.3,0.31,0.34,2.2,0.045,20,77,0.9927,3.3,0.43,10.2,5867b261e28aab71,quality_below_7
white_wine_0143,7.9,0.21,0.4,1.2,0.039,38,107,0.992,3.21,0.54,10.8,3efca84a8a6dd14c,quality_below_7
white_wine_0144,8.5,0.21,0.41,4.3,0.036,24,99,0.9947,3.18,0.53,9.7,473cfabc1a3409a9,quality_below_7
white_wine_0145,8.1,0.2,0.4,2,0.037,19,87,0.9921,3.12,0.54,11.2,537cc4235b0bcaf5,quality_below_7
white_wine_0146,6.3,0.255,0.37,1.1,0.04,37,114,0.9905,3,0.39,10.9,95978d1738bf2bf6,quality_below_7
white_wine_0147,5.6,0.16,0.27,1.4,0.044,53,168,0.9918,3.28,0.37,10.1,6bcd801aadcf74e3,quality_below_7
white_wine_0148,6.4,0.595,0.14,5.2,0.058,15,97,0.9951,3.38,0.36,9,353c2a69287f0574,quality_below_7
white_wine_0149,6.3,0.34,0.33,4.6,0.034,19,80,0.9917,3.38,0.58,12,4b5601d61f9c433a,quality_7_plus
white_wine_0150,6.9,0.25,0.3,4.1,0.054,23,116,0.994,2.99,0.38,9.4,fc41a8cde82102bb,quality_below_7
white_wine_0151,7.9,0.22,0.38,8,0.043,46,152,0.9934,3.12,0.32,11.5,80e21af13742504c,quality_7_plus
white_wine_0152,7.6,0.18,0.46,10.2,0.055,58,135,0.9968,3.14,0.43,9.9,897b10c22134ca90,quality_below_7
white_wine_0154,7.2,0.18,0.41,1.2,0.048,41,97,0.9919,3.14,0.45,10.4,045da5419afb4c16,quality_below_7
white_wine_0155,8.2,0.23,0.4,7.5,0.049,12,76,0.9966,3.06,0.84,9.7,b0750805882facb8,quality_below_7
white_wine_0156,7.4,0.24,0.42,14,0.066,48,198,0.9979,2.89,0.42,8.9,e5c2e7d53a0c4d8d,quality_below_7
white_wine_0158,6.1,0.32,0.24,1.5,0.036,38,124,0.9898,3.29,0.42,12.4,56f5ce48ec756b4a,quality_7_plus
white_wine_0159,5.2,0.44,0.04,1.4,0.036,43,119,0.9894,3.36,0.33,12.1,68aca951af037e71,quality_7_plus
white_wine_0162,6.4,0.22,0.56,14.5,0.055,27,159,0.998,2.98,0.4,9.1,bd6f099a7b67931c,quality_below_7
white_wine_0163,6.3,0.36,0.3,4.8,0.049,14,85,0.9932,3.28,0.39,10.6,65fe982ecd14338e,quality_below_7
white_wine_0165,6.7,0.24,0.35,13.1,0.05,64,205,0.997,3.15,0.5,9.5,b69beb84a5bab838,quality_below_7
white_wine_0166,7,0.23,0.36,13,0.051,72,177,0.9972,3.16,0.49,9.8,6bd25ad1f77e8d23,quality_below_7
white_wine_0167,8.4,0.27,0.46,8.7,0.048,39,197,0.9974,3.14,0.59,9.6,c749fa79e3616b07,quality_below_7
white_wine_0168,6.7,0.46,0.18,2.4,0.034,25,98,0.9896,3.08,0.44,12.6,95a163d8228e53f5,quality_7_plus
white_wine_0169,7.5,0.29,0.31,8.95,0.055,20,151,0.9968,3.08,0.54,9.3,5fbb0f29f1771dc9,quality_below_7
white_wine_0170,9.8,0.42,0.48,9.85,0.034,5,110,0.9958,2.87,0.29,10,3780dc8eba1af647,quality_below_7
white_wine_0171,7.1,0.3,0.46,1.5,0.066,29,133,0.9906,3.12,0.54,12.7,9c71307ada1a9353,quality_below_7
white_wine_0172,7.9,0.19,0.45,1.5,0.045,17,96,0.9917,3.13,0.39,11,6307412c062a7bb9,quality_below_7
white_wine_0173,7.6,0.48,0.37,0.8,0.037,4,100,0.9902,3.03,0.39,11.4,d916a3c6a342e4c6,quality_below_7
white_wine_0174,6.3,0.22,0.43,4.55,0.038,31,130,0.9918,3.35,0.33,11.5,20320fa8ec858c89,quality_7_plus
white_wine_0175,7.5,0.27,0.31,17.7,0.051,33,173,0.999,3.09,0.64,10.2,d2786f27ecd544d0,quality_below_7
white_wine_0176,6.9,0.23,0.4,7.5,0.04,50,151,0.9927,3.11,0.27,11.4,d1c52a3a988f1fdf,quality_below_7
white_wine_0177,7.2,0.32,0.47,5.1,0.044,19,65,0.991,3.03,0.41,12.6,2d65edd050f624e0,quality_below_7
white_wine_0178,5.9,0.23,0.3,12.9,0.054,57,170,0.9972,3.28,0.39,9.4,c1fa394ce6c311aa,quality_below_7
white_wine_0179,6,0.67,0.07,1.2,0.06,9,108,0.9931,3.11,0.35,8.7,763824006240c45e,quality_below_7
white_wine_0180,6.4,0.25,0.32,5.5,0.049,41,176,0.995,3.19,0.68,9.2,e1a8c8e804a2af49,quality_below_7
white_wine_0181,6.4,0.33,0.31,5.5,0.048,42,173,0.9951,3.19,0.66,9.3,eada2fcdf53b7748,quality_below_7
white_wine_0182,7.1,0.34,0.15,1.2,0.053,61,183,0.9936,3.09,0.43,9.2,6a05d1ae05257b4c,quality_below_7
white_wine_0183,6.8,0.28,0.4,22,0.048,48,167,1.001,2.93,0.5,8.7,aada3b0414aebdda,quality_below_7
white_wine_0184,6.9,0.27,0.4,14,0.05,64,227,0.9979,3.18,0.58,9.6,dec2f6480bc4ad9a,quality_below_7
white_wine_0185,6.8,0.26,0.56,11.9,0.043,64,226,0.997,3.02,0.63,9.3,61d598ba2eee7902,quality_below_7
white_wine_0186,6.8,0.29,0.56,11.9,0.043,66,230,0.9972,3.02,0.63,9.3,ae8fff33a0254261,quality_below_7
white_wine_0187,6.7,0.24,0.41,9.4,0.04,49,166,0.9954,3.12,0.61,9.9,1fde4af631c37e69,quality_below_7
white_wine_0188,5.9,0.3,0.23,4.2,0.038,42,119,0.9924,3.15,0.5,11,2fde564c1de96e59,quality_below_7
white_wine_0189,6.8,0.53,0.35,3.8,0.034,26,109,0.9906,3.26,0.57,12.7,49723a3b8c6be976,quality_7_plus
white_wine_0190,6.5,0.28,0.28,8.5,0.047,54,210,0.9962,3.09,0.54,8.9,c97bf57fb36ef911,quality_below_7
white_wine_0191,6.6,0.28,0.28,8.5,0.052,55,211,0.9962,3.09,0.55,8.9,78f0b06fe22c6bfe,quality_below_7
white_wine_0193,6.8,0.28,0.36,8,0.045,28,123,0.9928,3.02,0.37,11.4,38e67d3ad19f04ae,quality_below_7
white_wine_0194,6.6,0.15,0.34,5.1,0.055,34,125,0.9942,3.36,0.42,9.6,c70238487b2c8bc2,quality_below_7
white_wine_0195,6.4,0.29,0.44,3.6,0.2,75,181,0.9942,3.02,0.41,9.1,cadb3ed8c454f461,quality_below_7
white_wine_0196,6.4,0.3,0.45,3.5,0.197,76,180,0.9942,3.02,0.39,9.1,f4b08788949d86ed,quality_below_7
white_wine_0197,6.4,0.29,0.44,3.6,0.197,75,183,0.9942,3.01,0.38,9.1,7bb21ff00e943d45,quality_below_7
white_wine_0198,6.8,0.26,0.24,7.8,0.052,54,214,0.9961,3.13,0.47,8.9,232db34563320c0f,quality_below_7
white_wine_0199,7.1,0.32,0.24,13.1,0.05,52,204,0.998,3.1,0.49,8.8,1c5ecfdffce821f3,quality_below_7
white_wine_0201,6.8,0.27,0.26,16.1,0.049,55,196,0.9984,3.15,0.5,9.3,369d74289322c4d4,quality_below_7
white_wine_0203,6.9,0.54,0.32,13.2,0.05,53,236,0.9973,3.2,0.5,9.6,6865414b1491e209,quality_below_7
white_wine_0204,6.8,0.26,0.34,13.9,0.034,39,134,0.9949,3.33,0.53,12,816bd3adca1d3dea,quality_below_7
white_wine_0205,5.8,0.28,0.35,2.3,0.053,36,114,0.9924,3.28,0.5,10.2,aafc167d9cefd995,quality_below_7
white_wine_0206,6.4,0.21,0.5,11.6,0.042,45,153,0.9972,3.15,0.43,8.8,3e4a2296e63fa20f,quality_below_7
white_wine_0207,7,0.16,0.32,8.3,0.045,38,126,0.9958,3.21,0.34,9.2,aafecf5bc6452de2,quality_below_7
white_wine_0208,10.2,0.44,0.88,6.2,0.049,20,124,0.9968,2.99,0.51,9.9,0b0af33c8e127bf2,quality_below_7
white_wine_0209,6.8,0.57,0.29,2.2,0.04,15,77,0.9938,3.32,0.74,10.2,80452a8f7014ea89,quality_below_7
white_wine_0210,6.1,0.4,0.31,0.9,0.048,23,170,0.993,3.22,0.77,9.5,0e4c98c334c3fdc8,quality_below_7
white_wine_0211,5.6,0.245,0.25,9.7,0.032,12,68,0.994,3.31,0.34,10.5,89ef87c6dd9c98a3,quality_below_7
white_wine_0212,6.8,0.18,0.38,1.4,0.038,35,111,0.9918,3.32,0.59,11.2,6f847e92a3565f8b,quality_7_plus
white_wine_0214,6.7,0.13,0.29,5.3,0.051,31,122,0.9944,3.44,0.37,9.7,727fe0cb22367878,quality_below_7
white_wine_0215,6.2,0.25,0.25,1.4,0.03,35,105,0.9912,3.3,0.44,11.1,e46c3cd67afcd9df,quality_7_plus
white_wine_0216,5.8,0.26,0.24,9.2,0.044,55,152,0.9961,3.31,0.38,9.4,ed1902b9b2c3755c,quality_below_7
white_wine_0217,7.5,0.27,0.36,7,0.036,45,164,0.9939,3.03,0.33,11,3862187649889448,quality_below_7
white_wine_0219,5.7,0.28,0.24,17.5,0.044,60,167,0.9989,3.31,0.44,9.4,b0537e836d56fec7,quality_below_7
white_wine_0220,7.5,0.23,0.36,7,0.036,43,161,0.9938,3.04,0.32,11,f0ed341ef48c1893,quality_below_7
white_wine_0222,7.2,0.685,0.21,9.5,0.07,33,172,0.9971,3,0.55,9.1,5ff449346deef7f7,quality_below_7
white_wine_0224,6.5,0.19,0.3,0.8,0.043,33,144,0.9936,3.42,0.39,9.1,c3c0cc7bbd8211d5,quality_below_7
white_wine_0225,6.3,0.495,0.22,1.8,0.046,31,140,0.9929,3.39,0.54,10.4,fbc7d38f3ecba4ce,quality_below_7
white_wine_0226,7.1,0.24,0.41,17.8,0.046,39,145,0.9998,3.32,0.39,8.7,a5798e4a7551dc67,quality_below_7
white_wine_0227,6.4,0.17,0.32,2.4,0.048,41,200,0.9938,3.5,0.5,9.7,2caf76a5dd4be0bb,quality_below_7
white_wine_0228,7.1,0.25,0.32,10.3,0.041,66,272,0.9969,3.17,0.52,9.1,4db12e49c4494bad,quality_below_7
white_wine_0231,6.8,0.64,0.08,9.7,0.062,26,142,0.9972,3.37,0.46,8.9,12893c3db4f7e7c8,quality_below_7
white_wine_0232,8.3,0.28,0.4,7.8,0.041,38,194,0.9976,3.34,0.51,9.6,b5d439998ca0d0e5,quality_below_7
white_wine_0233,8.2,0.27,0.39,7.8,0.039,49,208,0.9976,3.31,0.51,9.5,ffd7e322bc39fa99,quality_below_7
white_wine_0234,7.2,0.23,0.38,14.3,0.058,55,194,0.9979,3.09,0.44,9,115af8be15a61b4e,quality_below_7
white_wine_0238,6.8,0.52,0.32,13.2,0.044,54,221,0.9972,3.27,0.5,9.6,5b9d9dcbb784d736,quality_below_7
white_wine_0239,7,0.26,0.59,1.4,0.037,40,120,0.9918,3.34,0.41,11.1,cdb983e5d930e567,quality_7_plus
white_wine_0240,6.2,0.25,0.21,15.55,0.039,28,159,0.9982,3.48,0.64,9.6,76aaf686cd3d0d15,quality_below_7
white_wine_0241,7.3,0.32,0.23,13.7,0.05,49,197,0.9985,3.2,0.46,8.7,10ea3df4920184a1,quality_below_7
white_wine_0242,7.7,0.31,0.26,7.8,0.031,23,90,0.9944,3.13,0.5,10.4,68bdd97618c91629,quality_below_7
white_wine_0243,7.1,0.21,0.37,2.4,0.026,23,100,0.9903,3.15,0.38,11.4,43dd38b63e815557,quality_7_plus
white_wine_0244,6.8,0.24,0.34,2.7,0.047,64.5,218.5,0.9934,3.3,0.58,9.7,0d6f4931d6073b66,quality_below_7
white_wine_0245,6.9,0.4,0.56,11.2,0.043,40,142,0.9975,3.14,0.46,8.7,e37ce9526e65c08c,quality_below_7
white_wine_0246,6.1,0.18,0.36,2,0.038,20,249.5,0.9923,3.37,0.79,11.3,dccbbe3dcf0bffc9,quality_below_7
white_wine_0247,6.8,0.21,0.27,2.1,0.03,26,139,0.99,3.16,0.61,12.6,f9154b29945b57f6,quality_7_plus
white_wine_0248,5.8,0.2,0.27,1.4,0.031,12,77,0.9905,3.25,0.36,10.9,e3b36fe93091c4ac,quality_7_plus
white_wine_0249,5.6,0.19,0.26,1.4,0.03,12,76,0.9905,3.25,0.37,10.9,ed73779ae6325158,quality_7_plus
white_wine_0250,6.1,0.41,0.14,10.4,0.037,18,119,0.996,3.38,0.45,10,608d8fe10ab6365f,quality_below_7
white_wine_0251,5.9,0.21,0.28,4.6,0.053,40,199,0.9964,3.72,0.7,10,d87efcc57ba899e7,quality_below_7
white_wine_0252,8.5,0.26,0.21,16.2,0.074,41,197,0.998,3.02,0.5,9.8,8c66f93f8d1f26b3,quality_below_7
white_wine_0254,5.8,0.24,0.44,3.5,0.029,5,109,0.9913,3.53,0.43,11.7,873e47daf3d16b30,quality_below_7
white_wine_0255,5.8,0.24,0.39,1.5,0.054,37,158,0.9932,3.21,0.52,9.3,22c0c78471f3ee64,quality_below_7
white_wine_0256,6.7,0.26,0.39,1.1,0.04,45,147,0.9935,3.32,0.58,9.6,36f8308e2ab7f150,quality_7_plus
white_wine_0257,6.3,0.35,0.3,5.7,0.035,8,97,0.9927,3.27,0.41,11,29be3f1319992985,quality_7_plus
white_wine_0259,6.4,0.23,0.39,1.8,0.032,23,118,0.9912,3.32,0.5,11.8,f780b183674344d6,quality_below_7
white_wine_0260,5.8,0.36,0.38,0.9,0.037,3,75,0.9904,3.28,0.34,11.4,0b970064f1f2f2ce,quality_below_7
white_wine_0261,6.9,0.115,0.35,5.4,0.048,36,108,0.9939,3.32,0.42,10.2,002d2b7561a3d012,quality_below_7
white_wine_0262,6.9,0.29,0.4,19.45,0.043,36,156,0.9996,2.93,0.47,8.9,375090f23752a626,quality_below_7
white_wine_0263,6.9,0.28,0.4,8.2,0.036,15,95,0.9944,3.17,0.33,10.2,a1eafa9697675b78,quality_below_7
white_wine_0264,7.2,0.29,0.4,13.6,0.045,66,231,0.9977,3.08,0.59,9.6,6d11a646bec81848,quality_below_7
white_wine_0265,6.2,0.24,0.35,1.2,0.038,22,167,0.9912,3.1,0.48,10.6,6cc0d011d1a11666,quality_below_7
white_wine_0267,6.9,0.32,0.26,8.3,0.053,32,180,0.9965,3.25,0.51,9.2,b235412a7d957d31,quality_below_7
white_wine_0268,5.3,0.58,0.07,6.9,0.043,34,149,0.9944,3.34,0.57,9.7,186d88d04d5ed636,quality_below_7
white_wine_0269,5.3,0.585,0.07,7.1,0.044,34,145,0.9945,3.34,0.57,9.7,c00915bbc31957cb,quality_below_7
white_wine_0270,5.4,0.59,0.07,7,0.045,36,147,0.9944,3.34,0.57,9.7,90a58f36b0fb0ff7,quality_below_7
white_wine_0272,5.2,0.6,0.07,7,0.044,33,147,0.9944,3.33,0.58,9.7,2d252a6014876e0a,quality_below_7
white_wine_0273,5.8,0.25,0.26,13.1,0.051,44,148,0.9972,3.29,0.38,9.3,585ca66b095d7b1e,quality_below_7
white_wine_0274,6.6,0.58,0.3,5.1,0.057,30,123,0.9949,3.24,0.38,9,621c3d0dc341c627,quality_below_7
white_wine_0275,7,0.29,0.54,10.7,0.046,59,234,0.9966,3.05,0.61,9.5,e3dcbc9864dd2e09,quality_below_7
white_wine_0276,6.6,0.19,0.41,8.9,0.046,51,169,0.9954,3.14,0.57,9.8,7878973c69fccf99,quality_below_7
white_wine_0277,6.7,0.2,0.41,9.1,0.044,50,166,0.9954,3.14,0.58,9.8,e3b4c22f8e05f1ef,quality_below_7
white_wine_0278,7.7,0.26,0.4,1.1,0.042,9,60,0.9915,2.89,0.5,10.6,af645e64edd06c62,quality_below_7
white_wine_0279,6.8,0.32,0.34,1.2,0.044,14,67,0.9919,3.05,0.47,10.6,fbb2c3be99b041f9,quality_below_7
white_wine_0280,7,0.3,0.49,4.7,0.036,17,105,0.9916,3.26,0.68,12.4,e94d3ee43d851da4,quality_7_plus
white_wine_0281,7,0.24,0.36,2.8,0.034,22,112,0.99,3.19,0.38,12.6,892d11a10c8297dc,quality_7_plus
white_wine_0282,6.1,0.31,0.58,5,0.039,36,114,0.9909,3.3,0.6,12.3,878223148d513f2e,quality_7_plus
white_wine_0283,6.8,0.44,0.37,5.1,0.047,46,201,0.9938,3.08,0.65,10.5,7b0df471f41f02a9,quality_below_7
white_wine_0284,6.7,0.34,0.3,15.6,0.054,51,196,0.9982,3.19,0.49,9.3,2812361024030a87,quality_below_7
white_wine_0285,7.1,0.35,0.24,15.4,0.055,46,198,0.9988,3.12,0.49,8.8,565332483d5671dc,quality_below_7
white_wine_0286,7.3,0.32,0.25,7.2,0.056,47,180,0.9961,3.08,0.47,8.8,4df75d0380d125a1,quality_below_7
white_wine_0287,6.5,0.28,0.33,15.7,0.053,51,190,0.9978,3.22,0.51,9.7,d0f315b75f0f3ed8,quality_below_7
white_wine_0288,7.2,0.23,0.39,14.2,0.058,49,192,0.9979,2.98,0.48,9,68bb868b37ed7bac,quality_7_plus
white_wine_0292,5.9,0.15,0.31,5.8,0.041,53,155,0.9945,3.52,0.46,10.5,2bba357931dc3c75,quality_below_7
white_wine_0293,7.4,0.28,0.42,19.8,0.066,53,195,1,2.96,0.44,9.1,2fb44714cff9e8d1,quality_below_7
white_wine_0294,6.2,0.28,0.22,7.3,0.041,26,157,0.9957,3.44,0.64,9.8,fca08134c23f57f1,quality_7_plus
white_wine_0295,9.1,0.59,0.38,1.6,0.066,34,182,0.9968,3.23,0.38,8.5,a5809946250bd5c0,quality_below_7
white_wine_0296,6.3,0.33,0.27,1.2,0.046,34,175,0.9934,3.37,0.54,9.4,f4ba7722e2fabe62,quality_below_7
white_wine_0297,8.3,0.39,0.7,10.6,0.045,33,169,0.9976,3.09,0.57,9.4,188d4f627c6a0dca,quality_below_7
white_wine_0298,7.2,0.19,0.46,3.8,0.041,82,187,0.9932,3.19,0.6,11.2,9ee7358f245338b9,quality_7_plus
white_wine_0299,7.5,0.17,0.44,11.3,0.046,65,146,0.997,3.17,0.45,10,2e03a1eb146edf20,quality_below_7
white_wine_0300,6.7,0.17,0.5,2.1,0.043,27,122,0.9923,3.15,0.45,10.3,f9fddb2bfb349dba,quality_below_7
white_wine_0301,6.1,0.41,0,1.6,0.063,36,87,0.9914,3.27,0.67,10.8,15f2dd61e571362c,quality_below_7
white_wine_0302,8.3,0.2,0.35,0.9,0.05,12,74,0.992,3.13,0.38,10.5,00279493e43b9e73,quality_below_7
white_wine_0304,6,0.29,0.21,1.3,0.055,42,168,0.9914,3.32,0.43,11.1,3d9380d21aba7c93,quality_below_7
white_wine_0305,7.3,0.41,0.24,6.8,0.057,41,163,0.9949,3.2,0.41,9.9,7cf03ea0e126a9ad,quality_below_7
white_wine_0307,7.2,0.43,0.24,6.7,0.058,40,163,0.995,3.2,0.41,9.9,dc11bf6685041b13,quality_below_7
white_wine_0308,7.3,0.4,0.24,6.7,0.058,41,166,0.995,3.2,0.41,9.9,543869a37e860eaa,quality_below_7
white_wine_0309,6.2,0.33,0.27,4.9,0.036,30,134,0.9927,3.2,0.42,10.4,5205c9ff28ec2ce0,quality_7_plus
white_wine_0310,6.2,0.31,0.26,4.8,0.037,36,148,0.9928,3.21,0.41,10.4,9646a1db1e6bf7f8,quality_below_7
white_wine_0311,6.1,0.36,0.27,2.1,0.035,16,100,0.9917,3.4,0.71,11.5,5a026d6ea6e73b2a,quality_7_plus
white_wine_0312,5,0.55,0.14,8.3,0.032,35,164,0.9918,3.53,0.51,12.5,74d42dbdfee9d881,quality_7_plus
white_wine_0313,7.8,0.25,0.41,3.7,0.042,37,149,0.9954,3.36,0.45,10,87ba801725f221f9,quality_below_7
white_wine_0314,5.7,0.36,0.21,6.7,0.038,51,166,0.9941,3.29,0.63,10,10242bccf36e8463,quality_below_7
white_wine_0315,5.8,0.34,0.21,6.6,0.04,50,167,0.9941,3.29,0.62,10,dd5d0c9b4e79ec06,quality_below_7
white_wine_0316,6.8,0.28,0.6,1.1,0.132,42,127,0.9934,3.09,0.44,9.1,71338daf5951c2f4,quality_below_7
white_wine_0317,6.8,0.25,0.34,4.7,0.031,34,134,0.9927,3.21,0.38,10.6,810fc53e6c1e3b81,quality_below_7
white_wine_0318,6.6,0.24,0.35,7.7,0.031,36,135,0.9938,3.19,0.37,10.5,30c1df55b741b56c,quality_below_7
white_wine_0319,5.9,0.3,0.47,7.85,0.03,19,133,0.9933,3.52,0.43,11.5,5bf2257d463809a2,quality_7_plus
white_wine_0320,6.1,0.125,0.25,3.3,0.04,10,69,0.9934,3.54,0.59,10.1,dd4232cb8c170f1d,quality_below_7
white_wine_0321,6,0.1,0.24,1.1,0.041,15,65,0.9927,3.61,0.61,10.3,db55b4e818cf5043,quality_7_plus
white_wine_0324,6.8,0.28,0.44,9.3,0.031,35,137,0.9946,3.16,0.36,10.4,e596b2691cf67638,quality_below_7
white_wine_0325,8.3,0.41,0.51,2,0.046,11,207,0.993,3.02,0.55,11.4,b803354643fdb143,quality_below_7
white_wine_0326,7.5,0.27,0.31,5.8,0.057,131,313,0.9946,3.18,0.59,10.5,95905742a73eecc5,quality_below_7
white_wine_0327,7.9,0.26,0.41,15.15,0.04,38,216,0.9976,2.96,0.6,10,140725c3a30f6e85,quality_below_7
white_wine_0328,6.4,0.34,0.23,6.3,0.039,37,143,0.9944,3.19,0.65,10,139e9a804ad63d25,quality_below_7
white_wine_0329,6.5,0.28,0.35,15.4,0.042,55,195,0.9978,3.23,0.5,9.6,3c89ac3556ff58aa,quality_below_7
white_wine_0330,7.2,0.21,0.41,1.3,0.036,33,85,0.992,3.17,0.51,10.4,40db0619d1fe5251,quality_below_7
white_wine_0331,6.4,0.32,0.35,4.8,0.03,34,101,0.9912,3.36,0.6,12.5,9fdf1e36b21fd29f,quality_7_plus
white_wine_0332,6.8,0.24,0.34,4.6,0.032,37,135,0.9927,3.2,0.39,10.6,414cab13647fd786,quality_below_7
white_wine_0333,6.3,0.23,0.3,1.8,0.033,16,91,0.9906,3.28,0.4,11.8,64bc923d83dae80f,quality_below_7
white_wine_0334,6.5,0.28,0.34,9.9,0.038,30,133,0.9954,3.11,0.44,9.8,98f87aec911932eb,quality_below_7
white_wine_0335,5.6,0.26,0.26,5.7,0.031,12,80,0.9923,3.25,0.38,10.8,8ffda3dd42550d28,quality_below_7
white_wine_0337,6.3,0.23,0.33,1.5,0.036,15,105,0.991,3.32,0.42,11.2,1fb8a8954009bd03,quality_below_7
white_wine_0338,5.8,0.27,0.27,12.3,0.045,55,170,0.9972,3.28,0.42,9.3,f6713163877cf540,quality_below_7
white_wine_0339,5.9,0.26,0.4,1.3,0.047,12,139,0.9945,3.45,0.53,10.4,2c9639f97ff0cd19,quality_below_7
white_wine_0340,6.6,0.18,0.35,1.5,0.049,49,141,0.9934,3.43,0.85,10.2,53af03574e2d555a,quality_7_plus
white_wine_0341,7.4,0.2,0.43,7.8,0.045,27,153,0.9964,3.19,0.55,9,960c1801baf919cd,quality_7_plus
white_wine_0342,8,0.24,0.36,1.5,0.047,17,129,0.9948,3.2,0.54,10,ca720524472e625e,quality_below_7
white_wine_0343,6.4,0.26,0.42,9.7,0.044,30,140,0.9962,3.18,0.47,9.1,537585641b013542,quality_below_7
white_wine_0344,5.4,0.31,0.47,3,0.053,46,144,0.9931,3.29,0.76,10,8eca65c64bb761b9,quality_below_7
white_wine_0345,5.4,0.29,0.47,3,0.052,47,145,0.993,3.29,0.75,10,94ff7bce48c7d16c,quality_below_7
white_wine_0346,7.1,0.145,0.33,4.6,0.05,33,131,0.9942,3.28,0.4,9.6,f289772f765e1e8f,quality_below_7
white_wine_0347,5.6,0.34,0.1,1.3,0.031,20,68,0.9906,3.36,0.51,11.2,77d6635118a4b30d,quality_7_plus
white_wine_0348,6.7,0.19,0.41,15.6,0.056,75,155,0.9995,3.2,0.44,8.8,e746707316744862,quality_below_7
white_wine_0349,7.8,0.18,0.46,13.6,0.052,38,118,0.998,3.15,0.5,10,39e9b3e218a62f00,quality_below_7
white_wine_0350,7.6,0.17,0.45,11.2,0.054,56,137,0.997,3.15,0.47,10,438af3e8b09603ef,quality_below_7
white_wine_0351,6.3,0.12,0.36,2.1,0.044,47,146,0.9914,3.27,0.74,11.4,0fe9e33a849cf420,quality_7_plus
white_wine_0352,7.3,0.33,0.4,6.85,0.038,32,138,0.992,3.03,0.3,11.9,dd80d77de3be9c0a,quality_7_plus
white_wine_0353,5.5,0.335,0.3,2.5,0.071,27,128,0.9924,3.14,0.51,9.6,9b77c3334bb8ac06,quality_below_7
white_wine_0355,5.8,0.4,0.42,4.4,0.047,38.5,245,0.9937,3.25,0.57,9.6,c9c07b1c9285e910,quality_below_7
white_wine_0356,7.3,0.22,0.37,14.3,0.063,48,191,0.9978,2.89,0.38,9,98703eaa6e4acae7,quality_below_7
white_wine_0358,6.1,0.36,0.33,1.1,0.05,24,169,0.9927,3.15,0.78,9.5,85486fa9339f67b5,quality_below_7
white_wine_0359,10,0.2,0.39,1.4,0.05,19,152,0.994,3,0.42,10.4,1fddfbdcbcf99631,quality_below_7
white_wine_0360,6.9,0.24,0.34,4.7,0.04,43,161,0.9935,3.2,0.59,10.6,bd6b2cca6b1317a3,quality_below_7
white_wine_0361,6.4,0.24,0.32,14.9,0.047,54,162,0.9968,3.28,0.5,10.2,88acd7cbf599b8e6,quality_below_7
white_wine_0362,7.1,0.365,0.14,1.2,0.055,24,84,0.9941,3.15,0.43,8.9,e3a59a176ebe8182,quality_below_7
white_wine_0363,6.8,0.15,0.3,5.3,0.05,40,127,0.9942,3.4,0.39,9.7,de48082a3a4a3b41,quality_below_7
white_wine_0365,6.8,0.16,0.4,2.3,0.037,18,102,0.9923,3.49,0.42,11.4,a21ff409b3f8d73b,quality_7_plus
white_wine_0366,6,0.26,0.32,3.5,0.028,29,113,0.9912,3.4,0.71,12.3,c73eff590b9c9650,quality_7_plus
white_wine_0367,6,0.18,0.27,1.5,0.089,40,143,0.9923,3.49,0.62,10.8,8dd468f769287d44,quality_below_7
white_wine_0368,6.9,0.33,0.21,1,0.053,39,148,0.9927,3.12,0.45,9.4,04e761b2504b21d8,quality_below_7
white_wine_0369,7.7,0.29,0.48,2.3,0.049,36,178,0.9931,3.17,0.64,10.6,8efece08c1c22539,quality_below_7
white_wine_0370,7.1,0.39,0.35,12.5,0.044,26,72,0.9941,3.17,0.29,11.6,92f6ff2ceced03a7,quality_below_7
white_wine_0373,6.6,0.905,0.19,0.8,0.048,17,204,0.9934,3.34,0.56,10,b5e8977528160035,quality_below_7
white_wine_0374,7.2,0.27,0.27,2.4,0.048,30,149,0.9936,3.1,0.51,9.2,c83d031f10619488,quality_below_7
white_wine_0375,5.1,0.33,0.22,1.6,0.027,18,89,0.9893,3.51,0.38,12.5,25c19a7fde515e43,quality_7_plus
white_wine_0377,6.4,0.31,0.28,1.5,0.037,12,119,0.9919,3.32,0.51,10.4,38c26eee17e95f37,quality_7_plus
white_wine_0378,7.3,0.2,0.44,1.4,0.045,21,98,0.9924,3.15,0.46,10,76f166793413b91f,quality_7_plus
white_wine_0379,5.7,0.32,0.5,2.6,0.049,17,155,0.9927,3.22,0.64,10,4c36e50235aaf91c,quality_below_7
white_wine_0382,7.2,0.28,0.26,12.5,0.046,48,179,0.9975,3.1,0.52,9,60ae2a50e61fbd78,quality_below_7
white_wine_0383,7.5,0.35,0.28,9.6,0.051,26,157,0.9969,3.12,0.53,9.2,8c9b295f3137c826,quality_below_7
white_wine_0385,6,0.36,0.39,3.2,0.027,20,125,0.991,3.38,0.39,11.3,8ffee2635f1c4588,quality_7_plus
white_wine_0387,5,0.17,0.56,1.5,0.026,24,115,0.9906,3.48,0.39,10.8,269e36c491f082b8,quality_7_plus
white_wine_0388,6.3,0.39,0.35,5.9,0.04,82.5,260,0.9941,3.12,0.66,10.1,07c18b9dc6b4a428,quality_below_7
white_wine_0389,6.7,0.21,0.32,5.4,0.047,29,140,0.995,3.39,0.46,9.7,dbe68338a8224b7a,quality_below_7
white_wine_0390,7,0.3,0.38,14.9,0.032,60,181,0.9983,3.18,0.61,9.3,fb68cbef60c9ec39,quality_7_plus
white_wine_0392,6.5,0.36,0.32,1.1,0.031,13,66,0.9916,3.1,0.46,10.6,9e23be87e05885e1,quality_below_7
white_wine_0393,6.1,0.55,0.15,9.8,0.031,19,125,0.9957,3.36,0.47,10.2,bde75e5326763305,quality_below_7
white_wine_0394,7.3,0.24,0.43,2,0.021,20,69,0.99,3.08,0.56,12.2,e7d9eb2b55061fd6,quality_below_7
white_wine_0395,6.8,0.37,0.51,11.8,0.044,62,163,0.9976,3.19,0.44,8.8,f3f5b3a19014e8d8,quality_below_7
white_wine_0396,6.8,0.27,0.12,1.3,0.04,87,168,0.992,3.18,0.41,10,705986625cb3403c,quality_below_7
white_wine_0397,8.2,0.28,0.42,1.8,0.031,30,93,0.9917,3.09,0.39,11.4,bb174421c1865cf2,quality_below_7
white_wine_0398,6.3,0.2,0.4,1.5,0.037,35,107,0.9917,3.46,0.5,11.4,19480aa44e43a901,quality_below_7
white_wine_0399,5.9,0.26,0.27,18.2,0.048,52,168,0.9993,3.35,0.44,9.4,f5a12dad7e6051e3,quality_below_7
white_wine_0400,6.4,0.19,0.42,2.9,0.032,32,83,0.9908,3.3,0.41,11.7,6285605f5a86612f,quality_below_7
white_wine_0403,6.1,0.35,0.07,1.4,0.069,22,108,0.9934,3.23,0.52,9.2,6e22fde322dd0fef,quality_below_7
white_wine_0404,7.1,0.27,0.31,18.2,0.046,55,252,1,3.07,0.56,8.7,60b6a496a9fe0562,quality_below_7
white_wine_0405,6.8,0.22,0.31,6.3,0.035,33,170,0.9918,3.24,0.66,12.6,8a2b77a1dd3d0452,quality_below_7
white_wine_0407,5.8,0.28,0.34,4,0.031,40,99,0.9896,3.39,0.39,12.8,be5712ce31e2fb18,quality_7_plus
white_wine_0408,6.9,0.49,0.24,1.2,0.049,13,125,0.9932,3.17,0.51,9.4,20538043bc9736dd,quality_below_7
white_wine_0409,6.3,0.14,0.39,1.2,0.044,26,116,0.992,3.26,0.53,10.3,434dd1ccac250868,quality_below_7
white_wine_0411,7.2,0.25,0.39,18.95,0.038,42,155,0.9999,2.97,0.47,9,db508146f191fe09,quality_below_7
white_wine_0412,7.3,0.28,0.36,12.7,0.04,38,140,0.998,3.3,0.79,9.6,a1e956b02ebfc307,quality_below_7
white_wine_0413,7.2,0.19,0.39,1.2,0.036,32,85,0.9918,3.16,0.5,10.5,1364b7ac3da68a0b,quality_below_7
white_wine_0417,7.4,0.21,0.27,1.2,0.041,27,99,0.9927,3.19,0.33,9.8,e5efd14153299452,quality_below_7
white_wine_0418,6.8,0.26,0.22,7.7,0.047,57,210,0.9959,3.1,0.47,9,b03a0621203eec5a,quality_below_7
white_wine_0420,7.4,0.31,0.28,1.6,0.05,33,137,0.9929,3.31,0.56,10.5,d24e309ae02a849b,quality_below_7
white_wine_0421,7,0.22,0.31,2.7,0.03,41,136,0.9898,3.16,0.37,12.7,ffb26bb98225f609,quality_7_plus
white_wine_0422,7,0.21,0.28,8.7,0.045,37,222,0.9954,3.25,0.54,10.4,301b7e9a01255a1d,quality_below_7
white_wine_0423,7,0.21,0.28,8.6,0.045,37,221,0.9954,3.25,0.54,10.4,77498eb029db7962,quality_below_7
white_wine_0425,6.9,0.23,0.38,8.3,0.047,47,162,0.9954,3.34,0.52,10.5,c4729ee04cdff5b4,quality_7_plus
white_wine_0428,6.8,0.29,0.5,13.3,0.053,48,194,0.9974,3.09,0.45,9.4,1c4d75f4b625cf1b,quality_below_7
white_wine_0429,7.8,0.21,0.27,1.2,0.051,20,89,0.9936,3.06,0.46,9.1,429a106978c1df5f,quality_below_7
white_wine_0430,7.1,0.31,0.47,13.6,0.056,54,197,0.9978,3.1,0.49,9.3,664a36ba19ab3619,quality_below_7
white_wine_0432,6.4,0.34,0.1,1.1,0.048,19,84,0.9927,3.21,0.38,9.8,35a070f2a4dacce4,quality_below_7
white_wine_0433,7.4,0.155,0.34,2.3,0.045,73.5,214,0.9934,3.18,0.61,9.9,76d602979998546e,quality_7_plus
white_wine_0434,7.2,0.55,0.09,1.5,0.108,16,151,0.9938,3.07,0.57,9.2,87907a24e431129f,quality_below_7
white_wine_0435,7,0.23,0.36,7.1,0.028,31,104,0.9922,3.35,0.47,12.1,018dd5b18adf3990,quality_7_plus
white_wine_0436,6.9,0.2,0.37,6.2,0.027,24,97,0.992,3.38,0.49,12.2,6aa28d7c8cea74ff,quality_7_plus
white_wine_0437,6.1,0.28,0.32,2.5,0.042,23,218.5,0.9935,3.27,0.6,9.8,6da696c330932acb,quality_below_7
white_wine_0438,6.6,0.16,0.32,1.4,0.035,49,186,0.9906,3.35,0.64,12.4,38404dc03cba16d7,quality_7_plus
white_wine_0440,6.2,0.35,0.04,1.2,0.06,23,108,0.9934,3.26,0.54,9.2,a88f3dfed45a90e0,quality_below_7
white_wine_0441,6.7,0.22,0.37,1.6,0.028,24,102,0.9913,3.29,0.59,11.6,63889d04bf916ffd,quality_7_plus
white_wine_0442,6.1,0.38,0.2,6.6,0.033,25,137,0.9938,3.3,0.69,10.4,8874f857d02506c4,quality_below_7
white_wine_0443,6,0.25,0.28,2.2,0.026,54,126,0.9898,3.43,0.65,12.9,9a5e8933d7a0633a,quality_7_plus
white_wine_0444,6.6,0.52,0.44,12.2,0.048,54,245,0.9975,3.26,0.54,9.3,b989a4ac0991db7e,quality_below_7
white_wine_0445,6.9,0.24,0.36,20.8,0.031,40,139,0.9975,3.2,0.33,11,5342dbebe950efba,quality_below_7
white_wine_0446,7.1,0.32,0.32,11,0.038,16,66,0.9937,3.24,0.4,11.5,a9d57c4df8c70981,quality_below_7
white_wine_0447,5.8,0.28,0.27,2.6,0.054,30,156,0.9914,3.53,0.42,12.4,a70d677332e82913,quality_below_7
white_wine_0448,6.5,0.41,0.24,14,0.048,24,113,0.9982,3.44,0.53,9.8,121f415670b81a6e,quality_below_7
white_wine_0450,6.4,0.28,0.29,1.6,0.052,34,127,0.9929,3.48,0.56,10.5,f343fb11251eed2b,quality_7_plus
white_wine_0451,7.2,0.6,0.2,9.9,0.07,21,174,0.9971,3.03,0.54,9.1,870b2a1b2927f4a5,quality_below_7
white_wine_0452,6.1,0.2,0.25,1.2,0.038,34,128,0.9921,3.24,0.44,10.1,f423ab1b00fa470b,quality_below_7
white_wine_0453,5.9,0.46,0.14,2.7,0.042,27,160,0.9931,3.46,0.51,10.6,ca653263979abd71,quality_7_plus
white_wine_0454,6,0.27,0.27,1.6,0.046,32,113,0.9924,3.41,0.51,10.5,55baf39e964eb489,quality_7_plus
white_wine_0456,6.4,0.41,0.24,14,0.048,24,113,0.9982,3.44,0.53,9.8,057aee9ca7681e97,quality_below_7
white_wine_0457,6.3,0.23,0.31,1.5,0.022,11,82,0.9892,3.3,0.4,12.9,25961c2bb3def058,quality_7_plus
white_wine_0458,7.1,0.21,0.27,8.6,0.056,26,111,0.9956,2.95,0.52,9.5,7c4d8fb64681fd89,quality_below_7
white_wine_0459,6,0.37,0.32,1,0.053,31,218.5,0.9924,3.29,0.72,9.8,f0dba26dd4b713f1,quality_below_7
white_wine_0460,6.1,0.43,0.35,9.1,0.059,83,249,0.9971,3.37,0.5,8.5,36c26fdfcdf8e13f,quality_below_7
white_wine_0462,7,0.25,0.29,15.2,0.047,40,171,0.9982,3.22,0.45,9.3,c7853fdacb697858,quality_below_7
white_wine_0463,5.9,0.25,0.19,12.4,0.047,50,162,0.9973,3.35,0.38,9.5,1630d1ed27f076e3,quality_below_7
white_wine_0464,6.8,0.32,0.21,2.2,0.044,15,68,0.9932,3.17,0.39,9.4,259044c67f8f6a85,quality_below_7
white_wine_0465,7.2,0.39,0.62,11,0.047,66,178,0.9976,3.16,0.5,8.7,b706d40874570ad7,quality_below_7
white_wine_0466,6.3,0.21,0.58,10,0.081,34,126,0.9962,2.95,0.46,8.9,016338fcbcb8acbf,quality_below_7
white_wine_0467,7,0.14,0.32,9,0.039,54,141,0.9956,3.22,0.43,9.4,8f4b468752155fb2,quality_below_7
white_wine_0470,7.2,0.29,0.53,18.15,0.047,59,182,0.9992,3.09,0.52,9.6,2b512bd4e75f2e62,quality_below_7
white_wine_0471,8.6,0.37,0.7,12.15,0.039,21,158,0.9983,3,0.73,9.3,b8f8ce910f5eb889,quality_below_7
white_wine_0472,6.5,0.38,0.34,3.4,0.036,34,200,0.9937,3.14,0.76,10,64fb5648244b63f8,quality_below_7
white_wine_0473,6.6,0.24,0.29,2,0.023,19,86,0.99,3.25,0.45,12.5,742cae315bcef391,quality_below_7
white_wine_0474,7,0.17,0.31,4.8,0.034,34,132,0.9944,3.36,0.48,9.6,34108ea45851fa56,quality_7_plus
white_wine_0475,5.5,0.16,0.22,4.5,0.03,30,102,0.9938,3.24,0.36,9.4,04c1235e8eb3f3cc,quality_below_7
white_wine_0476,7,0.24,0.51,11,0.029,55,227,0.9965,3.03,0.61,9.5,a3e79db77d19320c,quality_below_7
white_wine_0477,7.4,0.28,0.36,1.1,0.028,42,105,0.9893,2.99,0.39,12.4,a3cfbee67e81f6aa,quality_7_plus
white_wine_0478,7,0.22,0.28,1.5,0.037,29,115,0.9927,3.11,0.55,10.5,4cf09195587f82b3,quality_below_7
white_wine_0479,7.1,0.55,0.13,1.7,0.073,21,165,0.994,2.97,0.58,9.2,b7f40aa2d04af44c,quality_below_7
white_wine_0480,6.3,0.22,0.33,1.7,0.041,67,164,0.9928,3.32,0.56,10.4,4fb131fb09409fe8,quality_below_7
white_wine_0481,6.7,0.47,0.34,8.9,0.043,31,172,0.9964,3.22,0.6,9.2,10989d98f9752718,quality_below_7
white_wine_0482,5.9,0.36,0.41,1.3,0.047,45,104,0.9917,3.33,0.51,10.6,b0b376cac9f2eb5a,quality_below_7
white_wine_0483,5.8,0.25,0.24,13.3,0.044,41,137,0.9972,3.34,0.42,9.5,5fc6ab1a1362c508,quality_below_7
white_wine_0485,6.2,0.37,0.3,6.6,0.346,79,200,0.9954,3.29,0.58,9.6,7ae54bf6a26b794a,quality_below_7
white_wine_0486,6.2,0.18,0.38,1.5,0.028,36,117,0.993,3.47,0.54,9.7,c6c987eadbfa4bdb,quality_below_7
white_wine_0487,6,0.16,0.37,1.5,0.025,43,117,0.9928,3.46,0.51,9.7,b0c97be4c3923f35,quality_below_7
white_wine_0488,6.6,0.34,0.28,1.3,0.035,32,90,0.9916,3.1,0.42,10.7,bdc514c47b243244,quality_below_7
white_wine_0489,7.4,0.29,0.29,1.6,0.045,53,180,0.9936,3.34,0.68,10.5,5b00561a053d1278,quality_below_7
white_wine_0490,7.4,0.26,0.31,7.6,0.047,52,177,0.9962,3.13,0.45,8.9,8d24fd961c8c47d9,quality_below_7
white_wine_0491,7,0.28,0.36,1,0.035,8,70,0.9899,3.09,0.46,12.1,2b643861af6f8988,quality_below_7
white_wine_0492,7.1,0.23,0.39,1.6,0.032,12,65,0.9898,3.25,0.4,12.7,1c52af13053a16c0,quality_7_plus
white_wine_0493,7.8,0.19,0.26,8.9,0.039,42,182,0.996,3.18,0.46,9.9,c1946d54d13ffadc,quality_below_7
white_wine_0494,6.3,0.19,0.28,1.8,0.022,28,158,0.9907,3.2,0.64,11.4,7e63ab07ef2ee08b,quality_below_7
white_wine_0495,6.8,0.2,0.38,4.7,0.04,27,103,0.994,3.37,0.58,10.7,6e96641b8be2e433,quality_below_7
white_wine_0496,5.7,0.44,0.13,7,0.025,28,173,0.9913,3.33,0.48,12.5,44202108600ca040,quality_below_7
white_wine_0497,7.2,0.4,0.62,10.8,0.041,70,189,0.9976,3.08,0.49,8.6,1d4e4aa2dfdbbe5a,quality_below_7
white_wine_0498,6.8,0.23,0.32,1.6,0.026,43,147,0.9904,3.29,0.54,12.5,f3214041a5544cab,quality_below_7
white_wine_0499,5.7,0.335,0.34,1,0.04,13,174,0.992,3.27,0.66,10,3965097cb0ce43ac,quality_below_7
white_wine_0501,7.2,0.28,0.54,16.7,0.045,54,200,0.999,3.08,0.49,9.5,22e357fa10ac8ddf,quality_below_7
white_wine_0502,6.8,0.19,0.58,14.2,0.038,51,164,0.9975,3.12,0.48,9.6,27ba022f958e1fce,quality_below_7
white_wine_0503,6.4,0.3,0.3,2.25,0.038,8,210,0.9937,3.2,0.62,9.9,0685eb6b20a11fa4,quality_below_7
white_wine_0504,6.5,0.3,0.29,2.25,0.037,8,210,0.9937,3.19,0.62,9.9,59d00131919475b1,quality_below_7
white_wine_0505,7.8,0.18,0.31,12.2,0.053,46,140,0.998,3.06,0.53,8.9,4177fc8578face9e,quality_below_7
white_wine_0507,7.3,0.51,0.26,3.3,0.09,7,135,0.9944,3.01,0.52,8.8,7617d6d645dc5b2b,quality_below_7
white_wine_0508,6,0.24,0.27,1.9,0.048,40,170,0.9938,3.64,0.54,10,fcfb2d71f7752372,quality_7_plus
white_wine_0509,5.9,0.62,0.28,3.5,0.039,55,152,0.9907,3.44,0.44,12,c511511918657d6a,quality_below_7
white_wine_0511,6.7,0.27,0.12,1.3,0.041,62,138,0.9921,3.21,0.42,10,582d4c7815364bee,quality_below_7
white_wine_0512,7.8,0.34,0.35,1.8,0.042,8,167,0.9908,3.11,0.41,12.1,b7e343aa374a225e,quality_below_7
white_wine_0513,7.3,0.26,0.36,5.2,0.04,31,141,0.9931,3.16,0.59,11,220d211290d297aa,quality_below_7
white_wine_0514,7.4,0.36,0.33,1.4,0.025,27,55,0.9915,3.21,0.33,11.2,f0fb78f4b58e9479,quality_below_7
white_wine_0515,7.8,0.28,0.32,9,0.036,34,115,0.9952,3.17,0.39,10.3,166e7388d4dcc4a2,quality_7_plus
white_wine_0516,6.1,0.31,0.26,2.2,0.051,28,167,0.9926,3.37,0.47,10.4,c8011e03a5f6e975,quality_below_7
white_wine_0517,6.8,0.18,0.37,1.6,0.055,47,154,0.9934,3.08,0.45,9.1,79cb421639befa98,quality_below_7
white_wine_0518,7.4,0.15,0.42,1.7,0.045,49,154,0.992,3,0.6,10.4,cbf546ffda4ab224,quality_below_7
white_wine_0519,5.9,0.13,0.28,1.9,0.05,20,78,0.9918,3.43,0.64,10.8,6a4ee089d91612bd,quality_below_7
white_wine_0520,7.2,0.34,0.34,12.6,0.048,7,41,0.9942,3.19,0.4,11.7,ecff0ccf01a8426f,quality_below_7
white_wine_0521,7.9,0.19,0.26,2.1,0.039,8,143,0.9942,3.05,0.74,9.8,cb27e536013fe38c,quality_below_7
white_wine_0523,6.9,0.25,0.4,1.3,0.038,22,101,0.9901,3.03,0.39,11.4,b4d7722030fcdcb9,quality_below_7
white_wine_0524,5.8,0.36,0.32,1.7,0.033,22,96,0.9898,3.03,0.38,11.2,ccba0b507ad2e3de,quality_below_7
white_wine_0525,5.6,0.35,0.37,1,0.038,6,72,0.9902,3.37,0.34,11.4,587164ae80be1b8d,quality_below_7
white_wine_0526,5.9,0.32,0.39,3.3,0.114,24,140,0.9934,3.09,0.45,9.2,0e04810568abd4c0,quality_below_7
white_wine_0527,7.2,0.31,0.46,5,0.04,3,29,0.9906,3.04,0.53,12.5,1f73def1607f5fd4,quality_below_7
white_wine_0528,6.1,0.28,0.22,1.8,0.034,32,116,0.9898,3.36,0.44,12.6,0b07048e84f408f7,quality_below_7
white_wine_0529,5.2,0.36,0.02,1.6,0.031,24,104,0.9896,3.44,0.35,12.2,136fefaf564398de,quality_below_7
white_wine_0530,5.6,0.19,0.47,4.5,0.03,19,112,0.9922,3.56,0.45,11.2,230dd04d86cd6cbc,quality_below_7
white_wine_0531,6.4,0.1,0.35,4.9,0.048,31,103,0.9947,3.43,0.79,9.7,9ccd52c5e2cdce87,quality_below_7
white_wine_0532,6.4,0.18,0.48,4,0.186,64,150,0.9945,3.06,0.4,9.3,7fbb5a2e203b706a,quality_below_7
white_wine_0533,7.4,0.25,0.36,13.2,0.067,53,178,0.9976,3.01,0.48,9,57495bd8d0b2a065,quality_below_7
white_wine_0536,7.9,0.345,0.51,15.3,0.047,54,171,0.9987,3.09,0.51,9.1,2cf60fd72e89e89a,quality_below_7
white_wine_0539,6.1,0.24,0.3,1.5,0.045,22,61,0.992,3.31,0.54,10.4,624e8dfc790a030f,quality_below_7
white_wine_0540,6.8,0.25,0.24,4.55,0.053,41,211,0.9955,3.37,0.67,9.5,d5c1917b20e1ade9,quality_below_7
white_wine_0541,6.7,0.31,0.31,9.9,0.04,10,175,0.9953,3.46,0.55,11.4,ec0fa06382bdf7dd,quality_below_7
white_wine_0542,7.2,0.46,0.65,10.4,0.05,76,192,0.9976,3.16,0.42,8.7,efb9f0758f1d3207,quality_below_7
white_wine_0543,5.5,0.35,0.35,1.1,0.045,14,167,0.992,3.34,0.68,9.9,d850b7dd6963dfb1,quality_below_7
white_wine_0544,6.7,0.24,0.41,8.7,0.036,29,148,0.9952,3.22,0.62,9.9,73ff7b18711ee18a,quality_below_7
white_wine_0545,6.8,0.28,0.17,13.9,0.047,49,162,0.9983,3.21,0.51,9,12fceb60d519056a,quality_below_7
white_wine_0546,6.4,0.16,0.22,1.4,0.04,41,149,0.9933,3.49,0.58,10,3072312c94091565,quality_below_7
white_wine_0547,6.3,0.26,0.24,7.2,0.039,38,172,0.9958,3.49,0.64,9.7,8f5ce9f1daeedac2,quality_below_7
white_wine_0548,7.7,0.22,0.42,1.9,0.052,10,87,0.9922,3.3,0.49,11.8,cf49a939445b4cd4,quality_below_7
white_wine_0549,6.5,0.18,0.31,1.7,0.044,30,127,0.9928,3.49,0.5,10.2,985e02887dd55f77,quality_7_plus
white_wine_0551,7,0.3,0.51,13.6,0.05,40,168,0.9976,3.07,0.52,9.6,52c839af7b2f1757,quality_7_plus
white_wine_0552,9.2,0.25,0.34,1.2,0.026,31,93,0.9916,2.93,0.37,11.3,f35591a373b67306,quality_7_plus
white_wine_0553,7.8,0.28,0.34,1.6,0.028,32,118,0.9901,3,0.38,12.1,139a6b7405329ae6,quality_7_plus
white_wine_0557,8.4,0.35,0.71,12.2,0.046,22,160,0.9982,2.98,0.65,9.4,ef43b264ebc8bd80,quality_below_7
white_wine_0558,6.1,0.41,0.24,1.6,0.049,16,137,0.993,3.32,0.5,10.4,65d19ddf667b20d2,quality_below_7
white_wine_0559,5.9,0.21,0.24,12.1,0.044,53,165,0.9969,3.25,0.39,9.5,669af04d1d4c91de,quality_below_7
white_wine_0560,7.2,0.34,0.44,4.2,0.047,51,144,0.991,3.01,0.76,12.3,2ad724a4fd77d39f,quality_below_7
white_wine_0561,6.7,0.21,0.42,9.1,0.049,31,150,0.9953,3.12,0.74,9.9,7b9e9393ac300d37,quality_7_plus
white_wine_0562,5.9,0.37,0.1,1.6,0.057,39,128,0.9924,3.24,0.48,10.1,ab40d77442eed4bd,quality_below_7
white_wine_0563,7.7,0.34,0.27,8.8,0.063,39,184,0.9969,3.09,0.63,9.2,bf4d433e14909507,quality_below_7
white_wine_0564,7.4,0.3,0.22,1.4,0.046,16,135,0.9928,3.08,0.77,10.4,15bd71ed9c962128,quality_7_plus
white_wine_0565,6.8,0.51,0.3,4.2,0.066,38,165,0.9945,3.2,0.42,9.1,3640a6cf66593b92,quality_below_7
white_wine_0566,7.8,0.22,0.38,10.3,0.059,28,99,0.9967,3.12,0.47,10,27b2e1024dfe976b,quality_below_7
white_wine_0567,7.2,0.35,0.34,12.4,0.051,6,37,0.9944,3.13,0.39,11.5,4b59cfaae3badf5f,quality_below_7
white_wine_0568,6,0.26,0.5,2.2,0.048,59,153,0.9928,3.08,0.61,9.8,85120aae8e265ded,quality_below_7
white_wine_0569,6.1,0.26,0.51,2.2,0.05,61,154,0.9929,3.08,0.6,9.8,df83160b80a5989a,quality_below_7
white_wine_0570,6.5,0.28,0.27,5.2,0.04,44,179,0.9948,3.19,0.69,9.4,b1496447bc44d8fa,quality_below_7
white_wine_0571,7.4,0.41,0.66,10.8,0.051,77,194,0.9976,3.05,0.46,8.7,fe76e7a9e8892929,quality_below_7
white_wine_0572,6.5,0.28,0.29,2.7,0.038,26,107,0.9912,3.32,0.41,11.6,fb747de32f8fdc7a,quality_7_plus
white_wine_0573,6.7,0.34,0.54,16.3,0.047,44,181,0.9987,3.04,0.56,8.8,07c8264868ccddb7,quality_below_7
white_wine_0574,7.2,0.2,0.34,2.7,0.032,49,151,0.99,3.16,0.39,12.7,591f9ed6f48a6b92,quality_7_plus
white_wine_0575,7.4,0.2,0.33,1.9,0.035,39,138,0.991,3.17,0.44,11.7,89ae20b8784967f0,quality_7_plus
white_wine_0576,8.2,0.22,0.3,1.8,0.047,47,185,0.9933,3.13,0.5,10.2,ac9080fae2730939,quality_below_7
white_wine_0577,8.2,0.23,0.29,1.8,0.047,47,187,0.9933,3.13,0.5,10.2,0304fc23dc2c1989,quality_below_7
white_wine_0578,7.1,0.22,0.33,2.8,0.033,48,153,0.9899,3.15,0.38,12.7,eecfec52c5716604,quality_7_plus
white_wine_0580,6,0.38,0.26,6,0.034,42,134,0.9912,3.38,0.38,12.3,232c75d935b5fa37,quality_7_plus
white_wine_0582,5.7,0.18,0.22,4.2,0.042,25,111,0.994,3.35,0.39,9.4,d1f02c0c2e243502,quality_below_7
white_wine_0583,7.3,0.3,0.22,6.4,0.056,44,168,0.9947,3.13,0.35,10.1,9c2894292fc7ef4e,quality_below_7
white_wine_0584,7.4,0.24,0.22,10.7,0.042,26,81,0.9954,2.86,0.36,9.7,e1437a79ce50f840,quality_below_7
white_wine_0585,6.6,0.25,0.3,1.6,0.046,32,134,0.993,3.42,0.51,10.1,2b8760cb1e23f892,quality_7_plus
white_wine_0587,7.4,0.26,0.3,7.9,0.049,38,157,0.9963,3.13,0.48,8.9,254cad7e8e60c1ad,quality_below_7
white_wine_0588,6.1,0.32,0.25,1.7,0.034,37,136,0.992,3.47,0.5,10.8,c2f9c6e64bce736e,quality_7_plus
white_wine_0589,6.9,0.28,0.27,2.1,0.036,42,121,0.9926,3.42,0.49,10.8,0cfc077c76df7f66,quality_7_plus
white_wine_0590,7,0.23,0.33,5.8,0.04,25,136,0.995,3.19,0.58,9.5,6c9bcc350c466311,quality_below_7
white_wine_0591,7.1,0.31,0.5,14.5,0.059,6,148,0.9983,2.94,0.44,9.1,44d3899a7de93740,quality_below_7
white_wine_0592,7.3,0.2,0.37,1.2,0.037,48,119,0.992,3.32,0.49,10.9,f2f9c57e878f4b18,quality_below_7
white_wine_0593,6.9,0.41,0.33,10.1,0.043,28,152,0.9968,3.2,0.52,9.4,1a5be6ae3f252932,quality_below_7
white_wine_0594,6.4,0.45,0.07,1.1,0.03,10,131,0.9905,2.97,0.28,10.8,c9f1dcb3495518d4,quality_below_7
white_wine_0595,6.4,0.475,0.06,1,0.03,9,131,0.9904,2.97,0.29,10.8,ceaedf00678e04d1,quality_below_7
white_wine_0596,6.3,0.27,0.38,0.9,0.051,7,140,0.9926,3.45,0.5,10.5,237e9691b50918bb,quality_7_plus
white_wine_0598,7,0.29,0.37,4.9,0.034,26,127,0.9928,3.17,0.44,10.8,a3aeefce44bfe5a4,quality_below_7
white_wine_0599,5.9,0.27,0.29,11.4,0.036,31,115,0.9949,3.35,0.48,10.5,6955f82d209fc76e,quality_7_plus
white_wine_0600,6.9,0.19,0.4,1.4,0.036,14,55,0.9909,3.08,0.68,11.5,4fb603c7d3067613,quality_7_plus
white_wine_0601,6.7,0.3,0.35,1.4,0.18,36,160,0.9937,3.11,0.54,9.4,3bbfb6804f856f9c,quality_below_7
white_wine_0602,7.2,0.24,0.4,1.4,0.045,31,106,0.9914,2.88,0.38,10.8,b164e88e3d72b708,quality_below_7
white_wine_0605,6.3,0.26,0.49,1.5,0.052,34,134,0.9924,2.99,0.61,9.8,6ec3c264efc62db8,quality_below_7
white_wine_0607,7.3,0.25,0.29,7.5,0.049,38,158,0.9965,3.43,0.38,9.6,bc0e1865fef8eefe,quality_below_7
white_wine_0609,6.1,0.28,0.25,17.75,0.044,48,161,0.9993,3.34,0.48,9.5,d00f9a7d6a18b447,quality_below_7
white_wine_0610,7.4,0.37,0.35,5.7,0.061,12,94,0.9965,3.48,0.69,10.7,55fb6ad78ad65581,quality_below_7
white_wine_0611,6.5,0.36,0.28,3.2,0.037,29,119,0.9908,3.25,0.65,12.4,5e278cb6efeadd20,quality_7_plus
white_wine_0612,7.4,0.24,0.4,4.3,0.032,9,95,0.992,3.09,0.39,11.1,650a276817a21fb7,quality_below_7
white_wine_0613,7.5,0.23,0.68,11,0.047,37,133,0.9978,2.99,0.38,8.8,ba93edbd2444d43d,quality_below_7
white_wine_0614,7.5,0.21,0.68,10.9,0.045,38,133,0.9978,3,0.36,8.7,65955abfec1a1903,quality_below_7
white_wine_0617,7.8,0.32,0.33,2.4,0.037,18,101,0.9912,3.21,0.65,11.7,e8516a94342ef1c3,quality_7_plus
white_wine_0618,7.8,0.26,0.27,1.9,0.051,52,195,0.9928,3.23,0.5,10.9,658c633ae6f24a4d,quality_below_7
white_wine_0619,7.7,0.24,0.27,1.8,0.051,52,190,0.9928,3.23,0.5,10.8,ee4c4f80184b5a23,quality_below_7
white_wine_0620,7.4,0.19,0.3,1.4,0.057,33,135,0.993,3.12,0.5,9.6,cb4f4412e2f88daf,quality_below_7
white_wine_0621,6.5,0.46,0.41,16.8,0.084,59,222,0.9993,3.18,0.58,9,7b9e921639f5136e,quality_below_7
white_wine_0622,6.5,0.26,0.43,8.9,0.083,50,171,0.9965,2.85,0.5,9,f7626d2c75f97c90,quality_below_7
white_wine_0623,5.3,0.32,0.12,6.6,0.043,22,141,0.9937,3.36,0.6,10.4,5d560c7ca9a62667,quality_below_7
white_wine_0624,7.2,0.24,0.34,1.1,0.045,3,64,0.9913,3.23,0.51,11.4,e9c922b6a8006dba,quality_below_7
white_wine_0625,6,0.36,0.06,1.4,0.066,27,128,0.9934,3.26,0.55,9.3,ef3bc059b49d6745,quality_below_7
white_wine_0626,6.2,0.24,0.29,13.3,0.039,49,130,0.9952,3.33,0.46,11,c721e034b06c868c,quality_7_plus
white_wine_0627,7.6,0.56,0.12,10.4,0.096,22,177,0.9983,3.32,0.45,9.1,f964b0f9f612b68d,quality_below_7
white_wine_0628,7,0.32,0.24,6.2,0.048,31,228,0.9957,3.23,0.62,9.4,dd108e8c284f4803,quality_below_7
white_wine_0630,5.8,0.31,0.33,1.2,0.036,23,99,0.9916,3.18,0.6,10.5,6b744f8249285e2f,quality_below_7
white_wine_0631,7,0.23,0.42,18.05,0.05,35,144,0.9999,3.22,0.42,8.8,925a1ebc5f0ad04f,quality_below_7
white_wine_0633,6.9,0.24,0.33,4.8,0.04,16,131,0.9936,3.26,0.64,10.7,19c125bdfdee43dc,quality_below_7
white_wine_0634,6,0.29,0.2,12.6,0.045,45,187,0.9972,3.33,0.42,9.5,a93d82534c3ebc63,quality_below_7
white_wine_0635,6.1,0.17,0.28,4.5,0.033,46,150,0.9933,3.43,0.49,10.9,cbdd1bf87f90a210,quality_below_7
white_wine_0636,5.9,0.14,0.25,4.5,0.027,34,140,0.9934,3.49,0.51,10.8,24bf6d87199c9c43,quality_below_7
white_wine_0637,6.2,0.17,0.28,4.7,0.037,39,133,0.9931,3.41,0.46,10.8,4a7ddeafd739d225,quality_7_plus
white_wine_0638,7.4,0.28,0.25,11.9,0.053,25,148,0.9976,3.1,0.62,9.2,895f563b96358746,quality_below_7
white_wine_0639,5.6,0.35,0.14,5,0.046,48,198,0.9937,3.3,0.71,10.3,c5473edd4e2aa72c,quality_below_7
white_wine_0640,5.8,0.335,0.14,5.8,0.046,49,197,0.9937,3.3,0.71,10.3,a230b991ef79b7c1,quality_below_7
white_wine_0641,5.6,0.235,0.29,1.2,0.047,33,127,0.991,3.34,0.5,11,36f683bceb035a78,quality_7_plus
white_wine_0642,6.1,0.28,0.25,12.9,0.054,34,189,0.9979,3.25,0.43,9,9dfe3a40390f550c,quality_below_7
white_wine_0643,6.3,0.21,0.33,13.9,0.046,68,179,0.9971,3.36,0.5,10.4,6b6bfa44499f60b3,quality_below_7
white_wine_0644,6.4,0.24,0.28,11.5,0.05,34,163,0.9969,3.31,0.45,9.5,76a30ea967e561a0,quality_below_7
white_wine_0645,6.4,0.24,0.29,11.4,0.051,32,166,0.9968,3.31,0.45,9.5,f91880aafea7d5bb,quality_below_7
white_wine_0646,6.3,0.26,0.25,7.8,0.058,44,166,0.9961,3.24,0.41,9,6e67dd5c563f07dd,quality_below_7
white_wine_0647,6.5,0.33,0.72,1.1,0.061,7,151,0.993,3.09,0.57,9.5,48e5f4cde39f9245,quality_below_7
white_wine_0648,7.4,0.105,0.34,12.2,0.05,57,146,0.9973,3.16,0.37,9,6351aae22575b7d6,quality_below_7
white_wine_0649,6,0.32,0.12,5.9,0.041,34,190,0.9944,3.16,0.72,10,4590a3c17b2ee34c,quality_below_7
white_wine_0650,7.1,0.26,0.34,14.4,0.067,35,189,0.9986,3.07,0.53,9.1,512ffdbf3edc2bf2,quality_7_plus
white_wine_0654,5.9,0.24,0.26,12.3,0.053,34,134,0.9972,3.34,0.45,9.5,2001c30a54eda213,quality_below_7
white_wine_0655,6.5,0.21,0.37,2.5,0.048,70,138,0.9917,3.33,0.75,11.4,bf88ec52b5768781,quality_7_plus
white_wine_0656,7.7,0.27,0.35,5.3,0.03,30,117,0.992,3.11,0.42,12.2,f1435d9eb4032cb3,quality_below_7
white_wine_0657,9,0.27,0.35,4.9,0.028,27,95,0.9932,3.04,0.4,11.3,3d31f2d4bead3847,quality_below_7
white_wine_0658,7.3,0.34,0.21,3.2,0.05,14,136,0.9936,3.25,0.44,10.2,d664a2eb5ec3ec1e,quality_below_7
white_wine_0659,6.6,0.27,0.25,3.1,0.052,41,188,0.9915,3.24,0.4,11.3,660f69b636bed66a,quality_below_7
white_wine_0660,6.8,0.29,0.16,1.4,0.038,122.5,234.5,0.9922,3.15,0.47,10,2b8c4170ec99bfa7,quality_below_7
white_wine_0661,7.1,0.28,0.26,1.9,0.049,12,86,0.9934,3.15,0.38,9.4,378299d2421640b8,quality_below_7
white_wine_0662,6.8,0.25,0.34,14,0.032,47,133,0.9952,3.37,0.5,12.2,cad41af1dc795876,quality_7_plus
white_wine_0663,7,0.57,0.1,8.3,0.094,23,188,0.9972,3.4,0.47,9.2,88d52c9d7efca51d,quality_below_7
white_wine_0665,7.1,0.17,0.38,7.4,0.052,49,182,0.9958,3.35,0.52,9.6,43546dc0229e6562,quality_below_7
white_wine_0666,7.8,0.28,0.22,1.4,0.056,24,130,0.9944,3.28,0.48,9.5,1c72eaa9ed650116,quality_below_7
white_wine_0667,6.8,0.22,0.37,1.7,0.036,38,195,0.9908,3.35,0.72,12.5,61462322a14cd211,quality_below_7
white_wine_0669,6.1,0.14,0.25,1.3,0.047,37,173,0.9925,3.35,0.46,10,c2089fdccddd81e9,quality_below_7
white_wine_0670,6.4,0.24,0.5,11.6,0.047,60,211,0.9966,3.18,0.57,9.3,5a7a46575c63bb4f,quality_below_7
white_wine_0671,7.8,0.42,0.26,9.2,0.058,34,199,0.9972,3.14,0.55,9.3,f2b23966ba11cd70,quality_below_7
white_wine_0672,6.6,0.28,0.36,1.7,0.038,22,101,0.9912,3.29,0.57,11.6,d89b4bdfe1e8bd05,quality_below_7
white_wine_0673,7.1,0.32,0.34,14.5,0.039,46,150,0.995,3.38,0.5,12.5,b8ca24224986e059,quality_7_plus
white_wine_0674,6.7,0.31,0.3,2.1,0.038,18,130,0.9928,3.36,0.63,10.6,b9cfe02e30077240,quality_below_7
white_wine_0675,6.4,0.32,0.5,10.7,0.047,57,206,0.9968,3.08,0.6,9.4,aa9ebf7f81c69b85,quality_below_7
white_wine_0676,6.1,0.28,0.25,6.9,0.056,44,201,0.9955,3.19,0.4,9.1,168b09f66b4f80f7,quality_below_7
white_wine_0677,5.9,0.29,0.25,12,0.057,48,224,0.9981,3.23,0.41,9,4906e8a61b8ce4d4,quality_below_7
white_wine_0678,5.8,0.32,0.38,4.75,0.033,23,94,0.991,3.42,0.42,11.8,eb33b4a84eb0e008,quality_7_plus
white_wine_0680,5.7,0.32,0.38,4.75,0.033,23,94,0.991,3.42,0.42,11.8,f1fa91b6b42a5a96,quality_7_plus
white_wine_0681,6.7,0.28,0.14,1.4,0.043,64,159,0.992,3.17,0.39,10,31a2c628dfbe3145,quality_below_7
white_wine_0682,6.8,0.34,0.69,1.3,0.058,12,171,0.9931,3.06,0.47,9.7,2126573ce42bf3a6,quality_below_7
white_wine_0683,5.9,0.25,0.25,11.3,0.052,30,165,0.997,3.24,0.44,9.5,775d3900809c7eb9,quality_below_7
white_wine_0684,6.4,0.27,0.32,4.5,0.24,61,174,0.9948,3.12,0.48,9.4,b8f1e1046aa900f8,quality_below_7
white_wine_0685,8.1,0.46,0.31,1.7,0.052,50,183,0.9923,3.03,0.42,11.2,f393c1cd13298a55,quality_below_7
white_wine_0686,6.2,0.36,0.26,13.2,0.051,54,201,0.9976,3.25,0.46,9,375a52c9626fb0f4,quality_below_7
white_wine_0687,6.8,0.22,0.35,5.5,0.043,21,114,0.9938,3.3,0.53,10.7,d3ef946a84d787d9,quality_7_plus
white_wine_0688,6.8,0.67,0.3,13,0.29,22,193,0.9984,3.08,0.67,9,cc4359bd55dfe0aa,quality_below_7
white_wine_0689,7.2,0.28,0.3,10.7,0.044,61,222,0.9972,3.14,0.5,9.1,8c0a4833bbd353f7,quality_below_7
white_wine_0690,6.7,0.17,0.37,2,0.039,34,125,0.9922,3.26,0.6,10.8,9ddeb2a4f526f47e,quality_7_plus
white_wine_0691,6.9,0.2,0.34,1.9,0.043,25,136,0.9935,3.31,0.6,10.1,afae218719a63f21,quality_below_7
white_wine_0692,6.1,0.36,0.16,6.4,0.037,36,198,0.9944,3.17,0.62,9.9,b989cc10c4f6146a,quality_below_7
white_wine_0693,6,0.36,0.16,6.3,0.036,36,191,0.9942,3.17,0.62,9.8,30f43039e9917be2,quality_below_7
white_wine_0694,5.9,0.37,0.14,6.3,0.036,34,185,0.9944,3.17,0.63,9.8,7ef6f98bd2313423,quality_below_7
white_wine_0695,7.6,0.29,0.58,17.5,0.041,51,225,0.9997,3.16,0.66,9.5,6058b5f71c3df824,quality_below_7
white_wine_0696,6.3,0.34,0.28,14.7,0.047,49,198,0.9977,3.23,0.46,9.5,9274cd5e7bdccc9e,quality_below_7
white_wine_0697,6.7,0.19,0.34,1,0.022,22,94,0.9912,3.23,0.57,11.1,25fd80b8ff7f5d82,quality_below_7
white_wine_0698,7.5,0.31,0.51,14.8,0.039,62,204,0.9982,3.06,0.6,9.5,2c94748b6c9a66bf,quality_below_7
white_wine_0700,7.4,0.31,0.48,14.2,0.042,62,204,0.9983,3.06,0.59,9.4,33587d4f8f91776c,quality_below_7
white_wine_0701,8.4,0.4,0.7,13.1,0.042,29,197,0.998,3.06,0.64,9.7,a7f72d299ec3f956,quality_below_7
white_wine_0702,5.9,0.34,0.22,2.4,0.03,19,135,0.9894,3.41,0.78,13.9,98a17bf9c01c3a42,quality_7_plus
white_wine_0703,6.6,0.38,0.18,1.2,0.042,20,84,0.9927,3.22,0.45,10.1,96fd077b35cd36a1,quality_below_7
white_wine_0704,6.4,0.33,0.28,1.1,0.038,30,110,0.9917,3.12,0.42,10.5,70d764cc3f88d0f5,quality_below_7
white_wine_0705,5.6,0.25,0.26,3.6,0.037,18,115,0.9904,3.42,0.5,12.6,4e2c0f41533a1a9a,quality_below_7
white_wine_0706,8.6,0.27,0.46,6.1,0.032,13,41,0.993,2.89,0.34,10.9,dbd951417ff567ff,quality_below_7
white_wine_0707,6.2,0.31,0.21,6.3,0.041,50,218,0.9941,3.15,0.6,10,15a0f35eb097df70,quality_below_7
white_wine_0708,7.2,0.18,0.45,4.4,0.046,57,166,0.9943,3.13,0.62,11.2,63942c826d75455a,quality_below_7
white_wine_0709,7.7,0.2,0.44,13.9,0.05,44,130,0.99855,3.11,0.48,10,d47b6a5f07409416,quality_below_7
white_wine_0710,6.2,0.47,0.21,1,0.044,13,98,0.99345,3.14,0.46,9.2,a49a2e8c7c89c0d5,quality_below_7
white_wine_0711,6.1,0.25,0.24,12.1,0.046,51,172,0.998,3.35,0.45,9.5,c9ee3aa3aa70b03d,quality_below_7
white_wine_0712,8.2,0.27,0.43,1.6,0.035,31,128,0.9916,3.1,0.5,12.3,a6ee5d4aec2dadd1,quality_below_7
white_wine_0714,6.4,0.31,0.39,7.5,0.04,57,213,0.99475,3.32,0.43,10,8d6c4283139a4f09,quality_below_7
white_wine_0715,6,0.39,0.26,2.7,0.038,39,187,0.99325,3.41,0.5,10.8,aeb2fd5adc1b59c9,quality_below_7
white_wine_0716,6.2,0.21,0.27,1.7,0.038,41,150,0.9933,3.49,0.71,10.5,ed79f3c27ef1a723,quality_7_plus
white_wine_0717,7.7,0.42,0.31,9.2,0.048,22,221,0.9969,3.06,0.61,9.2,54c96be9bb3ac78e,quality_below_7
white_wine_0718,7,0.27,0.41,18.75,0.042,34,157,1.0002,2.96,0.5,9.1,1af291f5a79b1874,quality_below_7
white_wine_0720,7.4,0.29,0.5,1.8,0.042,35,127,0.9937,3.45,0.5,10.2,285efaf2c6aa29b2,quality_7_plus
white_wine_0721,6.6,0.29,0.44,9,0.053,62,178,0.99685,3.02,0.45,8.9,430d5cab7c22a2a8,quality_below_7
white_wine_0722,6,0.3,0.44,1.5,0.046,15,182,0.99455,3.5,0.52,10.4,7aa531a374798087,quality_below_7
white_wine_0723,6.9,0.31,0.34,1.6,0.032,23,128,0.9917,3.37,0.47,11.7,a731ca06f4bf34ea,quality_below_7
white_wine_0724,6.6,0.33,0.31,1.3,0.02,29,89,0.99035,3.26,0.44,12.4,4a325e1c3f3682f2,quality_7_plus
white_wine_0725,7.8,0.3,0.4,1.8,0.028,23,122,0.9914,3.14,0.39,10.9,869f7616cd042d36,quality_7_plus
white_wine_0726,6.4,0.39,0.21,1.2,0.041,35,136,0.99225,3.15,0.46,10.2,a168226d6c7dbf9c,quality_below_7
white_wine_0727,6.4,0.24,0.31,2.8,0.038,41,114,0.99155,3.37,0.66,11.7,daee46db01681a94,quality_7_plus
white_wine_0728,7,0.21,0.34,8,0.057,19,101,0.9954,2.99,0.59,9.4,d2d7828f8066dbd4,quality_below_7
white_wine_0729,6.4,0.16,0.31,5.3,0.043,42,157,0.99455,3.35,0.47,10.5,45c0df4799c4a338,quality_below_7
white_wine_0730,6,0.33,0.27,0.8,0.185,12,188,0.9924,3.12,0.62,9.4,db1ad1d00f78a0a1,quality_below_7
white_wine_0731,6.5,0.23,0.33,13.8,0.042,25,139,0.99695,3.35,0.56,10.4,a0e7b6105d9a7b71,quality_below_7
white_wine_0732,6.2,0.25,0.48,10,0.044,78,240,0.99655,3.25,0.47,9.5,33a8e49078502ed4,quality_below_7
white_wine_0733,8.8,0.28,0.45,6,0.022,14,49,0.9934,3.01,0.33,11.1,118c92a1920b196e,quality_7_plus
white_wine_0734,6.6,0.25,0.3,14.4,0.052,40,183,0.998,3.02,0.5,9.1,1a51fe894cba1318,quality_below_7
white_wine_0735,6.9,0.38,0.25,9.8,0.04,28,191,0.9971,3.28,0.61,9.2,724569654c15066f,quality_below_7
white_wine_0736,6.4,0.25,0.3,5.5,0.038,15,129,0.9948,3.14,0.49,9.6,14455e723deeffee,quality_below_7
white_wine_0739,7.1,0.21,0.31,3.8,0.021,40,142,0.99215,3.17,0.39,10.8,33b2fce632fd41d1,quality_7_plus
white_wine_0741,6.9,0.39,0.4,4.6,0.022,5,19,0.9915,3.31,0.37,12.6,f73e01ebe620b92a,quality_below_7
white_wine_0742,5.8,0.2,0.3,1.5,0.031,21,57,0.99115,3.44,0.55,11,d2a90fe2c9621f12,quality_below_7
white_wine_0743,7,0.2,0.37,2,0.03,26,136,0.9932,3.28,0.61,10.2,aeefd95cd91118bd,quality_below_7
white_wine_0744,5.9,0.26,0.25,12.5,0.034,38,152,0.9977,3.33,0.43,9.4,b33d3c46cb75a343,quality_below_7
white_wine_0745,7.4,0.38,0.27,7.5,0.041,24,160,0.99535,3.17,0.43,10,e2c62ab0938d82de,quality_below_7
white_wine_0746,7.4,0.2,1.66,2.1,0.022,34,113,0.99165,3.26,0.55,12.2,6f307fa72b218c65,quality_below_7
white_wine_0747,7,0.21,0.34,8.5,0.033,31,253,0.9953,3.22,0.56,10.5,c2dc94f122ca015e,quality_below_7
white_wine_0748,7.2,0.29,0.4,7.6,0.024,56,177,0.9928,3.04,0.32,11.5,462ed1900b314266,quality_below_7
white_wine_0749,6.9,0.18,0.38,8.1,0.049,44,176,0.9958,3.3,0.54,9.8,40a1b0f22308efaa,quality_below_7
white_wine_0750,7.3,0.3,0.42,7.35,0.025,51,175,0.9928,3.04,0.32,11.4,9797e8f7c302c2cb,quality_below_7
white_wine_0752,6.9,0.2,0.5,10,0.036,78,167,0.9964,3.15,0.55,10.2,119b331859e348cc,quality_below_7
white_wine_0753,6.7,0.2,0.42,14,0.038,83,160,0.9987,3.16,0.5,9.4,74b7b287fa93a44d,quality_below_7
white_wine_0755,5.9,0.35,0.47,2.2,0.11,14,138,0.9932,3.09,0.5,9.1,4cad5b6e991ca4ff,quality_below_7
white_wine_0756,7.1,0.28,0.44,1.8,0.032,32,107,0.9907,3.25,0.48,12.2,3771d5dcf4cb4df0,quality_7_plus
white_wine_0757,5.8,0.25,0.28,11.1,0.056,45,175,0.99755,3.42,0.43,9.5,4c82788272461bf7,quality_below_7
white_wine_0758,6.8,0.22,0.37,15.2,0.051,68,178,0.99935,3.4,0.85,9.3,c7085037a23f7bec,quality_below_7
white_wine_0759,7.1,0.14,0.4,1.2,0.051,55,136,0.9932,3.3,0.96,9.8,ac7811a9214135bd,quality_7_plus
white_wine_0760,7.1,0.13,0.4,1.2,0.047,54,134,0.9932,3.3,0.97,9.8,ad4e4cbf73dcadd5,quality_7_plus
white_wine_0762,7,0.2,0.38,8.1,0.05,42,173,0.99585,3.3,0.54,9.8,53a7b6740ad00fea,quality_below_7
white_wine_0763,6.8,0.24,0.49,19.3,0.057,55,247,1.00055,3,0.56,8.7,8460421552638d79,quality_below_7
white_wine_0764,5,0.44,0.04,18.6,0.039,38,128,0.9985,3.37,0.57,10.2,1dda8ced109fbd1d,quality_below_7
white_wine_0765,6.3,0.3,0.28,5,0.042,36,168,0.99505,3.22,0.69,9.5,cca673497e58f463,quality_below_7
white_wine_0766,7.2,0.27,0.42,1.6,0.05,35,135,0.992,2.94,0.46,11,3c60ab48fe90cdff,quality_below_7
white_wine_0767,6.7,0.5,0.63,13.4,0.078,81,238,0.9988,3.08,0.44,9.2,70fb12ee8e59d54b,quality_below_7
white_wine_0768,6.8,0.2,0.36,1.6,0.028,7,46,0.99175,3.21,0.6,10.9,9f9df744329b7724,quality_below_7
white_wine_0769,6.7,0.11,0.34,8.8,0.043,41,113,0.9962,3.42,0.4,9.3,bc9a1cefec4e7420,quality_7_plus
white_wine_0771,6.8,0.12,0.31,5.2,0.045,29,120,0.9942,3.41,0.46,9.8,e23491f45c83c694,quality_7_plus
white_wine_0772,6.6,0.16,0.57,1.1,0.13,58,140,0.9927,3.12,0.39,9.3,2925ac3f88a241da,quality_7_plus
white_wine_0773,6.6,0.21,0.6,1.1,0.135,61,144,0.9927,3.12,0.39,9.3,8f9f4aecbe33c777,quality_7_plus
white_wine_0774,6.1,0.27,0.3,16.7,0.039,49,172,0.99985,3.4,0.45,9.4,b07ae772ff94a6e2,quality_below_7
white_wine_0775,9.1,0.27,0.45,10.6,0.035,28,124,0.997,3.2,0.46,10.4,4bcdf2c1a1feabb0,quality_7_plus
white_wine_0776,6.4,0.225,0.48,2.2,0.115,29,104,0.9918,3.24,0.58,12.1,60c6331e64c11ce1,quality_below_7
white_wine_0777,8.3,0.14,0.45,1.5,0.039,18,98,0.99215,3.02,0.56,11,38f8e17da0d860c0,quality_below_7
white_wine_0778,7.2,0.23,0.19,13.7,0.052,47,197,0.99865,3.12,0.53,9,20c36be1570485ca,quality_below_7
white_wine_0779,6.9,0.22,0.37,15,0.053,59,178,0.9992,3.37,0.82,9.5,9b5b026f671e50e0,quality_7_plus
white_wine_0780,8.1,0.17,0.44,14.1,0.053,43,145,1.0006,3.28,0.75,8.8,d2d7308d5ea7fc8a,quality_7_plus
white_wine_0781,6,0.395,0,1.4,0.042,7,55,0.99135,3.37,0.38,11.2,5b0a5135337a5ccc,quality_below_7
white_wine_0782,7.8,0.29,0.22,9.5,0.056,44,213,0.99715,3.08,0.61,9.3,4215183a3d21e75a,quality_below_7
white_wine_0786,7.6,0.3,0.27,10.6,0.039,31,119,0.99815,3.27,0.3,9.3,904dd51abdd591ff,quality_below_7
white_wine_0787,7.7,0.34,0.28,11,0.04,31,117,0.99815,3.27,0.29,9.2,c62b9c140f3aa9df,quality_below_7
white_wine_0789,5.8,0.34,0.16,7,0.037,26,116,0.9949,3.46,0.45,10,6b8fee2a8ddfec6c,quality_7_plus
white_wine_0792,5.9,0.24,0.3,2,0.033,28,92,0.99225,3.39,0.69,10.9,c823a85641346d23,quality_7_plus
white_wine_0793,6.4,0.46,0.08,4.9,0.046,34,144,0.99445,3.1,0.56,10,08b7f66cdb2ad94e,quality_below_7
white_wine_0795,7.4,0.32,0.27,1.4,0.049,38,173,0.99335,3.03,0.52,9.3,c791725e76535536,quality_below_7
white_wine_0796,7.2,0.31,0.26,7.3,0.05,37,157,0.99625,3.09,0.43,9,e3a047ad7313ddd5,quality_below_7
white_wine_0797,7.8,0.42,0.23,8.8,0.054,42,215,0.9971,3.02,0.58,9.2,e1014ee9c1dee8bc,quality_below_7
white_wine_0798,6.9,0.24,0.33,12.5,0.046,47,153,0.9983,3.28,0.77,9.6,898f0e5330d3d345,quality_below_7
white_wine_0799,5.4,0.18,0.24,4.8,0.041,30,113,0.99445,3.42,0.4,9.4,817a5c6d7585f1fa,quality_below_7
white_wine_0800,6,0.18,0.31,1.4,0.036,14,75,0.99085,3.34,0.58,11.1,6e3300009bbbd9f6,quality_7_plus
white_wine_0801,7.8,0.27,0.58,11.2,0.036,44,161,0.9977,3.06,0.41,8.9,9b51abdbfe819815,quality_below_7
white_wine_0802,6,0.28,0.49,6.8,0.048,61,222,0.9953,3.19,0.47,9.3,1f986867c8487a8e,quality_below_7
white_wine_0803,6.8,0.39,0.35,11.6,0.044,57,220,0.99775,3.07,0.53,9.3,98fded6d83b2eeda,quality_below_7
white_wine_0804,6.6,0.21,0.31,11.4,0.039,46,165,0.99795,3.41,0.44,9.8,8ed63e30b4805da8,quality_7_plus
white_wine_0805,7.3,0.32,0.34,6.6,0.032,24,112,0.99505,3.22,0.46,9.8,90a430742f1cd100,quality_below_7
white_wine_0807,6.4,0.31,0.26,13.2,0.046,57,205,0.9975,3.17,0.41,9.6,250c7c472b78afe9,quality_below_7
white_wine_0808,6.2,0.29,0.26,13.1,0.046,55,204,0.99745,3.16,0.41,9.6,6a77a62c7763ef2a,quality_below_7
white_wine_0809,6,0.39,0.17,12,0.046,65,246,0.9976,3.15,0.38,9,ffe7b28bc3d77507,quality_below_7
white_wine_0810,6.2,0.3,0.26,13.4,0.046,57,206,0.99775,3.17,0.43,9.5,bfc6f4068b51dfde,quality_below_7
white_wine_0812,6,0.41,0.05,1.5,0.063,17,120,0.9932,3.21,0.56,9.2,8e7c5c79ab99b404,quality_below_7
white_wine_0813,6.4,0.35,0.28,1.1,0.055,9,160,0.99405,3.42,0.5,9.1,7b6bcba4f0832eed,quality_7_plus
white_wine_0814,6.5,0.26,0.32,16.5,0.045,44,166,1,3.38,0.46,9.5,a5c22c32cc1abd9e,quality_below_7
white_wine_0815,7.9,0.35,0.24,15.6,0.072,44,229,0.99785,3.03,0.59,10.5,45795a537025dc0a,quality_below_7
white_wine_0816,6.2,0.3,0.17,2.8,0.04,24,125,0.9939,3.01,0.46,9,d2476267a68bd729,quality_below_7
white_wine_0817,8.4,0.18,0.42,5.1,0.036,7,77,0.9939,3.16,0.52,11.7,344e46400521fe48,quality_below_7
white_wine_0818,6.6,0.56,0.22,8.9,0.034,27,133,0.99675,3.2,0.51,9.1,038ce8336353a570,quality_below_7
white_wine_0821,6.6,0.36,0.29,1.6,0.021,24,85,0.98965,3.41,0.61,12.4,bdebed7ccae1407a,quality_7_plus
white_wine_0822,7.3,0.655,0.2,10.2,0.071,28,212,0.9971,2.96,0.58,9.2,a0622806e3bbd2a9,quality_below_7
white_wine_0823,6.8,0.18,0.21,5.4,0.053,34,104,0.99445,3.3,0.43,9.4,19c65cdd0fdae396,quality_below_7
white_wine_0824,6.7,0.19,0.23,6.2,0.047,36,117,0.9945,3.34,0.43,9.6,8a51e7a3692e243d,quality_below_7
white_wine_0826,7,0.21,0.37,7.2,0.042,36,167,0.9958,3.26,0.56,9.8,44eb6c1c0024f723,quality_below_7
white_wine_0827,6.8,0.25,0.38,8.1,0.046,24,155,0.9956,3.33,0.59,10.2,7576c830762197a4,quality_below_7
white_wine_0828,7.4,0.24,0.36,2,0.031,27,139,0.99055,3.28,0.48,12.5,5df311c0d7815f88,quality_7_plus
white_wine_0829,7.1,0.16,0.36,10.7,0.044,20,90,0.9959,3.16,0.44,10.9,a1185d6ae3dc6875,quality_7_plus
white_wine_0830,7.1,0.16,0.36,1.2,0.043,21,90,0.9925,3.16,0.42,11,7ec4c4ca0983ba93,quality_7_plus
white_wine_0831,7.3,0.205,0.31,1.7,0.06,34,110,0.9963,3.72,0.69,10.5,5b5bf48447183181,quality_below_7
white_wine_0832,7.4,0.17,0.4,5.5,0.037,34,161,0.9935,3.05,0.62,11.5,6cdddcfe13804c4f,quality_below_7
white_wine_0833,7.3,0.3,0.34,2.7,0.044,34,108,0.99105,3.36,0.53,12.8,73fb042271a3224a,quality_7_plus
white_wine_0834,6.9,0.25,0.34,1.3,0.035,27,82,0.99045,3.18,0.44,12.2,73e643acf590714a,quality_below_7
white_wine_0836,7.5,0.42,0.34,4.3,0.04,34,108,0.99155,3.14,0.45,12.8,0e2662542b59b70c,quality_7_plus
white_wine_0837,7.3,0.25,0.36,2.1,0.034,30,177,0.99085,3.25,0.4,11.9,fc8d920df2ccce99,quality_7_plus
white_wine_0840,7.5,0.34,0.35,6,0.034,12,126,0.9924,3.16,0.39,12,3218a6125d6ab7d0,quality_7_plus
white_wine_0841,7.6,0.33,0.35,6.3,0.036,12,126,0.9924,3.16,0.39,12,1f4c5be5d591007b,quality_7_plus
white_wine_0842,8.7,0.23,0.32,13.4,0.044,35,169,0.99975,3.12,0.47,8.8,b94b32cb6d1d0c7e,quality_7_plus
white_wine_0844,6.9,0.19,0.35,1.7,0.036,33,101,0.99315,3.21,0.54,10.8,127d2b8a68633181,quality_7_plus
white_wine_0845,7.3,0.21,0.29,1.6,0.034,29,118,0.9917,3.3,0.5,11,cbe946b256e6de06,quality_7_plus
white_wine_0847,6.6,0.22,0.37,15.4,0.035,62,153,0.99845,3.02,0.4,9.3,8ad37ae32d907725,quality_below_7
white_wine_0848,9.2,0.34,0.27,1.2,0.026,17,73,0.9921,3.08,0.39,10.8,46fe2eb8c6be8622,quality_below_7
white_wine_0850,6,0.2,0.24,1.8,0.03,30,105,0.9909,3.31,0.47,11.5,36ab3386067d80ff,quality_below_7
white_wine_0852,8.2,0.38,0.49,13.6,0.042,58,166,0.99855,3.1,0.54,9.4,7e5a3bae43d649f1,quality_below_7
white_wine_0853,6.9,0.18,0.36,1.3,0.036,40,117,0.9934,3.27,0.95,9.5,22b71c488653c63b,quality_7_plus
white_wine_0854,7.7,0.34,0.58,11.1,0.039,41,151,0.9978,3.06,0.49,8.6,95b65ccace6add58,quality_below_7
white_wine_0856,7.4,0.2,0.35,2.1,0.038,30,116,0.9949,3.49,0.77,10.3,9a57d100eac9d084,quality_7_plus
white_wine_0858,8.2,0.4,0.48,13.7,0.042,59,169,0.9986,3.1,0.52,9.4,190902e257696de1,quality_below_7
white_wine_0859,6.7,0.22,0.39,10.2,0.038,60,149,0.99725,3.17,0.54,10,57ca26c0dab59ba9,quality_7_plus
white_wine_0860,6.6,0.3,0.3,4.8,0.17,60,166,0.9946,3.18,0.47,9.4,a00e510d72de9910,quality_below_7
white_wine_0861,8.1,0.27,0.35,1.7,0.03,38,103,0.99255,3.22,0.63,10.4,0c9f45c965d252e4,quality_7_plus
white_wine_0862,7.3,0.25,0.42,14.2,0.041,57,182,0.9996,3.29,0.75,9.1,d23076c033a5dfaf,quality_7_plus
white_wine_0863,4.8,0.34,0,6.5,0.028,33,163,0.9939,3.36,0.61,9.9,c073487b997ee547,quality_below_7
white_wine_0864,6.2,0.28,0.33,1.7,0.029,24,111,0.99,3.24,0.5,12.1,d891e9f121166dd7,quality_below_7
white_wine_0865,4.8,0.33,0,6.5,0.028,34,163,0.9937,3.35,0.61,9.9,721b22aeb71a2ecf,quality_below_7
white_wine_0866,6.1,0.27,0.33,2.2,0.021,26,117,0.9886,3.12,0.3,12.5,6c2c9cb41e610e40,quality_below_7
white_wine_0868,7.8,0.18,0.46,12.6,0.042,41,143,1,3.24,0.76,8.5,4972171cefe758fe,quality_7_plus
white_wine_0869,7.3,0.28,0.42,14.4,0.04,49,173,0.9994,3.28,0.82,9,c4c2b35f2c96d2e6,quality_7_plus
white_wine_0870,7.3,0.24,0.29,1.2,0.037,37,97,0.9926,3.19,0.7,10.1,ca7bb40e5c547b12,quality_below_7
white_wine_0871,6,0.45,0.65,9.7,0.08,11,159,0.9956,3.04,0.48,9.4,2191a14346a82e48,quality_below_7
white_wine_0873,6.3,0.26,0.21,4,0.03,24,125,0.9915,3.06,0.34,10.7,b3dc2075842938af,quality_below_7
white_wine_0874,10.3,0.17,0.47,1.4,0.037,5,33,0.9939,2.89,0.28,9.6,af70b66e30903e1e,quality_below_7
white_wine_0875,7.7,0.15,0.29,1.3,0.029,10,64,0.9932,3.35,0.39,10.1,7cd92c4cf5a2aa7a,quality_below_7
white_wine_0876,7.1,0.21,0.32,2.2,0.037,28,141,0.993,3.2,0.57,10,3498f01f0ce4025c,quality_7_plus
white_wine_0877,6.9,0.36,0.34,4.2,0.018,57,119,0.9898,3.28,0.36,12.7,f34d7991ec825c92,quality_7_plus
white_wine_0878,6,0.28,0.34,1.6,0.119,33,104,0.9921,3.19,0.38,10.2,8e59fbee0c19cc9d,quality_below_7
white_wine_0879,6.2,0.16,0.54,1.4,0.126,37,110,0.9932,3.23,0.37,8.9,2bfc968ea0e4a750,quality_below_7
white_wine_0880,6.9,0.12,0.36,2.2,0.037,18,111,0.9919,3.41,0.82,11.9,09bda0c5552afc2b,quality_7_plus
white_wine_0882,8.8,0.36,0.44,1.9,0.04,9,121,0.9953,3.19,0.48,9.9,6a604714d0d02d8e,quality_below_7
white_wine_0883,7.4,0.26,0.43,6,0.022,22,125,0.9928,3.13,0.55,11.5,59083cba0033d698,quality_below_7
white_wine_0885,6.8,0.23,0.29,12.2,0.035,38,236,0.9976,3.35,0.52,9.8,e13f5d0c4c960ca7,quality_below_7
white_wine_0886,6.1,0.34,0.27,2.6,0.024,20,105,0.9906,3.4,0.67,12.2,a8e3efd6b1164d4c,quality_7_plus
white_wine_0887,7.3,0.26,0.31,1.6,0.04,39,173,0.9918,3.19,0.51,11.4,1630e767499a4a6e,quality_below_7
white_wine_0888,6.5,0.3,0.32,2,0.044,34,90,0.99185,3.37,0.68,11,3dcddfd3cf7f8f3f,quality_7_plus
white_wine_0891,5,0.31,0,6.4,0.046,43,166,0.994,3.3,0.63,9.9,27050df8e3dbbb08,quality_below_7
white_wine_0892,5.8,0.26,0.18,1.2,0.031,40,114,0.9908,3.42,0.4,11,6219eb8e9fe0dacd,quality_7_plus
white_wine_0893,5.9,0.26,0.3,1,0.036,38,114,0.9928,3.58,0.48,9.4,e0ea7796dd1b45b2,quality_below_7
white_wine_0894,7,0.31,0.29,1.4,0.037,33,128,0.9896,3.12,0.36,12.2,821d88c6a956eed8,quality_7_plus
white_wine_0896,5.6,0.19,0.39,1.1,0.043,17,67,0.9918,3.23,0.53,10.3,d42bf5808db610a3,quality_below_7
white_wine_0897,6.8,0.18,0.28,8.7,0.047,52,242,0.9952,3.22,0.53,10.5,d61f7590e5e4e366,quality_below_7
white_wine_0898,7,0.29,0.26,1.6,0.044,12,87,0.9923,3.08,0.46,10.5,763813f7a40c4948,quality_below_7
white_wine_0899,6.6,0.26,0.29,1.4,0.039,13,67,0.9915,3.05,0.49,10.9,df9f970e9ddb19d8,quality_below_7
white_wine_0900,6.8,0.18,0.28,8.5,0.047,52,242,0.9952,3.22,0.53,10.5,381c398ee53a8841,quality_below_7
white_wine_0901,6.6,0.2,0.38,7.9,0.052,30,145,0.9947,3.32,0.56,11,d6c8fe54450fa9e3,quality_7_plus
white_wine_0902,8,0.29,0.29,13.2,0.046,26,113,0.9983,3.25,0.37,9.7,b3399a816a59a6f7,quality_below_7
white_wine_0903,6.1,0.28,0.35,12.8,0.048,63,229,0.9975,3.08,0.4,8.9,294e8cc3b07ea689,quality_below_7
white_wine_0904,5.9,0.31,0.3,7.7,0.047,60,206,0.995,3.2,0.39,9.6,976cc4387f854fed,quality_below_7
white_wine_0905,6.9,0.21,0.28,2.4,0.056,49,159,0.9944,3.02,0.47,8.8,b5e0fba60e77cc4d,quality_7_plus
white_wine_0906,8.4,0.19,0.42,1.6,0.047,9,101,0.994,3.06,0.65,11.1,2bc42e6333b0d1ec,quality_below_7
white_wine_0907,8.3,0.27,0.45,1.3,0.048,8,72,0.9944,3.08,0.61,10.3,ad0b48946529b51d,quality_below_7
white_wine_0908,7.1,0.25,0.39,2.1,0.036,30,124,0.9908,3.28,0.43,12.2,844b5f1d69956818,quality_7_plus
white_wine_0909,8,0.23,0.37,9.6,0.054,23,159,0.99795,3.32,0.47,9.8,5b33eb75427b0cef,quality_below_7
white_wine_0910,7.5,0.24,0.31,13,0.049,46,217,0.9985,3.08,0.53,8.8,ee3a81d71fc29321,quality_below_7
white_wine_0911,6.3,0.33,0.2,5.8,0.04,24,144,0.99425,3.15,0.63,9.9,a89acf655c957bb3,quality_below_7
white_wine_0912,6.2,0.33,0.19,5.6,0.042,22,143,0.99425,3.15,0.63,9.9,151964f77537e5d9,quality_below_7
white_wine_0913,6.3,0.34,0.19,5.8,0.041,22,145,0.9943,3.15,0.63,9.9,2a7d365ae1bb4da1,quality_below_7
white_wine_0914,5.8,0.29,0.05,0.8,0.038,11,30,0.9924,3.36,0.35,9.2,1b818e2125467403,quality_below_7
white_wine_0915,8,0.32,0.26,1.2,0.05,11.5,88,0.9946,3.24,0.37,9.5,de061e7e3f35c98c,quality_below_7
white_wine_0916,5.6,0.29,0.05,0.8,0.038,11,30,0.9924,3.36,0.35,9.2,abe4fd5408c794e2,quality_below_7
white_wine_0917,7.4,0.13,0.39,4.7,0.042,36,137,0.995,3.36,0.56,10.3,b9e2ca75a1c84867,quality_7_plus
white_wine_0918,7.7,0.3,0.32,1.6,0.037,23,124,0.9919,2.93,0.33,11,6d436f91c279995d,quality_below_7
white_wine_0919,7,0.24,0.34,1.4,0.031,27,107,0.99,3.06,0.39,11.9,0b3f36d25ceb5c28,quality_below_7
white_wine_0920,8.6,0.18,0.4,1.1,0.04,20,107,0.9923,2.94,0.32,10.2,6ab70e8f623c8e43,quality_7_plus
white_wine_0921,7,0.11,0.32,4.6,0.057,59,144,0.9956,3.55,0.44,9.4,5703f284a6651f62,quality_7_plus
white_wine_0922,7.7,0.32,0.62,10.6,0.036,56,153,0.9978,3.13,0.44,8.9,ae61022a98596201,quality_below_7
white_wine_0924,6.5,0.26,0.27,12.9,0.044,69,215,0.9967,3.17,0.43,10,d2dc341c7b9eb726,quality_below_7
white_wine_0925,7.9,0.28,0.41,2,0.044,50,152,0.9934,3.45,0.49,10.7,5cbd4aea65870e9e,quality_7_plus
white_wine_0926,6.3,0.27,0.23,2.9,0.047,13,100,0.9936,3.28,0.43,9.8,dc30518769500eb3,quality_below_7
white_wine_0927,5.4,0.595,0.1,2.8,0.042,26,80,0.9932,3.36,0.38,9.3,23c92f0c961faa40,quality_below_7
white_wine_0928,6.7,0.25,0.33,2.9,0.057,52,173,0.9934,3.02,0.48,9.5,162ee7e08758433c,quality_7_plus
white_wine_0929,6.5,0.25,0.35,12,0.055,47,179,0.998,3.58,0.47,10,83cf18f4b844b2d8,quality_below_7
white_wine_0930,6.1,0.36,0.58,15,0.044,42,115,0.9978,3.15,0.51,9,23e55d2be1b867a7,quality_below_7
white_wine_0931,7.7,0.17,0.52,5.9,0.017,21,84,0.9929,3.14,0.4,11.9,d28772b27d231994,quality_7_plus
white_wine_0932,6.4,0.26,0.43,12.6,0.033,64,230,0.9974,3.08,0.38,8.9,c1f43c667bb504ff,quality_below_7
white_wine_0933,6.5,0.26,0.28,12.5,0.046,80,225,0.99685,3.18,0.41,10,1025d20f5949dc15,quality_below_7
white_wine_0934,5.9,0.29,0.33,7.4,0.037,58,205,0.99495,3.26,0.41,9.6,587457a022c7d64f,quality_below_7
white_wine_0935,6.2,0.28,0.43,13,0.039,64,233,0.99745,3.08,0.38,8.9,339a3b9ed48c8630,quality_below_7
white_wine_0936,6.1,0.27,0.44,6.7,0.041,61,230,0.99505,3.12,0.4,8.9,3ef4a005ef20f74a,quality_below_7
white_wine_0937,6.4,0.43,0.32,1.4,0.048,10,67,0.992,3.08,0.41,11.4,a7b78d5f3c7956af,quality_below_7
white_wine_0939,6.2,0.35,0.29,7.3,0.044,56,244,0.9956,3.36,0.55,10,4ce157e395a1be78,quality_below_7
white_wine_0940,7.7,0.24,0.29,15.3,0.044,39,194,0.9982,3.06,0.47,9.6,9e8511baaa4dc658,quality_7_plus
white_wine_0941,6.2,0.34,0.28,7.5,0.034,40,197,0.99485,3.14,0.6,9.7,b741458c7f4d9635,quality_below_7
white_wine_0942,6.3,0.27,0.46,11.75,0.037,61,212,0.9971,3.25,0.53,9.5,49d1607c170362de,quality_below_7
white_wine_0943,5.4,0.415,0.19,1.6,0.039,27,88,0.99265,3.54,0.41,10,2621d83e7f8c823d,quality_7_plus
white_wine_0944,6.9,0.48,0.36,3.5,0.03,31,135,0.9904,3.14,0.38,12.2,de746a5323d6f987,quality_7_plus
white_wine_0945,6.5,0.18,0.33,8,0.051,16,131,0.9965,3.28,0.44,8.7,bbed73b0b555bc64,quality_7_plus
white_wine_0946,6.7,0.15,0.29,5,0.058,28,105,0.9946,3.52,0.44,10.2,52d20ae134641f8c,quality_7_plus
white_wine_0947,8.2,0.345,1,18.2,0.047,55,205,0.99965,2.96,0.43,9.6,94e5017d847fde67,quality_below_7
white_wine_0948,8.5,0.16,0.35,1.6,0.039,24,147,0.9935,2.96,0.36,10,32fb72152894e6fd,quality_below_7
white_wine_0949,6.8,0.705,0.25,3.2,0.048,10,57,0.996,3.36,0.52,9.5,6f1b3e7fb4e29190,quality_below_7
white_wine_0950,7.3,0.25,0.39,6.4,0.034,8,84,0.9942,3.18,0.46,11.5,fb6244790a478111,quality_below_7
white_wine_0951,7.6,0.345,0.26,1.9,0.043,15,134,0.9936,3.08,0.38,9.5,1eea5b2160b72ac5,quality_below_7
white_wine_0952,7.6,0.22,0.34,9.7,0.035,26,143,0.9965,3.08,0.49,9.8,cbcd89900f31fa11,quality_below_7
white_wine_0953,6.5,0.17,0.33,1.4,0.028,14,99,0.9928,3.23,0.55,10.1,c52cf9d921adbb07,quality_below_7
white_wine_0954,8.2,0.23,0.37,1.3,0.042,39,117,0.9928,2.99,0.36,10,1dd3eb59172c548e,quality_below_7
white_wine_0957,7.5,0.32,0.26,1.8,0.042,13,133,0.9938,3.07,0.38,9.5,85ddb12c9b0950bd,quality_below_7
white_wine_0958,6.6,0.23,0.32,0.9,0.041,25,79,0.9926,3.39,0.54,10.2,35886a158e151adf,quality_7_plus
white_wine_0959,6.6,0.2,0.32,1.1,0.039,25,78,0.9926,3.39,0.54,10.2,119b588a505de17f,quality_7_plus
white_wine_0960,7.3,0.24,0.34,15.4,0.05,38,174,0.9983,3.03,0.42,9,5ef0c4ebe6980286,quality_below_7
white_wine_0962,8,0.42,0.36,5,0.037,34,101,0.992,3.13,0.57,12.3,2e40c184a4bcfb35,quality_7_plus
white_wine_0964,6.1,0.19,0.25,4,0.023,23,112,0.9923,3.37,0.51,11.6,cfc15038ebbd7c18,quality_below_7
white_wine_0965,5.9,0.26,0.21,12.5,0.034,36,152,0.9972,3.28,0.43,9.5,c3880fe217f612a7,quality_below_7
white_wine_0966,8.3,0.23,0.43,3.2,0.035,14,101,0.9928,3.15,0.36,11.5,f7886029cc0d8439,quality_below_7
white_wine_0967,6.5,0.34,0.28,1.8,0.041,43,188,0.9928,3.13,0.37,9.6,8738aba64dc35174,quality_below_7
white_wine_0968,6.8,0.22,0.35,17.5,0.039,38,153,0.9994,3.24,0.42,9,40c017e0b13fc4a4,quality_below_7
white_wine_0969,6.5,0.08,0.33,1.9,0.028,23,93,0.991,3.34,0.7,12,9aee4dd5b15782c3,quality_7_plus
white_wine_0970,5.5,0.42,0.09,1.6,0.019,18,68,0.9906,3.33,0.51,11.4,1d8f6ae07248b015,quality_7_plus
white_wine_0971,5.1,0.42,0.01,1.5,0.017,25,102,0.9894,3.38,0.36,12.3,5bd41a167b2ac489,quality_7_plus
white_wine_0972,6,0.27,0.19,1.7,0.02,24,110,0.9898,3.32,0.47,12.6,5614746d4962f169,quality_7_plus
white_wine_0975,7.1,0.13,0.38,1.8,0.046,14,114,0.9925,3.32,0.9,11.7,8d86b4c02ecec507,quality_below_7
white_wine_0976,7.6,0.3,0.25,4.3,0.054,22,111,0.9956,3.12,0.49,9.2,b52c9fd9c2773de2,quality_below_7
white_wine_0977,6.6,0.13,0.3,4.9,0.058,47,131,0.9946,3.51,0.45,10.3,27aa3747733eafb7,quality_below_7
white_wine_0978,6.5,0.14,0.33,7.6,0.05,53,189,0.9966,3.25,0.49,8.6,1f570516ec76af53,quality_below_7
white_wine_0979,7.7,0.28,0.33,6.7,0.037,32,155,0.9951,3.39,0.62,10.7,513a421c7ee41c1d,quality_7_plus
white_wine_0980,6,0.2,0.71,1.6,0.15,10,54,0.9927,3.12,0.47,9.8,9fc70a16513b3540,quality_below_7
white_wine_0981,6,0.19,0.71,1.5,0.152,9,55,0.9927,3.12,0.46,9.8,89b76b6fe529ddf2,quality_below_7
white_wine_0983,5.1,0.39,0.21,1.7,0.027,15,72,0.9894,3.5,0.45,12.5,2f1b67d9fbd972e7,quality_below_7
white_wine_0984,5.7,0.36,0.34,4.2,0.026,21,77,0.9907,3.41,0.45,11.9,917754c9f41acdfe,quality_below_7
white_wine_0985,6.9,0.19,0.33,1.6,0.043,63,149,0.9925,3.44,0.52,10.8,70b129f59354cb87,quality_below_7
white_wine_0986,6,0.41,0.21,1.9,0.05,29,122,0.9928,3.42,0.52,10.5,ea0a848eb9bbeeb2,quality_below_7
white_wine_0987,7.4,0.28,0.3,5.3,0.054,44,161,0.9941,3.12,0.48,10.3,a9223f2d9ab96fb6,quality_below_7
white_wine_0988,7.4,0.3,0.3,5.2,0.053,45,163,0.9941,3.12,0.45,10.3,d37f855e99158925,quality_below_7
white_wine_0990,7.7,0.28,0.39,8.9,0.036,8,117,0.9935,3.06,0.38,12,b24717ed94e183b2,quality_7_plus
white_wine_0991,8.6,0.16,0.38,3.4,0.04,41,143,0.9932,2.95,0.39,10.2,b4adac177578d590,quality_below_7
white_wine_0992,8.2,0.26,0.44,1.3,0.046,7,69,0.9944,3.14,0.62,10.2,def28c4a74040e7a,quality_below_7
white_wine_0993,6.5,0.25,0.27,15.2,0.049,75,217,0.9972,3.19,0.39,9.9,9e7acbb61a456b1d,quality_below_7
white_wine_0994,7,0.24,0.18,1.3,0.046,9,62,0.994,3.38,0.47,10.1,f4dfb81161d68145,quality_below_7
white_wine_0995,8.6,0.18,0.36,1.8,0.04,24,187,0.9956,3.25,0.55,9.5,9f793938f234b8f8,quality_below_7
white_wine_0996,7.8,0.27,0.34,1.6,0.046,27,154,0.9927,3.05,0.45,10.5,4fc4a1f62b6c4985,quality_below_7
white_wine_0997,6,0.26,0.34,1.3,0.046,6,29,0.9924,3.29,0.63,10.4,0844d80f34ce2970,quality_below_7
white_wine_0998,6.1,0.24,0.27,9.8,0.062,33,152,0.9966,3.31,0.47,9.5,475e7e20f21819d2,quality_below_7
white_wine_0999,8,0.24,0.3,17.45,0.056,43,184,0.9997,3.05,0.5,9.2,0092a49c5432db3d,quality_below_7
white_wine_1000,7.6,0.21,0.6,2.1,0.046,47,165,0.9936,3.05,0.54,10.1,d4709974ed3d251c,quality_7_plus
white_wine_1001,8,0.19,0.36,1.8,0.05,16,84,0.9936,3.15,0.45,9.8,26454166588f51e3,quality_7_plus
white_wine_1002,6.4,0.28,0.41,6.8,0.045,61,216,0.9952,3.09,0.46,9.4,b007d024a901b898,quality_below_7
white_wine_1003,6.4,0.28,0.43,7.1,0.045,60,221,0.9952,3.09,0.45,9.4,a45e1f258d265c0c,quality_below_7
white_wine_1004,6.9,0.24,0.39,1.3,0.063,18,136,0.9928,3.31,0.48,10.4,79efb9189c12db5d,quality_7_plus
white_wine_1005,5.8,0.36,0.26,3.3,0.038,40,153,0.9911,3.34,0.55,11.3,c6a99655b61a8e72,quality_below_7
white_wine_1006,6.6,0.18,0.28,3.3,0.044,18,91,0.993,3.42,0.64,10.8,df54bf47b2ac2e42,quality_below_7
white_wine_1008,5.1,0.52,0.06,2.7,0.052,30,79,0.9932,3.32,0.43,9.3,f230cb254624dd61,quality_below_7
white_wine_1009,6.6,0.22,0.37,1.2,0.059,45,199,0.993,3.37,0.55,10.3,bb97a81c18c502c1,quality_7_plus
white_wine_1010,8.3,0.15,0.39,1.3,0.055,32,146,0.993,3.08,0.39,10.5,d470bbd0eac7fff4,quality_below_7
white_wine_1011,7.6,0.16,0.44,1.4,0.043,25,109,0.9932,3.11,0.75,10.3,f18d9e207f85d03e,quality_below_7
white_wine_1012,7.7,0.16,0.41,1.7,0.048,60,173,0.9932,3.24,0.66,11.2,89897e875a879a11,quality_7_plus
white_wine_1013,8.3,0.16,0.48,1.7,0.057,31,98,0.9943,3.15,0.41,10.3,8d23158438e78cff,quality_below_7
white_wine_1014,6.2,0.25,0.47,11.6,0.048,62,210,0.9968,3.19,0.5,9.5,52257319c463844a,quality_below_7
white_wine_1015,6.1,0.16,0.27,12.6,0.064,63,162,0.9994,3.66,0.43,8.9,fd078a937a10430d,quality_below_7
white_wine_1016,7.6,0.39,0.22,2.8,0.036,19,113,0.9926,3.03,0.29,10.2,3fa9b03a00fc466a,quality_below_7
white_wine_1017,6.8,0.37,0.47,11.2,0.071,44,136,0.9968,2.98,0.88,9.2,3d863eb4ea92dc79,quality_below_7
white_wine_1019,7.1,0.18,0.42,1.4,0.045,47,157,0.9916,2.95,0.31,10.5,50bd88b25cdad450,quality_below_7
white_wine_1020,8.3,0.14,0.26,1.5,0.049,56,189,0.9946,3.21,0.62,9.5,d5b5347e9d1e681e,quality_below_7
white_wine_1021,8.6,0.2,0.42,1.5,0.041,35,125,0.9925,3.11,0.49,11.4,12f5efc8ac22a1b7,quality_7_plus
white_wine_1023,6.8,0.19,0.32,7.05,0.019,54,188,0.9935,3.25,0.37,11.1,f06afb9aafef0520,quality_7_plus
white_wine_1024,7.6,0.19,0.38,10.6,0.06,48,174,0.9962,3.13,0.38,10.5,5e63be8c934f2928,quality_below_7
white_wine_1025,6.8,0.34,0.74,2.8,0.088,23,185,0.9928,3.51,0.7,12,38c5b46b60fbbb40,quality_below_7
white_wine_1026,6.2,0.15,0.46,1.6,0.039,38,123,0.993,3.38,0.51,9.7,a11bfc32f56a1249,quality_below_7
white_wine_1027,6.6,0.14,0.44,1.6,0.042,47,140,0.993,3.32,0.51,10.2,c7c2e35b569776e4,quality_below_7
white_wine_1028,8,0.55,0.17,8.2,0.04,13,60,0.9956,3.09,0.3,9.5,70cdcd9a1015a9b9,quality_below_7
white_wine_1029,7,0.24,0.35,1.5,0.052,51,128,0.9941,3.41,0.59,10.4,405b141ba35e3dc6,quality_7_plus
white_wine_1030,6.3,0.6,0.44,11,0.05,50,245,0.9972,3.19,0.57,9.3,c54ff4e6195e6466,quality_below_7
white_wine_1031,7.1,0.2,0.41,2.1,0.054,24,166,0.9948,3.48,0.62,10.5,0a0bcbb0bddb15f6,quality_below_7
white_wine_1032,6.2,0.34,0.29,7.6,0.047,45,232,0.9955,3.35,0.62,10,67a28167460a984b,quality_below_7
white_wine_1033,7.1,0.3,0.36,6.8,0.055,44.5,234,0.9972,3.49,0.64,10.2,ea646bc37dcaf6a8,quality_below_7
white_wine_1035,7.9,0.64,0.46,10.6,0.244,33,227,0.9983,2.87,0.74,9.1,c3befad554394150,quality_below_7
white_wine_1036,8.8,0.17,0.38,1.8,0.04,39,148,0.9942,3.16,0.67,10.2,bd09feecda16f4a2,quality_below_7
white_wine_1037,7.5,0.17,0.37,1.5,0.06,18,75,0.9936,3.54,0.88,10.7,7d1b0c1d975a7976,quality_below_7
white_wine_1038,7.1,0.47,0.24,6,0.044,11,77,0.9956,3.21,0.56,9.7,1adbb1b4b23ae94f,quality_below_7
white_wine_1039,7.1,0.15,0.34,5.3,0.034,33,104,0.9953,3.37,0.52,9.3,de0c2c78cc8528eb,quality_7_plus
white_wine_1040,7.5,0.17,0.34,1.4,0.035,13,102,0.9918,3.05,0.74,11,cc9e753d0bbfa30a,quality_below_7
white_wine_1041,8.2,0.68,0.3,2.1,0.047,17,138,0.995,3.22,0.71,10.8,5a16b787f9b04e03,quality_below_7
white_wine_1042,7.7,0.275,0.3,1,0.039,19,75,0.992,3.01,0.56,10.7,d780fdba08fb7d8a,quality_below_7
white_wine_1043,7.3,0.49,0.32,5.2,0.043,18,104,0.9952,3.24,0.45,10.7,15c271d97d7ca807,quality_below_7
white_wine_1044,7.5,0.33,0.48,19.45,0.048,55,243,1.001,2.95,0.4,8.8,a9e7759cfbfcd7cf,quality_below_7
white_wine_1045,7.2,0.21,0.37,1.6,0.049,23,94,0.9924,3.16,0.48,10.9,78430b4667e144dd,quality_7_plus
white_wine_1046,7.3,0.15,0.4,2,0.05,24,92,0.9932,3.14,0.45,10.5,ae4a11ac76c30661,quality_below_7
white_wine_1047,6.5,0.19,0.1,1.3,0.046,23,107,0.9937,3.29,0.45,10,84aed00ca9c2f7a1,quality_below_7
white_wine_1048,7,0.31,0.52,1.7,0.029,5,61,0.9918,3.07,0.43,10.4,ecda7b3825cd83df,quality_below_7
white_wine_1049,8.3,0.4,0.38,1.1,0.038,15,75,0.9934,3.03,0.43,9.2,d74ce95600103d8a,quality_below_7
white_wine_1050,6.1,0.37,0.36,4.7,0.035,36,116,0.991,3.31,0.62,12.6,254ae4645804568a,quality_below_7
white_wine_1051,7.3,0.24,0.34,7.5,0.048,29,152,0.9962,3.1,0.54,9,52c9d14ed2db5c6b,quality_below_7
white_wine_1052,6.9,0.21,0.81,1.1,0.137,52,123,0.9932,3.03,0.39,9.2,6d29923928a722d4,quality_below_7
white_wine_1053,7.6,0.29,0.42,1.3,0.035,18,86,0.9908,2.99,0.39,11.3,0aaa99952aad424a,quality_below_7
white_wine_1054,9.4,0.29,0.55,2.2,0.05,17,119,0.9962,3.12,0.69,10.3,09f368836fecabd2,quality_below_7
white_wine_1056,8.6,0.26,0.41,2.2,0.049,29,111,0.9941,2.96,0.44,10,9660598c96a38232,quality_below_7
white_wine_1057,7.5,0.21,0.34,1.2,0.06,26,111,0.9931,3.51,0.47,10.7,e408a8d316f62f39,quality_below_7
white_wine_1058,7.2,0.51,0.24,10,0.093,35,197,0.9981,3.41,0.47,9,094d6a047967a374,quality_below_7
white_wine_1060,5.3,0.3,0.2,1.1,0.077,48,166,0.9944,3.3,0.54,8.7,75f97b67d2265afc,quality_below_7
white_wine_1061,8,0.26,0.36,2,0.054,30,121,0.992,3.09,0.72,11.6,050c65b2a577bc33,quality_7_plus
white_wine_1062,7,0.21,0.28,7.5,0.07,45,185,0.9966,3.34,0.55,9.4,04e15047d1d3520c,quality_below_7
white_wine_1063,6.7,0.26,0.26,4,0.079,35.5,216,0.9956,3.31,0.68,9.5,367cf52f71a26913,quality_below_7
white_wine_1064,6.7,0.26,0.26,4.1,0.073,36,202,0.9956,3.3,0.67,9.5,9c0094a823fdfc46,quality_below_7
white_wine_1065,8.1,0.26,0.37,1.9,0.072,48,159,0.9949,3.37,0.7,10.9,6efd24aeae2a7f91,quality_below_7
white_wine_1066,8.3,0.22,0.38,14.8,0.054,32,126,1.0002,3.22,0.5,9.7,dd580e3d54d4580a,quality_below_7
white_wine_1067,6.4,0.3,0.51,5.5,0.048,62,172,0.9942,3.08,0.45,9.1,edff5c8ddaff14c5,quality_below_7
white_wine_1068,7.5,0.19,0.34,2.6,0.037,33,125,0.9923,3.1,0.49,11.1,dd1f0749f64dd507,quality_7_plus
white_wine_1069,8.8,0.33,0.44,6.35,0.024,9,87,0.9917,2.96,0.4,12.6,0cd9687e0ca030bb,quality_7_plus
white_wine_1070,6.9,0.2,0.36,1.5,0.031,38,147,0.9931,3.35,0.56,11,addf58befcc4b749,quality_below_7
white_wine_1071,8,0.37,0.32,1.6,0.04,32,166,0.992,3,0.55,11.3,3f92ada659d387c7,quality_7_plus
white_wine_1073,8.2,0.29,0.33,9.1,0.036,28,118,0.9953,2.96,0.4,10.9,65fb97c962ae56e9,quality_7_plus
white_wine_1074,7.7,0.34,0.3,8,0.048,25,192,0.9951,2.97,0.47,10.9,95a8d740bf151ea9,quality_below_7
white_wine_1075,6.2,0.55,0.45,12,0.049,27,186,0.9974,3.17,0.5,9.3,c9b802b4abffbc33,quality_below_7
white_wine_1076,6.4,0.4,0.19,3.2,0.033,28,124,0.9904,3.22,0.54,12.7,1a61f5110ad3ebbb,quality_7_plus
white_wine_1077,7.5,0.28,0.33,7.7,0.048,42,180,0.9974,3.37,0.59,10.1,149df193738cf26a,quality_below_7
white_wine_1078,7.8,0.26,0.44,1.3,0.037,43,132,0.9944,3.18,0.65,10,46f8fe231ed6f15b,quality_below_7
white_wine_1079,6.5,0.26,0.34,16.3,0.051,56,197,1.0004,3.49,0.42,9.8,f64c8aac8544e954,quality_below_7
white_wine_1080,6.3,0.34,0.29,6.2,0.046,29,227,0.9952,3.29,0.53,10.1,60a93d1514b655b5,quality_below_7
white_wine_1081,6.8,0.15,0.33,4.7,0.059,31,118,0.9956,3.43,0.39,9,fff571632e32d6cf,quality_7_plus
white_wine_1082,6.3,0.27,0.25,5.8,0.038,52,155,0.995,3.28,0.38,9.4,e92b564edd7c5656,quality_below_7
white_wine_1084,7.4,0.2,0.37,16.95,0.048,43,190,0.9995,3.03,0.42,9.2,874793135276bdbe,quality_below_7
white_wine_1085,6.3,0.23,0.21,5.1,0.035,29,142,0.9942,3.36,0.33,10.1,9c25be43a2af8e3c,quality_7_plus
white_wine_1086,7.3,0.31,0.69,10.2,0.041,58,160,0.9977,3.06,0.45,8.6,9afdb68e30b9310f,quality_below_7
white_wine_1087,5.2,0.24,0.45,3.8,0.027,21,128,0.992,3.55,0.49,11.2,2c656d1266e00688,quality_7_plus
white_wine_1088,7,0.24,0.32,1.3,0.037,39,123,0.992,3.17,0.42,11.2,1b117f35c10ca08f,quality_7_plus
white_wine_1090,7,0.17,0.33,4,0.034,17,127,0.9934,3.19,0.39,10.6,7ad9802e90ad2351,quality_7_plus
white_wine_1091,8.3,0.21,0.58,17.1,0.049,62,213,1.0006,3.01,0.51,9.3,a369dc0eb341124b,quality_below_7
white_wine_1092,7.2,0.21,0.35,14.5,0.048,35,178,0.9982,3.05,0.47,8.9,25f78bf8f740fa30,quality_below_7
white_wine_1093,7.1,0.21,0.4,1.2,0.069,24,156,0.9928,3.42,0.43,10.6,d2dfe9e5ada85c97,quality_below_7
white_wine_1094,8.4,0.17,0.31,6.7,0.038,29,132,0.9945,3.1,0.32,10.6,a4b441b099129eee,quality_7_plus
white_wine_1095,7.4,0.24,0.31,8.4,0.045,52,183,0.9963,3.09,0.32,8.8,d8b97a58349574ed,quality_below_7
white_wine_1096,5.3,0.24,0.33,1.3,0.033,25,97,0.9906,3.59,0.38,11,0b64a0301bb6b88e,quality_7_plus
white_wine_1097,6.5,0.28,0.26,8.8,0.04,44,139,0.9956,3.32,0.37,10.2,9568a1f900151ed9,quality_below_7
white_wine_1099,6.5,0.29,0.25,10.6,0.039,32,120,0.9962,3.31,0.34,10.1,90443b1307a8da44,quality_below_7
white_wine_1100,5.8,0.29,0.21,2.6,0.025,12,120,0.9894,3.39,0.79,14,02f308aa16e4140c,quality_7_plus
white_wine_1102,6.3,0.17,0.42,2.8,0.028,45,107,0.9908,3.27,0.43,11.8,80e6dbe3aa1cb047,quality_below_7
white_wine_1103,6.3,0.16,0.4,1.6,0.033,59,148,0.9914,3.44,0.53,11.4,5da99ea3a1764954,quality_below_7
white_wine_1104,7.9,0.29,0.39,6.7,0.036,6,117,0.9938,3.12,0.42,10.7,a0b581f106c947fb,quality_below_7
white_wine_1106,5.5,0.32,0.45,4.9,0.028,25,191,0.9922,3.51,0.49,11.5,4e07310e46103d77,quality_7_plus
white_wine_1108,7.2,0.37,0.15,2,0.029,27,87,0.9903,3.3,0.59,12.6,7881c3bba2ff7c76,quality_7_plus
white_wine_1109,6.1,0.29,0.27,1.7,0.024,13,76,0.9893,3.21,0.51,12.6,4810738ddcc274b6,quality_7_plus
white_wine_1110,9.2,0.22,0.4,2.4,0.054,18,151,0.9952,3.04,0.46,9.3,de9a70d3c7fcdf7e,quality_below_7
white_wine_1112,8,0.18,0.37,1.3,0.04,15,96,0.9912,3.06,0.61,12.1,696f586b23b88842,quality_below_7
white_wine_1113,6.5,0.22,0.34,12,0.053,55,177,0.9983,3.52,0.44,9.9,27338b3a8359db44,quality_below_7
white_wine_1114,7.4,0.18,0.4,1.6,0.047,22,102,0.9937,3.28,0.44,10.7,8b3132ec7c84f788,quality_below_7
white_wine_1115,6.5,0.52,0.17,1.4,0.047,5,26,0.9932,3.26,0.32,10,9f3cfa2654ee2a1f,quality_below_7
white_wine_1116,7,0.15,0.38,2.2,0.047,33,96,0.9928,3.13,0.39,10.4,4e4aebde0c4a63d4,quality_7_plus
white_wine_1117,5.9,0.415,0.13,1.4,0.04,11,64,0.9922,3.29,0.52,10.5,2e0906750594b46d,quality_below_7
white_wine_1118,8.1,0.45,0.34,8.3,0.037,33,216,0.9976,3.31,0.64,9.7,fa40c50f034a756b,quality_below_7
white_wine_1119,5.8,0.415,0.13,1.4,0.04,11,64,0.9922,3.29,0.52,10.5,44c0649f9fa0bcad,quality_below_7
white_wine_1120,6.4,0.5,0.16,12.9,0.042,26,138,0.9974,3.28,0.33,9,4804366deadf015f,quality_below_7
white_wine_1121,6.7,0.105,0.32,12.4,0.051,34,106,0.998,3.54,0.45,9.2,8ef69f9e3e74432c,quality_below_7
white_wine_1122,6,0.4,0.3,1.6,0.047,30,117,0.9931,3.17,0.48,10.1,0357cb6c1c72633d,quality_below_7
white_wine_1123,6.6,0.25,0.39,1.45,0.04,40,89,0.9911,3.35,0.4,11.4,77ccd1c289b392db,quality_7_plus
white_wine_1124,9.8,0.36,0.45,1.6,0.042,11,124,0.9944,2.93,0.46,10.8,d726cd31b7623552,quality_below_7
white_wine_1125,9.6,0.23,0.4,1.5,0.044,19,135,0.9937,2.96,0.49,10.9,7aecc5c646eb01c0,quality_below_7
white_wine_1126,6.3,0.55,0.45,13,0.047,33,182,0.9974,3.2,0.46,9.2,7cb1ae5e5906a9a4,quality_below_7
white_wine_1127,6.5,0.115,0.29,1.95,0.038,73,166,0.989,3.12,0.25,12.9,cddd5fe13d532a25,quality_7_plus
white_wine_1128,6.4,0.125,0.29,5.85,0.042,24,99,0.992,3.23,0.32,12,03404657c3994e5f,quality_7_plus
white_wine_1129,5.7,0.1,0.27,1.3,0.047,21,100,0.9928,3.27,0.46,9.5,21468e017e31890a,quality_below_7
white_wine_1130,7.9,0.25,0.29,5.3,0.031,33,117,0.9918,3.06,0.32,11.8,74d99db5494f0cf7,quality_7_plus
white_wine_1131,6.9,0.2,0.28,1.2,0.048,36,159,0.9936,3.19,0.43,9.1,3125f9db13beff44,quality_below_7
white_wine_1132,6.9,0.23,0.34,4,0.047,24,128,0.9944,3.2,0.52,9.7,663686d2b8ba6f15,quality_below_7
white_wine_1133,6.8,0.39,0.31,14.35,0.043,28,162,0.9988,3.17,0.54,9.1,b633e884782412a0,quality_below_7
white_wine_1134,8.7,0.22,0.42,2.3,0.053,27,114,0.994,2.99,0.43,10,1701264fcf695c36,quality_below_7
white_wine_1135,7.4,0.41,0.34,4.7,0.042,19,127,0.9953,3.25,0.42,10.4,ee01885aafe1e0f9,quality_below_7
white_wine_1136,6.7,0.25,0.34,12.85,0.048,30,161,0.9986,3.44,0.47,9.5,1dad2f97173b6e3c,quality_below_7
white_wine_1137,6,0.26,0.42,5.2,0.027,70,178,0.9914,3.4,0.4,12.3,840b3b589e0d3fb3,quality_7_plus
white_wine_1138,6.1,0.31,0.37,8.4,0.031,70,170,0.9934,3.42,0.4,11.7,17ed6688e17eac03,quality_7_plus
white_wine_1139,9.2,0.28,0.46,3.2,0.058,39,133,0.996,3.14,0.58,9.5,3944c36342b2977d,quality_below_7
white_wine_1140,9,0.31,0.49,6.9,0.034,26,91,0.9937,2.99,0.34,11.5,3fb21b943bd59920,quality_below_7
white_wine_1141,8.5,0.16,0.33,1,0.076,17,57,0.9921,3.14,0.46,10.6,ad75e59b13095244,quality_below_7
white_wine_1142,9.3,0.34,0.49,7.3,0.052,30,146,0.998,3.17,0.61,10.2,a1e54c0659efa08b,quality_below_7
white_wine_1144,7.2,0.24,0.3,1.6,0.048,27,131,0.9933,3.25,0.45,10.5,49a6e8020eb74fe7,quality_below_7
white_wine_1145,7.2,0.25,0.32,1.5,0.047,27,132,0.9933,3.26,0.44,10.5,e018cf0a1d14cfcf,quality_below_7
white_wine_1146,6.8,0.32,0.18,7.5,0.041,71,223,0.9959,3.14,0.41,8.9,ef7a7949d35609c2,quality_below_7
white_wine_1147,9.1,0.27,0.32,1.1,0.031,15,151,0.9936,3.03,0.41,10.6,2d9e9776dca0feef,quality_below_7
white_wine_1148,8.9,0.34,0.32,1.3,0.041,12,188,0.9953,3.17,0.49,9.5,a394c750d58ed1b2,quality_below_7
white_wine_1149,7,0.17,0.37,5.7,0.025,29,111,0.9938,3.2,0.49,10.8,1474bb5ad2ed5f89,quality_below_7
white_wine_1150,6.7,0.25,0.23,7.2,0.038,61,220,0.9952,3.14,0.35,9.5,b09b401a5c116337,quality_below_7
white_wine_1151,6.9,0.32,0.17,7.6,0.042,69,219,0.9959,3.13,0.4,8.9,b88157434f4c4d9d,quality_below_7
white_wine_1153,6.1,0.6,0,1.3,0.042,24,79,0.9937,3.31,0.38,9.4,894a7a7d81a96d52,quality_below_7
white_wine_1154,5.3,0.395,0.07,1.3,0.035,26,102,0.992,3.5,0.35,10.6,21ea90c8d8f92664,quality_below_7
white_wine_1155,7.9,0.16,0.3,4.8,0.037,37,171,0.9967,3.47,0.44,9,82f30a98301835f3,quality_below_7
white_wine_1156,7.6,0.33,0.36,2.1,0.034,26,172,0.9944,3.42,0.48,10.5,5155ff33acfe9105,quality_below_7
white_wine_1157,7.8,0.3,0.29,16.85,0.054,23,135,0.9998,3.16,0.38,9,2ee367cf225fd7ee,quality_below_7
white_wine_1159,5.7,0.26,0.27,4.1,0.201,73.5,189.5,0.9942,3.27,0.38,9.4,550ccfbb8772ea05,quality_below_7
white_wine_1161,7.5,0.14,0.34,1.3,0.055,50,153,0.9945,3.29,0.8,9.6,89c19258b3df3ba0,quality_below_7
white_wine_1163,6.6,0.25,0.41,7.4,0.043,29,151,0.9946,3.15,0.6,10.2,1a030bec5d97e82e,quality_7_plus
white_wine_1165,8.2,0.23,0.49,0.9,0.057,15,73,0.9928,3.07,0.38,10.4,3b80265d959cf365,quality_below_7
white_wine_1166,6,0.24,0.32,6.3,0.03,34,129,0.9946,3.52,0.41,10.4,88a998093d9baef5,quality_below_7
white_wine_1167,6.1,0.45,0.27,0.8,0.039,13,82,0.9927,3.23,0.32,9.5,0bc177dbc45b0db6,quality_below_7
white_wine_1168,7.4,0.23,0.43,1.4,0.044,22,113,0.9938,3.22,0.62,10.6,cc53729f2f32ad20,quality_below_7
white_wine_1169,7.2,0.2,0.38,1,0.037,21,74,0.9918,3.21,0.37,11,b5a1fb73bc730aa4,quality_below_7
white_wine_1171,7.7,0.25,0.43,4.5,0.062,20,115,0.9966,3.38,0.5,9.9,60a71cdb9f226ea3,quality_below_7
white_wine_1172,8.2,0.61,0.45,5.4,0.03,15,118,0.9954,3.14,0.34,9.6,6e707dfc8edbb040,quality_below_7
white_wine_1173,7.6,0.21,0.44,1.9,0.036,10,119,0.9913,3.01,0.7,12.8,9eff6085fcaa8c93,quality_below_7
white_wine_1174,7.4,0.22,0.33,2,0.045,31,101,0.9931,3.42,0.55,11.4,db84102f1c48d145,quality_below_7
white_wine_1175,7.2,0.26,0.26,12.7,0.036,49,214,0.9986,3.41,0.5,10,4fdf5c8b99ef5b5d,quality_below_7
white_wine_1176,6.4,0.25,0.41,8.6,0.042,57,173,0.9965,3,0.44,9.1,c284d0fe303af6ec,quality_below_7
white_wine_1177,6.3,0.32,0.35,11.1,0.039,29,198,0.9984,3.36,0.5,9.4,402983b68b6aaba4,quality_7_plus
white_wine_1178,6.8,0.25,0.29,2,0.042,19,189,0.9952,3.46,0.54,10.2,eada11ea7dc18c44,quality_below_7
white_wine_1179,9.8,0.44,0.4,2.8,0.036,35,167,0.9956,2.97,0.39,9.2,9081532dfc1ab71b,quality_below_7
white_wine_1180,7.2,0.2,0.25,4.5,0.044,31,109,0.9949,3.23,0.36,9.4,ccdb44675e5ef5ac,quality_below_7
white_wine_1182,7.5,0.42,0.45,9.1,0.029,20,125,0.996,3.12,0.36,10.1,58d9429b4384e01e,quality_below_7
white_wine_1184,6.4,0.26,0.3,2.2,0.025,33,134,0.992,3.21,0.47,10.6,520b8780cb9df168,quality_below_7
white_wine_1185,7.9,0.46,0.32,4.1,0.033,40,138,0.9912,3.18,0.44,12.8,8ead0f968ed0f9c2,quality_7_plus
white_wine_1186,6.5,0.41,0.64,11.8,0.065,65,225,0.9978,3.12,0.51,8.9,ba8cc0e81563be3b,quality_below_7
white_wine_1187,7.5,0.32,0.37,1.2,0.048,22,184,0.9938,3.09,0.43,9.3,3377005776e8153a,quality_below_7
white_wine_1188,6.6,0.21,0.38,2.2,0.026,40,104,0.9914,3.25,0.4,11.1,744a008b22930ee8,quality_7_plus
white_wine_1189,7.1,0.21,0.3,1.4,0.037,45,143,0.9932,3.13,0.33,9.9,b195bb5a93bac3ba,quality_below_7
white_wine_1190,7.6,0.26,0.47,1.6,0.068,5,55,0.9944,3.1,0.45,9.6,408bfaadff6b9e9c,quality_below_7
white_wine_1192,6.9,0.25,0.26,5.2,0.024,36,135,0.9948,3.16,0.72,10.7,38c306d2b26b20b6,quality_7_plus
white_wine_1193,7.1,0.26,0.32,14.45,0.074,29,107,0.998,2.96,0.42,9.2,78225098845707a2,quality_below_7
white_wine_1194,7.3,0.22,0.4,14.75,0.042,44.5,129.5,0.9998,3.36,0.41,9.1,12eb06d0b729064f,quality_7_plus
white_wine_1195,6.2,0.37,0.22,8.3,0.025,36,216,0.9964,3.33,0.6,9.6,3bf56e219f9a10fe,quality_below_7
white_wine_1196,7.9,0.22,0.45,14.2,0.038,53,141,0.9992,3.03,0.46,9.2,e1aa1999f6e856f2,quality_below_7
white_wine_1200,7.4,0.25,0.37,6.9,0.02,14,93,0.9939,3,0.48,10.7,d95c75bbb30a6cca,quality_7_plus
white_wine_1201,6.8,0.18,0.37,1.5,0.027,37,93,0.992,3.3,0.45,10.8,256f5e7166bda692,quality_below_7
white_wine_1202,7,0.17,0.37,1.5,0.028,26,75,0.9922,3.3,0.46,10.8,fec8c0937bb0d8e4,quality_7_plus
white_wine_1203,6.4,0.3,0.38,7.8,0.046,35,192,0.9955,3.1,0.37,9,3f54fea57a686384,quality_below_7
white_wine_1204,5,0.33,0.16,1.5,0.049,10,97,0.9917,3.48,0.44,10.7,734119e915169835,quality_below_7
white_wine_1206,8.9,0.33,0.32,1.5,0.047,11,200,0.9954,3.19,0.46,9.4,e6f76a60ed82e8ab,quality_below_7
white_wine_1207,7,0.26,0.46,15.55,0.037,61,171,0.9986,2.94,0.35,8.8,058564c4c337a265,quality_below_7
white_wine_1209,6.3,0.21,0.4,1.7,0.031,48,134,0.9917,3.42,0.49,11.5,a57607c09b7a6ea0,quality_below_7
white_wine_1210,8,0.23,0.46,1.5,0.03,30,125,0.9907,3.23,0.47,12.5,dfbe1eb1c1df77f0,quality_below_7
white_wine_1211,9.2,0.28,0.41,1,0.042,14,59,0.9922,2.96,0.25,10.5,4a5d85a505e81c6b,quality_below_7
white_wine_1212,7.3,0.27,0.39,6.7,0.064,28,188,0.9958,3.29,0.3,9.7,20c93abf5448907d,quality_below_7
white_wine_1213,7.6,0.32,0.36,1.6,0.04,32,155,0.993,3.23,0.52,11.3,8a9e145d72e5aa67,quality_below_7
white_wine_1215,9.7,0.24,0.45,1.2,0.033,11,59,0.9926,2.74,0.47,10.8,f97091faf5f57819,quality_below_7
white_wine_1216,8,0.28,0.42,7.1,0.045,41,169,0.9959,3.17,0.43,10.6,adae54cee7d4b4cf,quality_below_7
white_wine_1217,8.2,0.37,0.36,1,0.034,17,93,0.9906,3.04,0.32,11.7,588068bdef247b80,quality_7_plus
white_wine_1218,8,0.61,0.38,12.1,0.301,24,220,0.9993,2.94,0.48,9.2,06d012376a5756e9,quality_below_7
white_wine_1219,7.2,0.26,0.44,7.1,0.027,25,126,0.993,3.02,0.34,11.1,193c6e4391f6ca77,quality_7_plus
white_wine_1221,6.4,0.23,0.33,1.15,0.044,15.5,217.5,0.992,3.33,0.44,11,dc4459e58b651a18,quality_below_7
white_wine_1222,5.9,0.4,0.32,6,0.034,50,127,0.992,3.51,0.58,12.5,f5400cb5a5cf9b41,quality_7_plus
white_wine_1223,7.6,0.28,0.39,1.2,0.038,21,115,0.994,3.16,0.67,10,b56a314c80716a95,quality_below_7
white_wine_1225,7.2,0.23,0.39,2.3,0.033,29,102,0.9908,3.26,0.54,12.3,41442e7340cffe7d,quality_7_plus
white_wine_1226,6.8,0.32,0.37,3.4,0.023,19,87,0.9902,3.14,0.53,12.7,c5259d9c82ff2eca,quality_below_7
white_wine_1228,6.9,0.18,0.38,6.5,0.039,20,110,0.9943,3.1,0.42,10.5,1ab9eb185b26a3e0,quality_below_7
white_wine_1229,9.4,0.26,0.53,1.2,0.047,25,109,0.9921,3.23,0.28,12.5,d1ab51d64f8b7959,quality_below_7
white_wine_1230,8.3,0.33,0.42,1.15,0.033,18,96,0.9911,3.2,0.32,12.4,27f3e11cc801f9c2,quality_below_7
white_wine_1231,7.3,0.29,0.3,13,0.043,46,238,0.9986,3.06,0.41,8.7,a070b685e17227db,quality_below_7
white_wine_1232,7.9,0.41,0.37,4.5,0.03,40,114,0.992,3.17,0.54,12.4,047257d073559982,quality_7_plus
white_wine_1233,7.9,0.44,0.37,5.85,0.033,27,93,0.992,3.16,0.54,12.6,3e3a9fc6828b7259,quality_7_plus
white_wine_1234,7.7,0.39,0.3,5.2,0.037,29,131,0.9943,3.38,0.44,11,9128a0f6fabd4ead,quality_below_7
white_wine_1235,7.7,0.26,0.31,1.3,0.043,47,155,0.9937,3.42,0.5,10.1,535653cf86745e6c,quality_below_7
white_wine_1236,7.8,0.32,0.31,1.7,0.036,46,195,0.993,3.03,0.48,10.5,f109a1a76fefce25,quality_below_7
white_wine_1238,7.3,0.24,0.39,3.6,0.024,35,116,0.9928,3.17,0.51,10.9,7787861e781acb15,quality_below_7
white_wine_1239,7.1,0.44,0.37,2.7,0.041,35,128,0.9896,3.07,0.43,13.5,da9a49f6408b1477,quality_7_plus
white_wine_1240,10.3,0.25,0.48,2.2,0.042,28,164,0.998,3.19,0.59,9.7,e193072f7947901d,quality_below_7
white_wine_1241,7.9,0.14,0.28,1.8,0.041,44,178,0.9954,3.45,0.43,9.2,ccf5942e3c1e51ed,quality_below_7
white_wine_1242,7.4,0.18,0.42,2.1,0.036,33,187,0.9938,3.4,0.41,10.6,576d634ffdf191c7,quality_7_plus
white_wine_1243,8.1,0.43,0.42,6.6,0.033,36,141,0.9918,2.98,0.39,13.3,cb6b022b204e4ff7,quality_7_plus
white_wine_1245,6.4,0.26,0.22,5.1,0.037,23,131,0.9944,3.29,0.32,10.1,574bf954cb8ab44f,quality_below_7
white_wine_1246,8,0.66,0.72,17.55,0.042,62,233,0.9999,2.92,0.68,9.4,5d6ecf1768228de4,quality_below_7
white_wine_1247,8,0.2,0.4,5.2,0.055,41,167,0.9953,3.18,0.4,10.6,987242f307e1257f,quality_7_plus
white_wine_1248,7.2,0.21,0.34,1.1,0.046,25,80,0.992,3.25,0.4,11.3,ce9cd04467721793,quality_below_7
white_wine_1249,7.2,0.18,0.31,1.1,0.045,20,73,0.9925,3.32,0.4,10.8,32f0d461e67c6a63,quality_7_plus
white_wine_1250,8.4,0.57,0.44,10.7,0.051,46,195,0.9981,3.15,0.51,10.4,95cf166bb02c0b5e,quality_below_7
white_wine_1251,5.3,0.26,0.23,5.15,0.034,48,160,0.9952,3.82,0.51,10.5,a7db56ced3390e79,quality_7_plus
white_wine_1252,5.7,0.245,0.33,1.1,0.049,28,150,0.9927,3.13,0.42,9.3,11c3abbfbd4390d2,quality_below_7
white_wine_1253,5.6,0.245,0.32,1.1,0.047,24,152,0.9927,3.12,0.42,9.3,8b552abf21b34bef,quality_below_7
white_wine_1254,7.3,0.25,0.41,1.8,0.037,52,165,0.9911,3.29,0.39,12.2,d690bc761be9bc18,quality_7_plus
white_wine_1255,7,0.16,0.73,1,0.138,58,150,0.9936,3.08,0.3,9.2,5e49d7a7481c5d4a,quality_below_7
white_wine_1256,6.4,0.22,0.34,1.8,0.057,29,104,0.9959,3.81,0.57,10.3,07e5fed13dc08093,quality_below_7
white_wine_1257,7.3,0.18,0.65,1.4,0.046,28,157,0.9946,3.33,0.62,9.4,0ab3bedcbc5efac4,quality_below_7
white_wine_1258,6.4,0.17,0.27,6.7,0.036,88,223,0.9948,3.28,0.35,10.2,ee9cc07a0fe55d55,quality_below_7
white_wine_1259,6.9,0.29,0.16,6.8,0.034,65,212,0.9955,3.08,0.39,9,62103de03a2292a1,quality_below_7
white_wine_1260,6.2,0.21,0.38,6.8,0.036,64,245,0.9951,3.06,0.36,9.3,b2477e625d33e1e3,quality_below_7
white_wine_1261,6.4,0.23,0.3,7.1,0.037,63,236,0.9952,3.06,0.34,9.2,2cf76375550d90de,quality_below_7
white_wine_1262,7.3,0.19,0.68,1.5,0.05,31,156,0.9946,3.32,0.64,9.4,021ee51e54158a2a,quality_below_7
white_wine_1264,9.6,0.29,0.46,1.45,0.039,77.5,223,0.9944,2.92,0.46,9.5,2493fdaa463c0e9a,quality_below_7
white_wine_1265,7.2,0.14,0.35,1.2,0.036,15,73,0.9938,3.46,0.39,9.9,3c224c2f09e4bb12,quality_below_7
white_wine_1266,6.9,0.31,0.34,7.4,0.059,36,174,0.9963,3.46,0.62,11.1,0e730ebbc074c1ba,quality_7_plus
white_wine_1267,7.5,0.28,0.34,4.2,0.028,36,116,0.991,2.99,0.41,12.3,fe360b21dcfc01e8,quality_7_plus
white_wine_1268,8,0.22,0.42,14.6,0.044,45,163,1.0003,3.21,0.69,8.6,d5bf9f09b85e3b0d,quality_7_plus
white_wine_1269,7.6,0.31,0.29,10.5,0.04,21,145,0.9966,3.04,0.35,9.4,f1fb8feca1b9ede7,quality_below_7
white_wine_1270,8.4,0.35,0.56,13.8,0.048,55,190,0.9993,3.07,0.58,9.4,6e19ae48eb9c8a08,quality_below_7
white_wine_1272,8.1,0.5,0.47,1.1,0.037,23,126,0.9938,3.21,0.42,10.9,cb66199b539f47f0,quality_below_7
white_wine_1273,7,0.39,0.31,5.3,0.169,32,162,0.9965,3.2,0.48,9.4,fc81bae1648a95c0,quality_below_7
white_wine_1276,6.2,0.22,0.27,1.5,0.064,20,132,0.9938,3.22,0.46,9.2,f1e9ca229a190677,quality_below_7
white_wine_1279,7,0.24,0.36,4.9,0.083,10,133,0.9942,3.33,0.37,10.8,eaafc3cc4d4148ae,quality_below_7
white_wine_1280,6.6,0.27,0.3,1.9,0.025,14,153,0.9928,3.29,0.62,10.5,4400c2e54329f8de,quality_below_7
white_wine_1281,7.8,0.16,0.41,1.7,0.026,29,140,0.991,3.02,0.78,12.5,2122a43137bcadb0,quality_below_7
white_wine_1282,7.7,0.27,0.34,1.8,0.028,26,168,0.9911,2.99,0.48,12.1,df6c76f7a78191fe,quality_7_plus
white_wine_1283,7.4,0.31,0.74,10.7,0.039,51,147,0.9977,3.02,0.43,8.7,33f3b010b00c79ed,quality_below_7
white_wine_1284,8,0.45,0.36,8.8,0.026,50,151,0.9927,3.07,0.25,12.7,0dec21e18d553007,quality_7_plus
white_wine_1287,6.6,0.16,0.29,1.8,0.05,40,147,0.9912,3.06,0.44,11.4,ff4f6c5002ef4f1e,quality_7_plus
white_wine_1288,8.3,0.21,0.4,1.6,0.032,35,110,0.9907,3.02,0.6,12.9,a30ddfe344368808,quality_7_plus
white_wine_1289,7.2,0.32,0.33,1.4,0.029,29,109,0.9902,3.15,0.51,12.8,a91aa184db92fe3e,quality_7_plus
white_wine_1290,6.6,0.16,0.3,1.6,0.034,15,78,0.992,3.38,0.44,11.2,6277b108f4ff8a34,quality_below_7
white_wine_1291,8.4,0.16,0.33,1.5,0.033,16,98,0.994,3.14,0.42,9.7,c82ae5a15a07a243,quality_below_7
white_wine_1292,7.5,0.23,0.32,9.2,0.038,54,191,0.9966,3.04,0.56,9.7,37d06e44c5accb04,quality_below_7
white_wine_1293,6.2,0.17,0.3,1.1,0.037,14,79,0.993,3.5,0.54,10.3,dd0349c9404ddd64,quality_below_7
white_wine_1294,6.9,0.39,0.22,4.3,0.03,10,102,0.993,3,0.87,11.6,1ec0780097afcb3e,quality_below_7
white_wine_1295,6.9,0.41,0.22,4.2,0.031,10,102,0.993,3,0.86,11.6,0aca8f4059edab90,quality_below_7
white_wine_1297,7.5,0.38,0.33,5,0.045,30,131,0.9942,3.32,0.44,10.9,5c1cd39901305cea,quality_below_7
white_wine_1298,7.3,0.42,0.38,6.8,0.045,29,122,0.9925,3.19,0.37,12.6,14c4a1f5a1841cb0,quality_7_plus
white_wine_1299,7.3,0.34,0.39,5.2,0.04,45,163,0.9925,3.3,0.47,12.4,29a20e44ed7db9e3,quality_below_7
white_wine_1300,7.8,0.23,0.28,4.75,0.042,45,166,0.9928,2.96,0.4,11.5,f8fa71c5b89f3d77,quality_below_7
white_wine_1301,9,0.245,0.38,5.9,0.045,52,159,0.995,2.93,0.35,10.2,94506bb1d1f8223f,quality_below_7
white_wine_1302,6.9,0.2,0.4,7.7,0.032,51,176,0.9939,3.22,0.27,11.4,5ed2cb39632f4891,quality_below_7
white_wine_1303,7.4,0.19,0.42,6.4,0.067,39,212,0.9958,3.3,0.33,9.6,ae96c880a7adfbd9,quality_below_7
white_wine_1304,8.2,0.2,0.36,8.1,0.035,60,163,0.9952,3.05,0.3,10.3,0401c61bae209c85,quality_below_7
white_wine_1305,8,0.59,0.71,17.35,0.038,61,228,1,2.95,0.75,9.3,d65492cfb62cfe1f,quality_below_7
white_wine_1306,7.9,0.14,0.45,1.8,0.05,17,114,0.9948,3.33,0.49,10.7,6fafda4373b64d45,quality_7_plus
white_wine_1307,6.8,0.24,0.4,1.8,0.047,34,105,0.99,3.13,0.49,12.8,53852b0e8e94518e,quality_7_plus
white_wine_1308,9.7,0.14,0.59,1.5,0.049,23,142,0.9958,2.98,0.62,9.5,c01c984d29582453,quality_below_7
white_wine_1309,9.2,0.15,0.68,1.6,0.046,22,130,0.9948,3.02,0.45,10.4,5d455d213b9b811c,quality_below_7
white_wine_1310,9.4,0.17,0.55,1.6,0.049,14,94,0.9949,3.02,0.61,10.3,45ba7d2c07d2e114,quality_below_7
white_wine_1311,5.2,0.365,0.08,13.5,0.041,37,142,0.997,3.46,0.39,9.9,d15b230da8bee52f,quality_below_7
white_wine_1312,6.3,0.23,0.22,3.75,0.039,37,116,0.9927,3.23,0.5,10.7,e9ae6bab9c1f7b5d,quality_below_7
white_wine_1313,9.6,0.25,0.54,1.3,0.04,16,160,0.9938,2.94,0.43,10.5,fbfeb3d903b981db,quality_below_7
white_wine_1314,9.2,0.32,0.42,1.3,0.046,14,186,0.9949,3.08,0.48,9.6,eafd197af84e079e,quality_below_7
white_wine_1315,6.4,0.31,0.4,6.2,0.04,46,169,0.9953,3.15,0.46,9.3,3f5876144e400da4,quality_below_7
white_wine_1316,8.1,0.2,0.36,9.7,0.044,63,162,0.997,3.1,0.46,10,de695061aca6d0ab,quality_below_7
white_wine_1317,7.9,0.255,0.26,2,0.026,40,190,0.9932,3.04,0.39,11.2,912d589f595b13ba,quality_below_7
white_wine_1318,7,0.15,0.34,1.4,0.039,21,177,0.9927,3.32,0.62,10.8,cbb34b574e675456,quality_below_7
white_wine_1319,6.4,0.15,0.31,1.1,0.044,25,96,0.9932,3.54,0.51,10.3,42f64271f0439997,quality_below_7
white_wine_1320,6.4,0.25,0.53,6.6,0.038,59,234,0.9955,3.03,0.42,8.8,79c485c83e52db51,quality_below_7
white_wine_1321,7.6,0.19,0.42,1.5,0.044,6,114,0.9914,3.04,0.74,12.8,d060aea267a0373e,quality_below_7
white_wine_1322,7.3,0.43,0.37,4.6,0.028,17,114,0.991,3.23,0.43,13.2,ec9361ec7935439c,quality_below_7
white_wine_1323,5.1,0.31,0.3,0.9,0.037,28,152,0.992,3.54,0.56,10.1,fe73ba4dee6291d6,quality_below_7
white_wine_1324,6.2,0.2,0.26,1.7,0.093,40,161,0.9924,3.44,0.66,11,82be0928d2b53093,quality_below_7
white_wine_1325,6.9,0.16,0.35,1.3,0.043,21,182,0.9927,3.25,0.62,10.8,e30674bbccc0293c,quality_below_7
white_wine_1326,7.7,0.32,0.48,2.3,0.04,28,114,0.9911,3.2,0.52,12.8,18fab6c5a36b97b6,quality_7_plus
white_wine_1327,6.5,0.22,0.72,6.8,0.042,33,168,0.9958,3.12,0.36,9.2,297d844b50121889,quality_below_7
white_wine_1328,6.8,0.26,0.33,1.5,0.047,44,167,0.9928,3.12,0.44,10.5,f90e261fa3b31483,quality_below_7
white_wine_1329,5.2,0.37,0.33,1.2,0.028,13,81,0.9902,3.37,0.38,11.7,42115d9448075dd8,quality_below_7
white_wine_1330,8.4,0.19,0.43,2.1,0.052,20,104,0.994,2.85,0.46,9.5,20ba7a66a62dbea0,quality_below_7
white_wine_1331,8.3,0.21,0.41,2.2,0.05,24,108,0.994,2.85,0.45,9.5,bdc66d714222b6b2,quality_below_7
white_wine_1332,6.8,0.15,0.32,8.8,0.058,24,110,0.9972,3.4,0.4,8.8,102f2e222595e77b,quality_below_7
white_wine_1333,7.9,0.16,0.64,17,0.05,69,210,1.0004,3.15,0.51,9.3,d73cf8a7faca4622,quality_7_plus
white_wine_1334,7.8,0.21,0.39,1.8,0.034,62,180,0.991,3.09,0.75,12.6,687be6b7ef02178c,quality_7_plus
white_wine_1335,9,0.24,0.5,1.2,0.048,26,107,0.9918,3.21,0.34,12.4,9004d015a58e0f8f,quality_below_7
white_wine_1336,5.7,0.21,0.24,2.3,0.047,60,189,0.995,3.65,0.72,10.1,289bc6667d5065f0,quality_below_7
white_wine_1337,7.8,0.29,0.36,7,0.042,38,161,0.9941,3.26,0.37,11.2,42f241d53c917b06,quality_7_plus
white_wine_1338,6.7,0.18,0.3,6.4,0.048,40,251,0.9956,3.29,0.52,10,479189371b2ebe60,quality_below_7
white_wine_1340,8.4,0.58,0.27,12.15,0.033,37,116,0.9959,2.99,0.39,10.8,0c58c09238ea581b,quality_below_7
white_wine_1341,7.2,0.16,0.32,0.8,0.04,50,121,0.9922,3.27,0.33,10,174891d9215b27d7,quality_below_7
white_wine_1342,7.6,0.54,0.23,2,0.029,13,151,0.9931,3.04,0.33,10.4,1de6da4c09b41869,quality_below_7
white_wine_1344,6.6,0.25,0.31,12.4,0.059,52,181,0.9984,3.51,0.47,9.8,bc43112b91ed9603,quality_below_7
white_wine_1345,7.3,0.23,0.37,1.9,0.041,51,165,0.9908,3.26,0.4,12.2,e664818952c1b8c5,quality_7_plus
white_wine_1346,7.3,0.39,0.37,1.1,0.043,36,113,0.991,3.39,0.48,12.7,8e59479b8d16461e,quality_7_plus
white_wine_1347,7,0.46,0.39,6.2,0.039,46,163,0.9928,3.21,0.35,12.2,ab9e214979101ebb,quality_7_plus
white_wine_1348,8.2,0.35,0.4,6.3,0.039,35,162,0.9936,3.15,0.34,11.9,b488280a9b24528d,quality_7_plus
white_wine_1350,9.2,0.35,0.39,0.9,0.042,15,61,0.9924,2.96,0.28,10.4,7b800bba63229abb,quality_below_7
white_wine_1351,8,0.57,0.39,3.9,0.034,22,122,0.9917,3.29,0.67,12.8,6588fc4818d0c7fa,quality_7_plus
white_wine_1352,6.5,0.37,0.33,3.9,0.027,40,130,0.9906,3.28,0.39,12.7,61faa41ede7aea1a,quality_7_plus
white_wine_1355,7.8,0.13,0.3,1.8,0.04,43,179,0.9955,3.43,0.41,9,3f0996b8b47b9615,quality_below_7
white_wine_1356,7.6,0.19,0.41,1.1,0.04,38,143,0.9907,2.92,0.42,11.4,1218cae44787c5f2,quality_below_7
white_wine_1357,7.3,0.22,0.41,15.4,0.05,55,191,1,3.32,0.59,8.9,3f411b13eb709557,quality_below_7
white_wine_1358,6.3,0.29,0.4,6.5,0.039,43,167,0.9953,3.15,0.44,9.3,205570945a620779,quality_below_7
white_wine_1359,6.8,0.35,0.32,2.4,0.048,35,103,0.9911,3.28,0.46,12,ffc499ad0b94d58e,quality_7_plus
white_wine_1360,6.5,0.19,0.32,1.4,0.04,31,132,0.9922,3.36,0.54,10.8,03a73cf437a3e415,quality_7_plus
white_wine_1361,6.2,0.12,0.26,5.7,0.044,56,158,0.9951,3.52,0.37,10.5,5af92cd2c8f65c2d,quality_below_7
white_wine_1362,6,0.13,0.28,5.7,0.038,56,189.5,0.9948,3.59,0.43,10.6,23d3c64794583b85,quality_7_plus
white_wine_1363,6.4,0.25,0.33,1.4,0.04,42,115,0.9906,3.19,0.48,11.3,673efe3a0c5cf22f,quality_7_plus
white_wine_1364,6.9,0.32,0.16,1.4,0.051,15,96,0.994,3.22,0.38,9.5,168e5868defcb60b,quality_below_7
white_wine_1366,6.7,0.13,0.28,1.2,0.046,35,140,0.9927,3.33,0.33,10.1,a7225a3d93fe6f3d,quality_7_plus
white_wine_1367,7,0.14,0.41,0.9,0.037,22,95,0.9914,3.25,0.43,10.9,c94e9156386c8ca9,quality_below_7
white_wine_1368,7.6,0.27,0.24,3.8,0.058,19,115,0.9958,3.15,0.45,8.9,83c3d9b1a0175fea,quality_below_7
white_wine_1370,7.4,0.64,0.47,14.15,0.168,42,185,0.9984,2.9,0.49,9.3,9fae1da25c3a4564,quality_below_7
white_wine_1371,7.6,0.28,0.39,1.9,0.052,23,116,0.9941,3.25,0.4,10.4,165ac3f566875482,quality_below_7
white_wine_1372,8.3,0.26,0.41,9.2,0.042,41,162,0.9944,3.1,0.38,12,86a2680a5c84d4db,quality_7_plus
white_wine_1373,10.7,0.22,0.56,8.2,0.044,37,181,0.998,2.87,0.68,9.5,c0d7ceec752c7953,quality_below_7
white_wine_1375,6.9,0.23,0.34,2.7,0.032,24,121,0.9902,3.14,0.38,12.4,2c16148c11ee8342,quality_7_plus
white_wine_1376,6.2,0.3,0.32,1.7,0.032,30,130,0.9911,3.28,0.41,11.2,61c0212a56998ec3,quality_7_plus
white_wine_1377,6.9,0.27,0.41,1.7,0.047,6,134,0.9929,3.15,0.69,11.4,8480f665dfb4a87c,quality_below_7
white_wine_1378,6.9,0.28,0.41,1.7,0.05,10,136,0.993,3.16,0.71,11.4,9b95f2ecbf00c60f,quality_below_7
white_wine_1379,6.9,0.28,0.3,1.6,0.047,46,132,0.9918,3.35,0.38,11.1,9e2daebb519b8291,quality_7_plus
white_wine_1380,6.9,0.46,0.2,0.9,0.054,5,126,0.992,3.1,0.42,10.4,6dce9a3b05c85a6a,quality_below_7
white_wine_1381,6.9,0.38,0.32,8.5,0.044,36,152,0.9932,3.38,0.35,12,878266a942805081,quality_7_plus
white_wine_1382,5.7,0.43,0.3,5.7,0.039,24,98,0.992,3.54,0.61,12.3,84b0a335b7a32431,quality_7_plus
white_wine_1383,6.6,0.56,0.16,3.1,0.045,28,92,0.994,3.12,0.35,9.1,ccc0ba1493905c3b,quality_below_7
white_wine_1384,7.1,0.36,0.56,1.3,0.046,25,102,0.9923,3.24,0.33,10.5,45a1880ec4d57ec3,quality_below_7
white_wine_1385,6.8,0.23,0.4,1.6,0.047,5,133,0.993,3.23,0.7,11.4,c9b685d4f9865024,quality_below_7
white_wine_1386,6.2,0.33,0.29,1.3,0.042,26,138,0.9956,3.77,0.64,9.5,4120aa6128144dda,quality_below_7
white_wine_1387,5.6,0.49,0.13,4.5,0.039,17,116,0.9907,3.42,0.9,13.7,927851d2006828e4,quality_7_plus
white_wine_1388,6.6,0.42,0.33,2.8,0.034,15,85,0.99,3.28,0.51,13.4,1fe3cee4720f5156,quality_below_7
white_wine_1389,7.3,0.18,0.29,1.2,0.044,12,143,0.9918,3.2,0.48,11.3,463b9aa18b8078b2,quality_7_plus
white_wine_1390,8.1,0.19,0.4,0.9,0.037,73,180,0.9926,3.06,0.34,10,a66afe6f4873bbe3,quality_below_7
white_wine_1391,5.9,0.19,0.26,7.4,0.034,33,123,0.995,3.49,0.42,10.1,f39e9b70f217d572,quality_below_7
white_wine_1392,6.2,0.16,0.47,1.4,0.029,23,81,0.99,3.26,0.42,12.2,06fa3560d25bc45e,quality_below_7
white_wine_1394,5.7,0.135,0.3,4.6,0.042,19,101,0.9946,3.31,0.42,9.3,e4966b7ed88e2c10,quality_below_7
white_wine_1396,6.9,0.19,0.33,1.6,0.039,27,98,0.9898,3.09,0.46,12.3,b21e4dd6cd26427c,quality_7_plus
white_wine_1398,7.3,0.25,0.36,13.1,0.05,35,200,0.9986,3.04,0.46,8.9,aaf1695866e8bd4d,quality_7_plus
white_wine_1400,7,0.2,0.34,5.7,0.035,32,83,0.9928,3.19,0.46,11.5,17f1b0e23d73953c,quality_below_7
white_wine_1402,6.3,0.67,0.48,12.6,0.052,57,222,0.9979,3.17,0.52,9.3,6ee5376950de017d,quality_below_7
white_wine_1403,7.4,0.4,0.29,5.4,0.044,31,122,0.994,3.3,0.5,11.1,544bd4c5f5aab34b,quality_7_plus
white_wine_1404,7.1,0.26,0.31,2.2,0.044,29,128,0.9937,3.34,0.64,10.9,3d4a599a4a904b50,quality_7_plus
white_wine_1405,9,0.31,0.48,6.6,0.043,11,73,0.9938,2.9,0.38,11.6,a0b74cd844b177fc,quality_below_7
white_wine_1406,6.3,0.39,0.24,6.9,0.069,9,117,0.9942,3.15,0.35,10.2,0503d851c3811405,quality_below_7
white_wine_1407,8.2,0.22,0.36,6.8,0.034,12,90,0.9944,3.01,0.38,10.5,f7cf44ca28c9be6f,quality_7_plus
white_wine_1408,7.1,0.19,0.28,3.6,0.033,16,78,0.993,2.91,0.78,11.4,9ad64cf94ac5aaa1,quality_below_7
white_wine_1410,7.9,0.2,0.34,1.2,0.04,29,118,0.9932,3.14,0.41,10.6,6f1a7bd94ea1b207,quality_below_7
white_wine_1411,7.1,0.26,0.32,5.9,0.037,39,97,0.9934,3.31,0.4,11.6,7421d4bcc03e5d05,quality_below_7
white_wine_1413,6.9,0.3,0.33,4.1,0.035,26,155,0.9925,3.25,0.79,12.3,07c71da60a54c1d5,quality_7_plus
white_wine_1414,8.1,0.29,0.49,7.1,0.042,22,124,0.9944,3.14,0.41,10.8,657386a42391be99,quality_below_7
white_wine_1415,5.8,0.17,0.3,1.4,0.037,55,130,0.9909,3.29,0.38,11.3,6160fe9d14a98dde,quality_below_7
white_wine_1416,5.9,0.415,0.02,0.8,0.038,22,63,0.9932,3.36,0.36,9.3,d72ca9b3078feaff,quality_below_7
white_wine_1417,6.6,0.23,0.26,1.3,0.045,16,128,0.9934,3.36,0.6,10,e47ace2ff067b9c8,quality_below_7
white_wine_1418,8.6,0.55,0.35,15.55,0.057,35.5,366.5,1.0001,3.04,0.63,11,2b7e47c21bfb68ab,quality_below_7
white_wine_1419,6.9,0.35,0.74,1,0.044,18,132,0.992,3.13,0.55,10.2,5fb6ea7bf5adc412,quality_below_7
white_wine_1420,7.6,0.14,0.74,1.6,0.04,27,103,0.9916,3.07,0.4,10.8,31e02d79045f68c9,quality_7_plus
white_wine_1421,9.2,0.28,0.49,11.8,0.042,29,137,0.998,3.1,0.34,10.1,01e1f993500b38ae,quality_below_7
white_wine_1422,6.2,0.18,0.49,4.5,0.047,17,90,0.9919,3.27,0.37,11.6,f1913e545723430f,quality_below_7
white_wine_1423,5.3,0.165,0.24,1.1,0.051,25,105,0.9925,3.32,0.47,9.1,4a36ccf3aa7ea205,quality_below_7
white_wine_1424,9.8,0.25,0.74,10,0.056,36,225,0.9977,3.06,0.43,10,de3805151d7174c0,quality_below_7
white_wine_1426,6.8,0.22,0.49,0.9,0.052,26,128,0.991,3.25,0.35,11.4,2c7a46ad113dcd44,quality_below_7
white_wine_1427,7.2,0.22,0.49,1,0.045,34,140,0.99,3.05,0.34,12.7,beba1321d6893c76,quality_below_7
white_wine_1428,7.4,0.25,0.49,1.1,0.042,35,156,0.9917,3.13,0.55,11.3,dc0751efc8a1289e,quality_below_7
white_wine_1429,8.2,0.18,0.49,1.1,0.033,28,81,0.9923,3,0.68,10.4,a58fe34f2030936d,quality_7_plus
white_wine_1430,6.1,0.22,0.49,1.5,0.051,18,87,0.9928,3.3,0.46,9.6,0fd45b765ca537b3,quality_below_7
white_wine_1431,7,0.39,0.24,1,0.048,8,119,0.9923,3,0.31,10.1,1766af1f0b22e2ee,quality_below_7
white_wine_1433,6.5,0.36,0.49,2.9,0.03,16,94,0.9902,3.1,0.49,12.1,62bf61580e94fae1,quality_7_plus
white_wine_1434,7.1,0.29,0.49,1.2,0.031,32,99,0.9893,3.07,0.33,12.2,51ccd75722d75cf2,quality_below_7
white_wine_1436,6.9,0.23,0.24,14.2,0.053,19,94,0.9982,3.17,0.5,9.6,1c590ce549272cca,quality_below_7
white_wine_1437,8.5,0.56,0.74,17.85,0.051,51,243,1.0005,2.99,0.7,9.2,d7df5d491dfe9d0d,quality_below_7
white_wine_1439,6.3,0.23,0.49,7.1,0.05,67,210,0.9951,3.23,0.34,9.5,09d46c3b12a19dad,quality_below_7
white_wine_1440,6.1,0.25,0.49,7.6,0.052,67,226,0.9956,3.16,0.47,8.9,941832ccb0893dc9,quality_below_7
white_wine_1441,7.2,0.26,0.74,13.6,0.05,56,162,0.998,3.03,0.44,8.8,c1d73bc850fa5cb0,quality_below_7
white_wine_1442,7.2,0.31,0.24,1.4,0.057,17,117,0.9928,3.16,0.35,10.5,00c82d890fe52a25,quality_below_7
white_wine_1443,8,0.25,0.49,1.2,0.061,27,117,0.9938,3.08,0.34,9.4,433524c2aa966fcb,quality_below_7
white_wine_1444,7,0.18,0.49,5.3,0.04,34,125,0.9914,3.24,0.4,12.2,30c10a4e02c1c1eb,quality_below_7
white_wine_1445,7.8,0.43,0.49,13,0.033,37,158,0.9955,3.14,0.35,11.3,b585e1ea5ab4822b,quality_below_7
white_wine_1446,8.3,0.2,0.74,4.45,0.044,33,130,0.9924,3.25,0.42,12.2,850ec0d5602ad935,quality_below_7
white_wine_1447,6.3,0.27,0.49,1.2,0.063,35,92,0.9911,3.38,0.42,12.2,23f810cc3e1ab131,quality_below_7
white_wine_1448,7.4,0.16,0.49,1.2,0.055,18,150,0.9917,3.23,0.47,11.2,d863e279d53bd845,quality_below_7
white_wine_1450,6.9,0.19,0.49,6.6,0.036,49,172,0.9932,3.2,0.27,11.5,d8196b109aa3254f,quality_below_7
white_wine_1452,7.2,0.4,0.49,1.1,0.048,11,138,0.9929,3.01,0.42,9.3,a39d145dd641799c,quality_below_7
white_wine_1454,7.6,0.52,0.49,14,0.034,37,156,0.9958,3.14,0.38,11.8,1a18d3cf5a8b4b6c,quality_7_plus
white_wine_1455,8.3,0.21,0.49,19.8,0.054,50,231,1.0012,2.99,0.54,9.2,a55a392a447b22cf,quality_below_7
white_wine_1456,6.9,0.34,0.74,11.2,0.069,44,150,0.9968,3,0.81,9.2,b1999c44ed833b13,quality_below_7
white_wine_1459,7.1,0.22,0.74,2.7,0.044,42,144,0.991,3.31,0.41,12.2,f445e935abea37d2,quality_below_7
white_wine_1460,7.9,0.11,0.49,4.5,0.048,27,133,0.9946,3.24,0.42,10.6,ee87896ff83eef11,quality_below_7
white_wine_1461,8.5,0.17,0.74,3.6,0.05,29,128,0.9928,3.28,0.4,12.4,b48731c5d6dfbdc8,quality_below_7
white_wine_1462,6.4,0.145,0.49,5.4,0.048,54,164,0.9946,3.56,0.44,10.8,5827fda5dab1e03f,quality_below_7
white_wine_1464,8.3,0.19,0.49,1.2,0.051,11,137,0.9918,3.06,0.46,11,e57128bc9996464a,quality_below_7
white_wine_1465,8,0.44,0.49,9.1,0.031,46,151,0.9926,3.16,0.27,12.7,ca209ade3d7a50f4,quality_7_plus
white_wine_1466,7,0.2,0.74,0.8,0.044,19,163,0.9931,3.46,0.53,10.2,af8e7dea4e76f0db,quality_below_7
white_wine_1468,7.1,0.25,0.49,3,0.03,30,96,0.9903,3.13,0.39,12.3,794e65a858899c1f,quality_7_plus
white_wine_1469,6.5,0.24,0.24,1.6,0.046,15,60,0.9928,3.19,0.39,9.8,4e51b9e5c89a8b69,quality_below_7
white_wine_1473,7.8,0.21,0.49,1.35,0.052,6,48,0.9911,3.15,0.28,11.4,7956d4c0dfe4e561,quality_below_7
white_wine_1474,7,0.2,0.49,5.9,0.038,39,128,0.9938,3.21,0.48,10.8,49f9915ab4c7f55a,quality_below_7
white_wine_1475,6.9,0.25,0.24,3.6,0.057,13,85,0.9942,2.99,0.48,9.5,87e4f7ac4a4bc3b7,quality_below_7
white_wine_1476,7.2,0.08,0.49,1.3,0.05,18,148,0.9945,3.46,0.44,10.2,226520c1043e49b1,quality_below_7
white_wine_1477,7.1,0.85,0.49,8.7,0.028,40,184,0.9962,3.22,0.36,10.7,aed519239518d831,quality_below_7
white_wine_1478,7.6,0.51,0.24,1.2,0.04,10,104,0.992,3.05,0.29,10.8,996ba6ceb88659f7,quality_below_7
white_wine_1479,7.9,0.22,0.24,4.6,0.044,39,159,0.9927,2.99,0.28,11.5,95f85e21c79854fa,quality_below_7
white_wine_1480,7.7,0.16,0.49,2,0.056,20,124,0.9948,3.32,0.49,10.7,b6044a1e8f2faadb,quality_below_7
white_wine_1482,6.6,0.25,0.24,1.7,0.048,26,124,0.9942,3.37,0.6,10.1,8210ce68d2231602,quality_below_7
white_wine_1483,6.7,0.16,0.49,2.4,0.046,57,187,0.9952,3.62,0.81,10.4,09f447f76d7351c5,quality_below_7
white_wine_1485,7.5,0.32,0.24,4.6,0.053,8,134,0.9958,3.14,0.5,9.1,eb0bd235074713f4,quality_below_7
white_wine_1486,7.4,0.28,0.49,1.5,0.034,20,126,0.9918,2.98,0.39,10.6,e597bd0342b981a5,quality_below_7
white_wine_1487,6.2,0.15,0.49,0.9,0.033,17,51,0.9932,3.3,0.7,9.4,d3acbd020f056984,quality_below_7
white_wine_1488,6.7,0.25,0.74,19.4,0.054,44,169,1.0004,3.51,0.45,9.8,c03ee75f0e9be808,quality_below_7
white_wine_1489,6.5,0.26,0.74,13.3,0.044,68,224,0.9972,3.18,0.54,9.5,180a46b61499af5d,quality_below_7
white_wine_1490,7.9,0.16,0.74,17.85,0.037,52,187,0.9998,2.99,0.41,9.3,20d9ef8ac4b99d76,quality_below_7
white_wine_1491,5.6,0.185,0.49,1.1,0.03,28,117,0.9918,3.55,0.45,10.3,4831f3e7ef35031c,quality_below_7
white_wine_1492,7.5,0.2,0.49,1.3,0.031,8,97,0.9918,3.06,0.62,11.1,9488178060feb0d3,quality_below_7
white_wine_1493,8,0.3,0.49,9.4,0.046,47,188,0.9964,3.14,0.48,10,a7022bdd78a6f38d,quality_below_7
white_wine_1494,8,0.34,0.49,9,0.033,39,180,0.9936,3.13,0.38,12.3,85b9db7ca1e8746c,quality_7_plus
white_wine_1495,7.7,0.35,0.49,8.65,0.033,42,186,0.9931,3.14,0.38,12.4,1a008a3b2731f9b7,quality_7_plus
white_wine_1496,7.6,0.29,0.49,9.6,0.03,45,197,0.9938,3.13,0.38,12.3,a7e41c0fec2aefbe,quality_7_plus
white_wine_1497,6.7,0.62,0.24,1.1,0.039,6,62,0.9934,3.41,0.32,10.4,92f3575a784bbde8,quality_below_7
white_wine_1498,6.8,0.27,0.49,1.2,0.044,35,126,0.99,3.13,0.48,12.1,12f9f814312bf2af,quality_7_plus
white_wine_1499,7.7,0.27,0.49,1.8,0.041,23,86,0.9914,3.16,0.42,12.5,a9cbe177143ca0b0,quality_below_7
white_wine_1500,6.7,0.51,0.24,2.1,0.043,14,155,0.9904,3.22,0.6,13,65acbc13957a3f0f,quality_below_7
white_wine_1501,7.4,0.19,0.49,9.3,0.03,26,132,0.994,2.99,0.32,11,d5ecbd61e6e39b3a,quality_7_plus
white_wine_1502,8.3,0.2,0.49,1.7,0.04,34,169,0.9938,3.05,0.37,10.1,7a2b20921b270fdc,quality_below_7
white_wine_1503,6.6,0.3,0.24,1.2,0.034,17,121,0.9933,3.13,0.36,9.2,09e9ad117c44f2ab,quality_below_7
white_wine_1504,6.8,0.36,0.24,4.6,0.039,24,124,0.9909,3.27,0.34,12.6,d5b912cd6e1a74f5,quality_7_plus
white_wine_1505,7,0.17,0.74,12.8,0.045,24,126,0.9942,3.26,0.38,12.2,fbdb5584d2292969,quality_7_plus
white_wine_1506,9.2,0.18,0.49,1.5,0.041,39,130,0.9945,3.04,0.49,9.8,0b6967086491828a,quality_7_plus
white_wine_1507,8.1,0.2,0.49,8.1,0.051,51,205,0.9954,3.1,0.52,11,d40a4898204c023b,quality_below_7
white_wine_1508,7.8,0.26,0.74,7.5,0.044,59,160,0.996,3.22,0.64,10,57309f583f95959c,quality_below_7
white_wine_1509,6.8,0.21,0.49,14.5,0.06,50,170,0.9991,3.55,0.44,9.8,bcd60e94e8efdda7,quality_below_7
white_wine_1510,7.9,0.2,0.49,1.6,0.053,15,144,0.993,3.16,0.47,10.5,4a0a2f79732bdd2d,quality_below_7
white_wine_1511,8,0.18,0.49,1.8,0.061,10,145,0.9942,3.23,0.48,10,dafb55c0c33cd6a8,quality_below_7
white_wine_1512,8.8,0.23,0.74,3.2,0.042,15,126,0.9934,3.02,0.51,11.2,729b7eb982a8028f,quality_below_7
white_wine_1513,7.3,0.22,0.49,9.4,0.034,29,134,0.9939,2.99,0.32,11,adc05a0658d66ee5,quality_7_plus
white_wine_1514,7.3,0.22,0.49,9.9,0.031,48,161,0.9937,3.01,0.28,11.2,bbb98a919a1c393a,quality_below_7
white_wine_1516,7.3,0.155,0.49,1.3,0.039,34,136,0.9926,3.14,0.77,10.5,95970026ca409931,quality_below_7
white_wine_1517,8.2,0.22,0.49,9.6,0.037,53,154,0.9951,3.02,0.33,10.6,ef51b7f9da480ad8,quality_below_7
white_wine_1518,8.2,0.24,0.49,9.3,0.038,52,163,0.9952,3.02,0.33,10.6,dd673a2fc186a1f6,quality_below_7
white_wine_1519,8.4,0.23,0.49,7.8,0.035,22,95,0.9935,3.04,0.34,12,6904dd58b0ed5181,quality_below_7
white_wine_1521,8.3,0.2,0.49,1.7,0.038,38,167,0.9939,3.05,0.37,10.1,75d25f375b760371,quality_below_7
white_wine_1523,6.9,0.21,0.49,1.4,0.041,15,164,0.9927,3.25,0.63,11,a4ee6dad9e2315c5,quality_below_7
white_wine_1524,8,0.25,0.49,9,0.044,31,185,0.998,3.34,0.49,10,7c7aeb8d29cbf8c9,quality_below_7
white_wine_1525,6.6,0.21,0.49,18.15,0.042,41,158,0.9997,3.28,0.39,8.7,ecc63ac5b4af4d9b,quality_below_7
white_wine_1526,7.2,0.27,0.74,12.5,0.037,47,156,0.9981,3.04,0.44,8.7,ca99a1158c376d7a,quality_below_7
white_wine_1527,14.2,0.27,0.49,1.1,0.037,33,156,0.992,3.15,0.54,11.1,af1da69db4517ee4,quality_below_7
white_wine_1528,7.9,0.28,0.49,7.7,0.045,48,195,0.9954,3.04,0.55,11,2b342416a45c3d90,quality_below_7
white_wine_1529,7.4,0.27,0.49,1.1,0.037,33,156,0.992,3.15,0.54,11.1,7f43df65c3b8866a,quality_below_7
white_wine_1532,8.1,0.3,0.49,8.1,0.037,26,174,0.9943,3.1,0.3,11.2,5354586e95b32fbc,quality_7_plus
white_wine_1533,7.5,0.23,0.49,7.7,0.049,61,209,0.9941,3.14,0.3,11.1,16a7012f0902d0a2,quality_7_plus
white_wine_1534,7.3,0.26,0.49,5,0.028,32,107,0.9936,3.24,0.54,10.8,c2716cc1df067bf8,quality_below_7
white_wine_1535,7.1,0.18,0.74,15.6,0.044,44,176,0.9996,3.38,0.67,9,d42d27b2cc505a19,quality_below_7
white_wine_1536,8.5,0.15,0.49,1.5,0.031,17,122,0.9932,3.03,0.4,10.3,42a193c3e7b65387,quality_below_7
white_wine_1537,8.9,0.13,0.49,1,0.028,6,24,0.9926,2.91,0.32,9.9,9f52cf5d13669675,quality_below_7
white_wine_1538,8.1,0.28,0.49,1,0.04,32,148,0.9936,3.13,0.41,10,1247b3a897552bca,quality_below_7
white_wine_1539,6,0.17,0.49,1,0.034,26,106,0.992,3.21,0.42,9.8,2cbd60124dbc4661,quality_below_7
white_wine_1542,7.1,0.53,0.24,0.8,0.029,29,86,0.993,3.16,0.32,9.1,4d538e024bf4ad21,quality_below_7
white_wine_1543,7.2,0.16,0.49,1.3,0.037,27,104,0.9924,3.23,0.57,10.6,cb55e6dec27b6e6a,quality_below_7
white_wine_1544,7.3,0.14,0.49,1.1,0.038,28,99,0.9928,3.2,0.72,10.6,78d3ae362ce6239b,quality_below_7
white_wine_1546,7.9,0.12,0.49,5.2,0.049,33,152,0.9952,3.18,0.47,10.6,55c44f7b8f86c08e,quality_below_7
white_wine_1547,6.7,0.29,0.49,4.7,0.034,35,156,0.9945,3.13,0.45,9.9,fdff71bc51dd0f9e,quality_below_7
white_wine_1548,6.7,0.3,0.49,4.8,0.034,36,158,0.9945,3.12,0.45,9.9,30b85b1aa0d744b8,quality_below_7
white_wine_1549,7.1,0.36,0.24,1.8,0.025,32,102,0.9903,3.34,0.59,12.8,2fa3b4fa2754844a,quality_below_7
white_wine_1551,7.9,0.18,0.49,5.2,0.051,36,157,0.9953,3.18,0.48,10.6,c55d38183c434178,quality_below_7
white_wine_1552,6.6,0.19,0.99,1.2,0.122,45,129,0.9936,3.09,0.31,8.7,9aa14bc68a2d256b,quality_below_7
white_wine_1553,7.3,0.21,0.49,1.8,0.038,44,152,0.9912,3.32,0.44,12.6,62611aff55766aec,quality_7_plus
white_wine_1554,6.9,0.3,0.49,7.6,0.057,25,156,0.9962,3.43,0.63,11,ac03695cce64e3cb,quality_7_plus
white_wine_1555,7.9,0.42,0.49,8.2,0.056,32,164,0.9965,3.29,0.6,11.2,97efe7f5b765c7f1,quality_7_plus
white_wine_1556,6.9,0.24,0.49,1.3,0.032,35,148,0.9932,3.45,0.57,10.7,6120cdcab14f368d,quality_7_plus
white_wine_1557,7.6,0.23,0.49,10,0.036,45,182,0.9967,3.08,0.58,9.6,fe1bebadd60661c4,quality_below_7
white_wine_1559,6.2,0.43,0.49,6.4,0.045,12,115,0.9963,3.27,0.57,9,3ff8f5d625f2951a,quality_below_7
white_wine_1560,8.8,0.35,0.49,1,0.036,14,56,0.992,2.96,0.33,10.5,bf99962874ece673,quality_below_7
white_wine_1561,7.8,0.3,0.74,1.8,0.033,33,156,0.991,3.29,0.52,12.8,a227a4411c0391fa,quality_below_7
white_wine_1562,9.1,0.28,0.49,2,0.059,10,112,0.9958,3.15,0.46,10.1,199ff0a2e20ebbfb,quality_below_7
white_wine_1563,7.1,0.34,0.49,1.5,0.027,26,126,0.99,3.3,0.33,12.2,9d4c8495982ec8c9,quality_7_plus
white_wine_1566,8.5,0.19,0.49,3.5,0.044,29,117,0.9938,3.14,0.51,10.1,6bc3445abc6f894a,quality_below_7
white_wine_1567,7.6,0.18,0.49,18.05,0.046,36,158,0.9996,3.06,0.41,9.2,b416eba879db360f,quality_below_7
white_wine_1568,7.5,0.19,0.49,1.8,0.055,19,110,0.9946,3.33,0.44,9.9,12bffb3d1a993990,quality_below_7
white_wine_1569,7.4,0.3,0.49,8.2,0.055,49,188,0.9974,3.52,0.58,9.7,d1f17084f8e5bdef,quality_below_7
white_wine_1570,6.7,0.3,0.74,5,0.038,35,157,0.9945,3.21,0.46,9.9,d41dde9e7ef77dd3,quality_below_7
white_wine_1571,6.6,0.3,0.74,4.6,0.041,36,159,0.9946,3.21,0.45,9.9,b527ac905842376d,quality_below_7
white_wine_1573,6.9,0.22,0.49,7,0.063,50,168,0.9957,3.54,0.5,10.3,c6bbc7aa21c0fa35,quality_below_7
white_wine_1574,7.8,0.26,0.49,3.1,0.045,21,116,0.9931,3.16,0.35,10.3,6bfa8181c398428d,quality_below_7
white_wine_1575,8.5,0.17,0.49,8.8,0.048,23,108,0.9947,2.88,0.34,10.5,8521015cbea79b26,quality_below_7
white_wine_1576,6.8,0.17,0.74,2.4,0.053,61,182,0.9953,3.63,0.76,10.5,d8a7809f90db46c3,quality_below_7
white_wine_1577,6.2,0.27,0.49,1.4,0.05,20,74,0.9931,3.32,0.44,9.8,c4536002b487e2de,quality_below_7
white_wine_1578,7.1,0.64,0.49,1.8,0.05,17,128,0.9946,3.31,0.58,10.6,63e1476138f2e52a,quality_below_7
white_wine_1579,6.4,0.18,0.74,11.9,0.046,54,168,0.9978,3.58,0.68,10.1,5d9fef23541115f1,quality_below_7
white_wine_1580,7.6,0.31,0.49,13.4,0.062,50,191,0.9989,3.22,0.53,9,515018bfcc4aefea,quality_below_7
white_wine_1581,9.8,0.31,0.49,15.4,0.046,13,119,1.0004,3.18,0.45,9.5,23fc5542ada369df,quality_below_7
white_wine_1582,9,0.3,0.49,7.2,0.039,32,84,0.9938,2.94,0.32,11.5,9e0ce8c2f0b65723,quality_below_7
white_wine_1583,8.4,0.24,0.49,7.4,0.039,46,108,0.9934,3.03,0.33,11.9,6a7452c1d7faecbe,quality_7_plus
white_wine_1585,6.4,0.25,0.74,7.8,0.045,52,209,0.9956,3.21,0.42,9.2,bbc8ef744bc27528,quality_below_7
white_wine_1586,7.3,0.3,0.74,13.5,0.039,46,165,0.9982,3.02,0.4,8.7,9868988dc37ce33f,quality_below_7
white_wine_1587,9.3,0.31,0.49,1.3,0.042,34,147,0.9948,3.11,0.46,9.8,1878e20cae5d1570,quality_below_7
white_wine_1590,7,0.27,0.74,1.5,0.036,27,122,0.9926,3.35,0.48,11.2,5f6b60bf2f61a04f,quality_below_7
white_wine_1591,7.9,0.14,0.74,1.2,0.028,30,165,0.991,3.08,0.82,12.3,63dd95ef3ebdad93,quality_below_7
white_wine_1592,6.4,0.12,0.49,6.4,0.042,49,161,0.9945,3.34,0.44,10.4,d9ee313543843a18,quality_below_7
white_wine_1593,6.8,0.21,0.74,1.2,0.047,25,111,0.9916,3.13,0.41,10.7,4d2f353f14312fc8,quality_below_7
white_wine_1594,8.6,0.16,0.49,7.3,0.043,9,63,0.9953,3.13,0.59,10.5,5c3b7cca5046488d,quality_below_7
white_wine_1595,7,0.29,0.49,3.8,0.047,37,136,0.9938,2.95,0.4,9.4,7e1da1ec34e7b68b,quality_below_7
white_wine_1596,6.4,0.27,0.49,7.3,0.046,53,206,0.9956,3.24,0.43,9.2,fb87c248c61bfeb7,quality_below_7
white_wine_1597,6.6,0.55,0.01,2.7,0.034,56,122,0.9906,3.15,0.3,11.9,286e05e3c3d9bd50,quality_below_7
white_wine_1599,6.3,0.24,0.74,1.4,0.172,24,108,0.9932,3.27,0.39,9.9,7c3e1db07d6188c6,quality_below_7
white_wine_1600,6.7,0.33,0.49,1.6,0.167,20,94,0.9914,3.11,0.5,11.4,83904ebd63cf1200,quality_below_7
white_wine_1602,8.2,0.34,0.49,8,0.046,55,223,0.996,3.08,0.52,10.7,0ad030bc0ae05bc5,quality_below_7
white_wine_1603,5.6,0.39,0.24,4.7,0.034,27,77,0.9906,3.28,0.36,12.7,4de5255e35751b24,quality_below_7
white_wine_1604,5.6,0.41,0.24,1.9,0.034,10,53,0.98815,3.32,0.5,13.5,9f3906aed6e736e9,quality_7_plus
white_wine_1605,6.7,0.41,0.01,2.8,0.048,39,137,0.9942,3.24,0.35,9.5,14a8aa331b43f5e8,quality_below_7
white_wine_1606,7.1,0.26,0.49,2.2,0.032,31,113,0.9903,3.37,0.42,12.9,74df803c83ba1bbb,quality_7_plus
white_wine_1607,7.5,0.32,0.49,1.7,0.031,44,109,0.9906,3.07,0.46,12.5,f9cda26e231f61a6,quality_below_7
white_wine_1608,5.8,0.19,0.49,4.9,0.04,44,118,0.9935,3.34,0.38,9.5,a39e9ab38dd737d0,quality_7_plus
white_wine_1609,6.9,0.27,0.49,23.5,0.057,59,235,1.0024,2.98,0.47,8.6,04d7f43c27d946d9,quality_below_7
white_wine_1610,8.1,0.2,0.49,11.8,0.048,46,212,0.9968,3.09,0.46,10,b2539d0723e012f5,quality_7_plus
white_wine_1612,8.2,0.26,0.49,5.2,0.04,19,100,0.9941,3.12,0.34,10.1,55b3b27da731dd58,quality_below_7
white_wine_1613,7.8,0.26,0.49,3.2,0.027,28,87,0.9919,3.03,0.32,11.3,30ac781d26d6f21b,quality_7_plus
white_wine_1614,8,0.14,0.49,1.5,0.035,42,120,0.9928,3.26,0.4,10.6,06b5906dd23ebaaf,quality_7_plus
white_wine_1615,8,0.29,0.49,11.7,0.035,40,131,0.9958,3.14,0.34,10.8,6ba4bca8c1ced041,quality_below_7
white_wine_1616,7.5,0.19,0.49,1.6,0.047,42,140,0.9932,3.4,0.47,10.7,8ec619b136368efa,quality_below_7
white_wine_1617,6.9,0.34,0.49,7.3,0.045,61,206,0.9957,3.09,0.4,9,ec5f7fb5c8ec55d5,quality_below_7
white_wine_1618,6.2,0.2,0.49,1.6,0.065,17,143,0.9937,3.22,0.52,9.2,579538fc85b8d224,quality_below_7
white_wine_1619,6.4,0.37,0.49,13.3,0.045,53,243,0.9982,3.14,0.48,8.5,4c7f57fb881c36a7,quality_below_7
white_wine_1620,6.2,0.22,0.49,6,0.029,31,128,0.9928,3.41,0.36,11.3,68040de54d3084d7,quality_7_plus
white_wine_1622,8.9,0.32,0.49,1.6,0.05,17,131,0.9956,3.13,0.34,9.4,f23d535a1cd64dd1,quality_below_7
white_wine_1623,6.5,0.44,0.49,7.7,0.045,16,169,0.9957,3.11,0.37,8.7,c63a8c233a5ea1f2,quality_below_7
white_wine_1624,7,0.14,0.49,5.9,0.053,22,118,0.9954,3.36,0.36,9.4,869ae0876e5ddbd2,quality_below_7
white_wine_1625,9,0.17,0.49,1,0.039,46,131,0.993,3.09,0.51,10.5,1f254760e1dce468,quality_7_plus
white_wine_1626,6.4,0.26,0.49,6.4,0.037,37,161,0.9954,3.38,0.53,9.7,808a6041442af9ed,quality_below_7
white_wine_1627,9,0.22,0.49,10.4,0.048,52,195,0.9987,3.31,0.44,10.2,3e919108a583ac64,quality_below_7
white_wine_1629,8.2,0.2,0.49,3.5,0.057,14,108,0.9928,3.19,0.35,11.5,9df11aa5cee0a480,quality_below_7
white_wine_1630,7.8,0.15,0.24,7.7,0.047,21,98,0.9951,2.94,0.31,9.6,fc4494636702270a,quality_below_7
white_wine_1631,6.9,0.25,0.24,1.8,0.053,6,121,0.993,3.23,0.7,11.4,91adef0ae26d55b5,quality_below_7
white_wine_1633,7.1,0.28,0.49,6.5,0.041,28,111,0.9926,3.41,0.58,12.2,ac107f3b7d069593,quality_7_plus
white_wine_1634,7.4,0.19,0.49,6.7,0.037,15,110,0.9938,3.2,0.38,11,b79037d56f20f314,quality_7_plus
white_wine_1635,8.3,0.25,0.49,16.8,0.048,50,228,1.0001,3.03,0.52,9.2,107bb39c0751fa2d,quality_below_7
white_wine_1636,7.5,0.14,0.74,1.6,0.035,21,126,0.9933,3.26,0.45,10.2,ca12f2e75f1a2f9b,quality_below_7
white_wine_1637,7.8,0.49,0.49,7,0.043,29,149,0.9952,3.21,0.33,10,1c1b41878f24e228,quality_below_7
white_wine_1638,8.1,0.12,0.49,1.2,0.042,43,160,0.9934,3.13,0.48,9.7,94415df23e3bdd83,quality_below_7
white_wine_1639,7.6,0.47,0.49,13,0.239,42,220,0.9988,2.96,0.51,9.2,c5788af43fe7bea8,quality_below_7
white_wine_1640,7.9,0.22,0.49,3.8,0.042,26,105,0.993,3.1,0.39,10.5,255d3d1d5ccef26c,quality_below_7
white_wine_1642,6.4,0.22,0.49,7.5,0.054,42,151,0.9948,3.27,0.52,10.1,da5640f636370f30,quality_below_7
white_wine_1643,7.3,0.19,0.49,15.55,0.058,50,134,0.9998,3.42,0.36,9.1,7781ed4e5c9ce8ae,quality_7_plus
white_wine_1644,8.1,0.3,0.49,12.3,0.049,50,144,0.9971,3.09,0.57,10.2,3b8c01917d98906a,quality_7_plus
white_wine_1646,7.5,0.24,0.49,9.4,0.048,50,149,0.9962,3.17,0.59,10.5,f53131aedee24321,quality_7_plus
white_wine_1648,7.8,0.21,0.49,1.2,0.036,20,99,0.99,3.05,0.28,12.1,6dcf144f6ea1f840,quality_7_plus
white_wine_1649,7.1,0.3,0.49,1.6,0.045,31,100,0.9942,3.4,0.59,10.2,1a5203a5a604913f,quality_below_7
white_wine_1650,6.9,0.26,0.49,1.6,0.058,39,166,0.9965,3.65,0.52,9.4,aade4fa35fc305a9,quality_below_7
white_wine_1651,7.6,0.31,0.49,3.95,0.044,27,131,0.9912,3.08,0.67,12.8,ef40acd92a512bb5,quality_7_plus
white_wine_1652,6.4,0.42,0.74,12.8,0.076,48,209,0.9978,3.12,0.58,9,196ca87f3e7763b9,quality_below_7
white_wine_1653,8.2,0.29,0.49,1,0.044,29,118,0.9928,3.24,0.36,10.9,605e5fc97e2b4261,quality_below_7
white_wine_1654,7.9,0.33,0.28,31.6,0.053,35,176,1.0103,3.15,0.38,8.8,82534e4e79141f59,quality_below_7
white_wine_1655,6.6,0.46,0.49,7.4,0.052,19,184,0.9956,3.11,0.38,9,b553abae40a41d8c,quality_below_7
white_wine_1656,7.8,0.28,0.49,1.3,0.046,27,142,0.9936,3.09,0.59,10.2,2e094b231aa9704b,quality_below_7
white_wine_1657,5.8,0.15,0.49,1.1,0.048,21,98,0.9929,3.19,0.48,9.2,79a075f20e7756f2,quality_below_7
white_wine_1658,7.8,0.4,0.49,7.8,0.06,34,162,0.9966,3.26,0.58,11.3,0ab575dd64be088c,quality_below_7
white_wine_1659,6.6,0.31,0.49,7.7,0.05,52,220,0.9964,3.12,0.45,8.8,88c119c9ef7ddc0f,quality_below_7
white_wine_1660,6.6,0.325,0.49,7.7,0.049,53,217,0.996,3.16,0.4,9.3,e0bd91d4c47c9c2b,quality_below_7
white_wine_1661,6.6,0.27,0.49,7.8,0.049,62,217,0.9959,3.17,0.45,9.4,e838605812b14ade,quality_below_7
white_wine_1662,6.7,0.26,0.49,8.3,0.047,54,191,0.9954,3.23,0.4,10.3,0381b66df9646974,quality_below_7
white_wine_1663,6.7,0.21,0.49,1.4,0.047,30,114,0.9914,2.92,0.42,10.8,856ecbf9fe232be8,quality_7_plus
white_wine_1665,8.1,0.28,0.46,15.4,0.059,32,177,1.0004,3.27,0.58,9,5d0af588be948e91,quality_below_7
white_wine_1666,6.5,0.13,0.37,1,0.036,48,114,0.9911,3.41,0.51,11.5,8bc6aebeb210fec1,quality_7_plus
white_wine_1667,7.8,0.445,0.56,1,0.04,8,84,0.9938,3.25,0.43,10.8,17d639efca13c9c6,quality_below_7
white_wine_1668,8.8,0.39,0.34,5.9,0.055,33,128,0.9927,2.95,0.51,11.8,a9771cce66e4ddb6,quality_below_7
white_wine_1669,7.9,0.18,0.33,1.2,0.033,20,72,0.9922,3.12,0.38,10.5,16ea6e53f03428be,quality_7_plus
white_wine_1670,7.1,0.31,0.38,1.2,0.036,10,124,0.9924,3.14,0.44,9.9,be4cf1ba0c1ae393,quality_below_7
white_wine_1671,7.8,0.24,0.18,6.7,0.046,33,160,0.9963,3.2,0.56,9.8,777b77dbc78a5eca,quality_below_7
white_wine_1672,7,0.35,0.3,6.5,0.028,27,87,0.9936,3.4,0.42,11.4,e4952f0ca64d3eff,quality_7_plus
white_wine_1673,6.6,0.26,0.31,4.8,0.138,41,168,0.9951,3.2,0.38,9.3,88f5fca1394890fc,quality_below_7
white_wine_1674,6.6,0.27,0.31,5.3,0.137,35,163,0.9951,3.2,0.38,9.3,3e27f56387ede381,quality_below_7
white_wine_1675,6.8,0.22,0.29,8.9,0.046,82,188,0.9955,3.3,0.44,10.3,2cccabdc62180946,quality_below_7
white_wine_1676,6.2,0.27,0.32,8.8,0.047,65,224,0.9961,3.17,0.47,8.9,fd5c6572b342d542,quality_below_7
white_wine_1678,7.3,0.23,0.37,1.8,0.032,60,156,0.992,3.11,0.35,11.1,a5e0e61431d45741,quality_below_7
white_wine_1679,6.2,0.3,0.2,6.6,0.045,42,170,0.9944,3.36,0.45,10.4,4a948e6f4e8a0589,quality_below_7
white_wine_1680,6.4,0.35,0.2,5.7,0.034,18,117,0.9944,3.33,0.43,10.1,0ffde30a77b2f666,quality_below_7
white_wine_1681,7.6,0.32,0.34,18.35,0.054,44,197,1.0008,3.22,0.55,9,992e00d37a323438,quality_below_7
white_wine_1682,6.3,0.31,0.3,10,0.046,49,212,0.9962,3.74,0.55,11.9,8ea796c42521fb11,quality_below_7
white_wine_1683,7.2,0.25,0.28,14.4,0.055,55,205,0.9986,3.12,0.38,9,6b9c8907da6b43fb,quality_7_plus
white_wine_1685,7.3,0.26,0.33,17.85,0.049,41.5,195,1,3.06,0.44,9.1,1675fc2751ff6e8c,quality_7_plus
white_wine_1687,7.4,0.26,0.37,9.4,0.047,42,147,0.9982,3.46,0.72,10,70223d20e0eecb73,quality_below_7
white_wine_1689,6.7,0.25,0.26,1.55,0.041,118.5,216,0.9949,3.55,0.63,9.4,2824b19e844ff1bf,quality_below_7
white_wine_1690,7.1,0.16,0.25,1.3,0.034,28,123,0.9915,3.27,0.55,11.4,749ac28228df54d5,quality_below_7
white_wine_1691,9,0.43,0.3,1.5,0.05,7,175,0.9951,3.11,0.45,9.7,56c61f1d4a4ec6bf,quality_below_7
white_wine_1693,7,0.24,0.3,4.2,0.04,41,213,0.9927,3.28,0.49,11.8,9d0742eb21231158,quality_below_7
white_wine_1694,6.7,0.265,0.22,8.6,0.048,54,198,0.9955,3.25,0.41,10.2,e6fee5439b183d64,quality_below_7
white_wine_1695,7.7,0.12,0.32,1.4,0.06,47,150,0.9952,3.37,0.42,9.2,2a966993ef39806a,quality_below_7
white_wine_1696,7.2,0.21,0.33,3,0.036,35,132,0.9928,3.25,0.4,11,c1485ab1b3de4fdd,quality_below_7
white_wine_1697,8.5,0.32,0.36,14.9,0.041,47,190,0.9982,3.08,0.31,10,98b89a5fc94ccf23,quality_below_7
white_wine_1698,6.9,0.18,0.3,2,0.038,39,190,0.9914,3.32,0.37,12.2,f9be4f8fbd8a22a0,quality_below_7
white_wine_1700,6.3,0.26,0.29,2.2,0.043,35,175,0.9918,3.38,0.43,11.6,c95c82e397918d16,quality_below_7
white_wine_1701,6.7,0.26,0.3,1.8,0.043,25,121,0.9944,3.44,0.61,10.2,1e3e2b2839200bca,quality_below_7
white_wine_1702,7.9,0.29,0.36,11.1,0.033,43,208,0.9969,3.14,0.46,10.3,85fbbc2d2a97309d,quality_below_7
white_wine_1703,6.5,0.27,0.19,4.2,0.046,6,114,0.9955,3.25,0.35,8.6,488ab3385b6571b5,quality_below_7
white_wine_1704,6.7,0.33,0.42,6.4,0.058,27,151,0.9954,3.16,0.44,9.6,783951600e417fe4,quality_below_7
white_wine_1705,6.7,0.31,0.42,6.4,0.057,25,148,0.9955,3.16,0.45,9.6,549ebb6ba09fbf49,quality_below_7
white_wine_1706,6.6,0.25,0.31,1.5,0.035,32,127,0.9921,3.41,0.47,11.3,e81b22b7479eeec1,quality_below_7
white_wine_1707,6.4,0.24,0.22,1.5,0.038,38,157,0.9934,3.41,0.55,9.9,38dc551c6ecab194,quality_below_7
white_wine_1708,6.8,0.26,0.29,16.95,0.056,48,179,0.9998,3.45,0.4,9.6,bdd502029eb7a012,quality_below_7
white_wine_1709,7,0.61,0.26,1.7,0.051,25,161,0.9946,3.36,0.6,10.6,1965aacbde456fa6,quality_below_7
white_wine_1710,6.8,0.22,0.3,13.6,0.055,50,180,0.9984,3.44,0.39,9.8,fbde5640423a4732,quality_below_7
white_wine_1711,8.1,0.31,0.24,1.6,0.032,10,67,0.9924,3.08,0.47,10.5,acea81a33763ea48,quality_below_7
white_wine_1712,7,0.2,0.3,6.1,0.037,31,120,0.9939,3.24,0.51,10.8,68d7296ac40b1456,quality_below_7
white_wine_1713,7.9,0.18,0.37,3,0.061,25,178,0.995,3.22,0.51,10,00ca41612cd50ae3,quality_below_7
white_wine_1714,6.6,0.34,0.27,6.2,0.059,23,136,0.9957,3.3,0.49,10.1,e7047b58bf933f09,quality_below_7
white_wine_1715,6.8,0.3,0.24,6.6,0.123,35,116,0.9953,3.07,0.48,9.4,b5e4a29ce593bf3b,quality_below_7
white_wine_1716,6.5,0.18,0.34,1.6,0.04,43,148,0.9912,3.32,0.59,11.5,77daa8bacf8b872b,quality_7_plus
white_wine_1717,7,0.21,0.31,6,0.046,29,108,0.9939,3.26,0.5,10.8,18eaaeb5bbdae519,quality_below_7
white_wine_1718,6.8,0.27,0.32,1.5,0.044,19,142,0.9921,3.1,0.43,9.9,7c0f86f380df9efb,quality_below_7
white_wine_1719,9.3,0.2,0.33,1.7,0.05,28,178,0.9954,3.16,0.43,9,13a26f1437dbd4b9,quality_below_7
white_wine_1720,5.8,0.23,0.27,1.8,0.043,24,69,0.9933,3.38,0.31,9.4,89e64edcc8e699f5,quality_below_7
white_wine_1721,7.6,0.2,0.39,2.6,0.044,30,180,0.9941,3.46,0.44,10.8,b89e14c09d873908,quality_7_plus
white_wine_1722,8.2,0.15,0.48,2.7,0.052,24,190,0.995,3.5,0.45,10.9,03071c9e43bb7de9,quality_7_plus
white_wine_1723,7.5,0.4,1,19.5,0.041,33,148,0.9977,3.24,0.38,12,57da1f48def1c1f2,quality_below_7
white_wine_1725,7,0.13,0.3,5,0.056,31,122,0.9945,3.47,0.42,10.5,0676e5403bc5ad59,quality_below_7
white_wine_1726,6.9,0.17,0.22,4.6,0.064,55,152,0.9952,3.29,0.37,9.3,0e86c15e4da56ecf,quality_below_7
white_wine_1727,7,0.3,0.32,6.4,0.034,28,97,0.9924,3.23,0.44,11.8,503f6e41012d1477,quality_below_7
white_wine_1728,7.6,0.445,0.44,14.5,0.045,68,212,0.9986,3.48,0.36,10,b44fcb3ab887f64d,quality_below_7
white_wine_1730,7.5,0.22,0.33,6.7,0.036,45,138,0.9939,3.2,0.68,11.4,4430f87a53e04851,quality_below_7
white_wine_1731,9.2,0.23,0.3,1.1,0.031,40,99,0.9929,2.94,0.3,10.4,aa81c8a8265d728f,quality_below_7
white_wine_1732,8.7,0.34,0.46,13.8,0.055,68,198,0.9988,3.36,0.37,9.5,1157a6477cdd2e9f,quality_below_7
white_wine_1733,6.6,0.545,0.04,2.5,0.031,48,111,0.9906,3.14,0.32,11.9,187ae5d76cdd7d59,quality_below_7
white_wine_1734,8.1,0.3,0.31,1.1,0.041,49,123,0.9914,2.99,0.45,11.1,aace8ac916534526,quality_below_7
white_wine_1735,6.9,0.16,0.3,9.6,0.057,50,185,0.9978,3.39,0.38,9.6,59bbc83f0a8520d5,quality_below_7
white_wine_1736,8,0.32,0.36,4.6,0.042,56,178,0.9928,3.29,0.47,12,ec3582f02f325138,quality_below_7
white_wine_1737,6.1,0.22,0.23,3.1,0.052,15,104,0.9948,3.14,0.42,8.7,4d581db075a17b93,quality_below_7
white_wine_1739,7.5,0.15,0.38,1.8,0.054,19,101,0.9946,3.24,0.44,10,e70822679acdbb1f,quality_below_7
white_wine_1740,8.4,0.29,0.29,1.05,0.032,4,55,0.9908,2.91,0.32,11.4,0e07e078a9cc22d4,quality_below_7
white_wine_1741,6.6,0.37,0.47,6.5,0.061,23,150,0.9954,3.14,0.45,9.6,2de7c6c676ac0c45,quality_below_7
white_wine_1742,7.7,0.38,0.4,2,0.038,28,152,0.9906,3.18,0.32,12.9,584b0d9b6b52cfa9,quality_below_7
white_wine_1743,6.3,0.25,0.23,14.9,0.039,47,142,0.99705,3.14,0.35,9.7,4d8f722dd367cdc8,quality_below_7
white_wine_1744,8.3,0.3,0.36,10,0.042,33,169,0.9982,3.23,0.51,9.3,0158d89e13048d08,quality_below_7
white_wine_1745,6.6,0.22,0.58,1.1,0.133,52,136,0.9932,3.1,0.3,9.1,de1a9c16a7cd483b,quality_below_7
white_wine_1746,6.1,0.34,0.31,12,0.053,46,238,0.9977,3.16,0.48,8.6,18f3aec5d2d49023,quality_below_7
white_wine_1747,7.5,0.22,0.29,4.8,0.05,33,87,0.994,3.14,0.42,9.9,ae859475d0ff8386,quality_below_7
white_wine_1749,8,0.27,0.24,1.2,0.044,20,102,0.9929,3.28,0.42,10.9,6241f20947f3eeb5,quality_below_7
white_wine_1750,6.1,0.17,0.27,1.5,0.056,45,135,0.9924,3.2,0.43,10.2,651c7beecc37e0e6,quality_below_7
white_wine_1751,7.4,0.18,0.3,10.4,0.045,44,174,0.9966,3.11,0.57,9.7,b765c7df8f1a8310,quality_below_7
white_wine_1752,6.7,0.16,0.28,2.5,0.046,40,153,0.9921,3.38,0.51,11.4,b0506c235b7319cc,quality_7_plus
white_wine_1753,6.1,0.255,0.44,12.3,0.045,53,197,0.9967,3.24,0.54,9.5,800a4443f116712e,quality_below_7
white_wine_1754,7.4,0.23,0.25,1.4,0.049,43,141,0.9934,3.42,0.54,10.2,21c6abc8de673b55,quality_7_plus
white_wine_1755,6.4,0.16,0.28,2.2,0.042,33,93,0.9914,3.31,0.43,11.1,983efa70ced4f365,quality_below_7
white_wine_1757,6.7,0.27,0.25,8,0.053,54,202,0.9961,3.22,0.43,9.3,8125bf92ff38b2dc,quality_below_7
white_wine_1758,6.9,0.29,0.23,8.6,0.056,56,215,0.9967,3.17,0.44,8.8,eaccfaf904c1ded7,quality_below_7
white_wine_1759,9.6,0.21,0.28,1.2,0.038,12,53,0.9926,2.8,0.46,10.6,7d8ac96a43415b95,quality_below_7
white_wine_1760,6.6,0.62,0.2,8.7,0.046,81,224,0.99605,3.17,0.44,9.3,1f6568ac2c65ecaa,quality_below_7
white_wine_1761,6.4,0.28,0.19,5.4,0.042,67,181,0.99435,3.31,0.35,10.2,21f309d5fca677f2,quality_below_7
white_wine_1762,8,0.3,0.28,5.7,0.044,31,124,0.9948,3.16,0.51,10.2,722868ab92d80920,quality_below_7
white_wine_1763,6.4,0.17,0.27,1.5,0.037,20,98,0.9916,3.46,0.42,11,e22368fda9368993,quality_7_plus
white_wine_1764,7.3,0.21,0.3,10.9,0.037,18,112,0.997,3.4,0.5,9.6,7f50d2f8430c7297,quality_below_7
white_wine_1767,6.6,0.32,0.26,7.7,0.054,56,209,0.9961,3.17,0.45,8.8,cf7b4ba5654ee29e,quality_below_7
white_wine_1768,7.4,0.32,0.22,1.7,0.051,50,179,0.9955,3.28,0.69,8.9,859ad0ce2fe4431b,quality_below_7
white_wine_1769,6.6,0.37,0.07,1.4,0.048,58,144,0.9922,3.17,0.38,10,fac6543a8f60b539,quality_below_7
white_wine_1770,7.7,0.43,0.28,4.5,0.046,33,102,0.9918,3.16,0.56,12.2,ec72aa1adf0272de,quality_7_plus
white_wine_1771,7.8,0.39,0.26,9.9,0.059,33,181,0.9955,3.04,0.42,10.9,77328638db79ae2c,quality_below_7
white_wine_1772,6.5,0.18,0.26,1.4,0.041,40,141,0.9941,3.34,0.72,9.5,bf299436a5592701,quality_below_7
white_wine_1773,7.8,0.4,0.26,9.5,0.059,32,178,0.9955,3.04,0.43,10.9,c4d7d12c2c204555,quality_below_7
white_wine_1775,6.9,0.19,0.28,3,0.054,33,99,0.9924,3.16,0.4,10.8,08b53ec252a455d3,quality_below_7
white_wine_1776,7.7,0.49,1,19.6,0.03,28,135,0.9973,3.24,0.4,12,dad9a73a46c7614b,quality_below_7
white_wine_1777,6.6,0.25,0.35,14,0.069,42,163,0.999,3.56,0.47,9.8,ad74c032eb34b912,quality_below_7
white_wine_1779,6.4,0.15,0.36,1.8,0.034,43,150,0.9922,3.42,0.69,11,ca8a36fc38a60aae,quality_7_plus
white_wine_1781,8.4,0.17,0.31,5.4,0.052,47,150,0.9953,3.24,0.38,9.8,b14a49614eb066ec,quality_below_7
white_wine_1782,6.1,0.32,0.37,1.8,0.051,13,200,0.9945,3.49,0.44,10.5,6875ca19d898ce25,quality_below_7
white_wine_1783,8.5,0.21,0.26,9.25,0.034,73,142,0.9945,3.05,0.37,11.4,ec15f5485dc0a281,quality_below_7
white_wine_1784,8.7,0.45,0.4,1.5,0.067,17,100,0.9957,3.27,0.57,10.1,71d343ebc311fca6,quality_below_7
white_wine_1785,6.7,0.24,0.29,6.8,0.038,54,127,0.9932,3.33,0.46,11.6,ddc38c15f03adcdf,quality_7_plus
white_wine_1787,7.4,0.33,0.26,2.6,0.04,29,115,0.9913,3.07,0.52,11.8,b835723b18af11a6,quality_7_plus
white_wine_1788,7.2,0.26,0.3,2.1,0.033,50,158,0.9909,3.33,0.43,12.1,2f616dc6e91e6269,quality_7_plus
white_wine_1789,8.2,0.36,0.29,7.6,0.035,37,122,0.9939,3.16,0.34,12,a42e52b9f66d6869,quality_below_7
white_wine_1790,7.8,0.2,0.24,1.6,0.026,26,189,0.991,3.08,0.74,12.1,3cd30a50f336e3f9,quality_7_plus
white_wine_1791,9.4,0.16,0.3,1.4,0.042,26,176,0.9954,3.15,0.46,9.1,7b35b544ed1f783d,quality_below_7
white_wine_1792,6.4,0.33,0.24,1.6,0.054,25,117,0.9943,3.36,0.5,9.3,3581a66ceb3a611c,quality_below_7
white_wine_1793,7.8,0.22,0.36,1.4,0.056,21,153,0.993,3.2,0.53,10.4,36fce040225adcc0,quality_below_7
white_wine_1794,7.4,0.35,0.31,17.95,0.062,42,187,1.0002,3.27,0.64,9.1,dfdee1dc7c52993c,quality_below_7
white_wine_1795,6.6,0.37,0.24,2,0.064,23,120,0.9946,3.32,0.54,9.4,427308835e938af9,quality_below_7
white_wine_1796,6.7,0.37,0.41,6.3,0.061,22,149,0.9953,3.16,0.47,9.6,bb3068de4883165a,quality_below_7
white_wine_1797,7.1,0.37,0.32,1.4,0.037,27,126,0.9918,3.19,0.62,12,a7ce258c4b0c9534,quality_below_7
white_wine_1798,6.9,0.25,0.27,9.05,0.039,37,128,0.9936,3.27,0.34,11.3,a6d0eb4c5651b6c2,quality_7_plus
white_wine_1799,6.8,0.23,0.29,15.4,0.073,56,173,0.9984,3.06,0.41,8.7,b2c8c9a1652b868e,quality_below_7
white_wine_1800,6.4,0.26,0.21,7.1,0.04,35,162,0.9956,3.39,0.58,9.9,4ff450718646b431,quality_below_7
white_wine_1801,7.6,0.3,0.22,10.2,0.049,57,191,0.9966,3.08,0.4,9.3,5ad2098b0fa6369c,quality_below_7
white_wine_1802,9.4,0.16,0.23,1.6,0.042,14,67,0.9942,3.07,0.32,9.5,ff2fd0540a83aaee,quality_below_7
white_wine_1806,7.5,0.33,0.39,12.4,0.065,29,119,0.9974,3.16,0.39,9.4,16255cb874c87f67,quality_below_7
white_wine_1807,7.6,0.38,0.2,3.4,0.046,9,116,0.9944,3.15,0.41,9.4,0c147553fd083def,quality_below_7
white_wine_1808,8.8,0.2,0.43,15,0.053,60,184,1.0008,3.28,0.79,8.8,0d61feb30699f3c8,quality_below_7
white_wine_1811,6.6,0.36,0.21,1.5,0.049,39,184,0.9928,3.18,0.41,9.9,ae8c8c1764134e2c,quality_below_7
white_wine_1813,5.6,0.46,0.24,4.8,0.042,24,72,0.9908,3.29,0.37,12.6,b21ecad4f94ea259,quality_below_7
white_wine_1814,7.2,0.15,0.38,1.2,0.038,18,110,0.9917,3.19,0.43,11.1,6c0616d4a6d8d463,quality_below_7
white_wine_1815,8.2,0.42,0.29,4.1,0.03,31,100,0.9911,3,0.32,12.8,1ee5e63137f45dd8,quality_7_plus
white_wine_1816,6.8,0.3,0.35,2.8,0.038,10,164,0.9912,3.09,0.53,12,41c8496b68727ade,quality_below_7
white_wine_1817,6.7,0.27,0.3,13.9,0.029,34,131,0.9953,3.36,0.5,12,e1218e9a1023f81a,quality_7_plus
white_wine_1818,7.2,0.5,0,0.8,0.034,46,114,0.9932,3.19,0.34,9.2,1d7ec5653912f903,quality_below_7
white_wine_1819,6,0.26,0.29,1,0.032,27,96,0.9896,3.38,0.44,12.3,7d638b04dff3aef2,quality_below_7
white_wine_1820,6.8,0.33,0.28,1.2,0.032,38,131,0.9889,3.19,0.41,13,419057b197add779,quality_below_7
white_wine_1822,7.4,0.29,0.31,1.7,0.035,23,110,0.9926,3.07,0.38,10.9,7296f85015566f91,quality_below_7
white_wine_1824,7.3,0.19,0.24,6.3,0.054,34,231,0.9964,3.36,0.54,10,fa4bdeb7425e3d70,quality_below_7
white_wine_1825,6.5,0.32,0.12,11.5,0.033,35,165,0.9974,3.22,0.32,9,ec2df6d7b10e9c7e,quality_below_7
white_wine_1826,7.1,0.32,0.4,1.5,0.034,13,84,0.9944,3.42,0.6,10.4,eb75fa24138c6293,quality_below_7
white_wine_1829,7.3,0.17,0.23,6.3,0.051,35,240,0.9963,3.36,0.54,10,07491d28c18d089c,quality_below_7
white_wine_1830,7.7,0.44,0.24,11.2,0.031,41,167,0.9948,3.12,0.43,11.3,e853e1a78aa028b7,quality_7_plus
white_wine_1832,7.4,0.49,0.24,15.1,0.03,34,153,0.9953,3.13,0.51,12,9247d5bd3d19cc9a,quality_7_plus
white_wine_1835,6.4,0.21,0.3,5.6,0.044,43,160,0.9949,3.6,0.41,10.6,24164e2737cf42b2,quality_below_7
white_wine_1836,8,0.55,0.42,12.6,0.211,37,213,0.9988,2.99,0.56,9.3,879aa5b4fda80268,quality_below_7
white_wine_1837,7,0.19,0.23,5.7,0.123,27,104,0.9954,3.04,0.54,9.4,5f00df073aa18613,quality_below_7
white_wine_1838,7.2,0.24,0.29,2.2,0.037,37,102,0.992,3.27,0.64,11,ce7c3a0d385ba47b,quality_7_plus
white_wine_1839,6.5,0.34,0.36,11,0.052,53,247,0.9984,3.44,0.55,9.3,003e50da21b43c51,quality_below_7
white_wine_1841,6.9,0.18,0.33,1,0.054,24,164,0.9926,3.42,0.51,10.5,ea31b4518cfc1ab4,quality_below_7
white_wine_1843,8.2,0.18,0.31,11.8,0.039,96,249,0.9976,3.07,0.52,9.5,f6d9143746ec6b6f,quality_below_7
white_wine_1844,8.3,0.28,0.45,7.8,0.059,32,139,0.9972,3.33,0.77,11.2,b1d99023d7bf9b83,quality_below_7
white_wine_1845,6.1,0.34,0.46,4.7,0.029,21,94,0.991,3.29,0.62,12.3,df0db4e152f5c039,quality_below_7
white_wine_1846,7.4,0.44,0.2,11.5,0.049,44,157,0.998,3.27,0.44,9,2ab417f49c2a3da0,quality_below_7
white_wine_1847,7.6,0.26,0.58,7.9,0.041,62,180,0.9966,3.07,0.38,9,9ea7d776e83fa4db,quality_below_7
white_wine_1849,8.7,0.49,0.57,17.8,0.052,34,243,1.0007,2.98,0.82,9,1d6014436bf8ee8c,quality_below_7
white_wine_1850,7,0.24,0.25,1.7,0.042,48,189,0.992,3.25,0.42,11.4,6e62527bce22ced3,quality_below_7
white_wine_1851,7.1,0.25,0.25,1.6,0.046,50,181,0.9925,3.2,0.42,11,62288b8559d4e4c9,quality_7_plus
white_wine_1853,6.4,0.18,0.31,1.6,0.049,36,127,0.9934,3.6,0.67,10.4,29f8e5acaa0fe10a,quality_7_plus
white_wine_1854,8.3,0.27,0.39,2.4,0.058,16,107,0.9955,3.28,0.59,10.3,68503453726e55ce,quality_below_7
white_wine_1855,6.8,0.24,0.35,6.4,0.048,44,172,0.9944,3.29,0.55,10.5,9a61496b196ff02e,quality_7_plus
white_wine_1856,8,0.22,0.28,14,0.053,83,197,0.9981,3.14,0.45,9.8,47d417a1c8e43385,quality_below_7
white_wine_1857,10,0.91,0.42,1.6,0.056,34,181,0.9968,3.11,0.46,10,b1834b853b89b155,quality_below_7
white_wine_1858,8.9,0.34,0.34,1.6,0.056,13,176,0.9946,3.14,0.47,9.7,a019cb2d4c698b8f,quality_below_7
white_wine_1859,8.9,0.33,0.34,1.4,0.056,14,171,0.9946,3.13,0.47,9.7,62c5a6b5c513d3d0,quality_below_7
white_wine_1861,6.7,0.18,0.19,4.7,0.046,57,161,0.9946,3.32,0.66,10.5,133a3d0611e4e687,quality_below_7
white_wine_1862,7.8,0.2,0.28,10.2,0.054,78,186,0.997,3.14,0.46,10,783e237cb0205752,quality_below_7
white_wine_1863,7.3,0.13,0.31,2.3,0.054,22,104,0.9924,3.24,0.92,11.5,db6fe2d5b783a287,quality_7_plus
white_wine_1864,6.6,0.28,0.3,7.8,0.049,57,202,0.9958,3.24,0.39,9.5,ad2f1247d90e83ac,quality_below_7
white_wine_1865,7.1,0.25,0.3,2.4,0.042,25,122,0.994,3.43,0.61,10.5,57875ff6111ebd65,quality_below_7
white_wine_1866,7.6,0.36,0.44,8.3,0.255,28,142,0.9958,3.12,0.43,10.2,73812ff2eb63b5ca,quality_below_7
white_wine_1867,7.6,0.27,0.25,13.9,0.05,45,199,0.9984,3.34,0.5,9.8,1d29f9e624c07e93,quality_below_7
white_wine_1868,6.9,0.37,0.28,13.8,0.031,34,137,0.9948,3.1,0.37,11.6,ab67674f7dcda866,quality_below_7
white_wine_1869,7.4,0.21,0.27,7.3,0.031,41,144,0.9932,3.15,0.38,11.8,d04ea9819603675e,quality_7_plus
white_wine_1870,8.2,0.18,0.28,8.5,0.035,41,140,0.9952,3.04,0.37,10.1,7efc4ed5836c7722,quality_7_plus
white_wine_1871,6.3,0.19,0.21,1.8,0.049,35,163,0.9924,3.31,0.5,10.3,1d18888dc7fe40b7,quality_below_7
white_wine_1872,7,0.21,0.22,5.1,0.048,38,168,0.9945,3.34,0.49,10.4,8df1624a05ebe7e2,quality_below_7
white_wine_1873,5.8,0.33,0.2,16.05,0.047,26,166,0.9976,3.09,0.46,8.9,6127e40e8561e8e8,quality_below_7
white_wine_1875,7.9,0.29,0.31,7.35,0.034,37,154,0.9938,3.06,0.31,10.8,fb368fb8dd39eac9,quality_below_7
white_wine_1876,6.6,0.31,0.38,16.05,0.058,16,165,0.9997,3.38,0.6,9.2,bca79b825fd0d416,quality_below_7
white_wine_1877,8,0.19,0.3,2,0.053,48,140,0.994,3.18,0.49,9.6,7f9f948affa7afbb,quality_below_7
white_wine_1878,8,0.2,0.36,1.2,0.032,21,78,0.9921,3.08,0.37,10.4,ad6e0c70638bf6fa,quality_below_7
white_wine_1879,8,0.25,0.26,14,0.043,41,248,0.9986,3.03,0.57,8.7,79e8b921ed563e26,quality_below_7
white_wine_1880,7.2,0.2,0.61,16.2,0.043,14,103,0.9987,3.06,0.36,9.2,0eee6c75fb32c935,quality_below_7
white_wine_1881,7.7,0.3,0.42,14.3,0.045,45,213,0.9991,3.18,0.63,9.2,7625c7237e67c1ee,quality_below_7
white_wine_1885,6.4,0.22,0.32,7.9,0.029,34,124,0.9948,3.4,0.39,10.2,5719ee00a86caa3b,quality_below_7
white_wine_1887,7,0.53,0.02,1,0.036,39,107,0.993,3.2,0.32,9,240f22db8b808018,quality_below_7
white_wine_1888,7.3,0.24,0.41,13.6,0.05,41,178,0.9988,3.37,0.43,9.7,203df89a520b0c05,quality_below_7
white_wine_1889,7.2,0.24,0.4,17.85,0.049,50,185,1,3.34,0.42,9.6,b9f2851ecdb97ee7,quality_below_7
white_wine_1890,7.6,0.15,0.4,1.3,0.036,24,112,0.9932,3.14,0.76,10,0764ca7782e50c6e,quality_below_7
white_wine_1892,7.6,0.33,0.41,13.7,0.045,44,197,0.9989,3.18,0.64,9.1,c2717a4a90326077,quality_below_7
white_wine_1893,6.8,0.24,0.31,18.3,0.046,40,142,1,3.3,0.41,8.7,f8c6df5196d9fac4,quality_below_7
white_wine_1895,6.8,0.35,0.44,6.5,0.056,31,161,0.9952,3.14,0.44,9.5,08904b1b26f9693a,quality_below_7
white_wine_1896,7.9,0.26,0.33,10.3,0.039,73,212,0.9969,2.93,0.49,9.5,27ef3fe7536f85c9,quality_below_7
white_wine_1897,7.5,0.29,0.67,8.1,0.037,53,166,0.9966,2.9,0.41,8.9,4dee2b3fd5b9925a,quality_below_7
white_wine_1899,7.2,0.31,0.41,8.6,0.053,15,89,0.9976,3.29,0.64,9.9,068f9e01ff5e58a2,quality_below_7
white_wine_1900,6.7,0.44,0.31,1.9,0.03,41,104,0.99,3.29,0.62,12.6,3c493bf398ceb26d,quality_7_plus
white_wine_1901,10,0.23,0.27,14.1,0.033,45,166,0.9988,2.72,0.43,9.7,ce7ffeb70c787bc5,quality_below_7
white_wine_1902,7.4,0.21,0.3,7.9,0.039,14,118,0.9942,2.96,0.34,10.4,25c1a4715a6a6b2e,quality_below_7
white_wine_1903,8.8,0.23,0.35,10.7,0.04,26,183,0.9984,2.93,0.49,9.1,8b4c386add3fb743,quality_below_7
white_wine_1904,7.8,0.34,0.27,1.2,0.04,25,106,0.9932,3.01,0.55,10.4,f2255b69d681a8ff,quality_below_7
white_wine_1907,6,0.28,0.35,1.9,0.037,16,120,0.9933,3.16,0.69,10.6,74f81ce671c04c6f,quality_below_7
white_wine_1908,7.9,0.37,0.3,2.7,0.029,64,158,0.9916,3.12,0.59,12,52b4523bec25e56b,quality_7_plus
white_wine_1909,7.2,0.36,0.36,5.7,0.038,26,98,0.9914,2.93,0.59,12.5,f3d1c31fd7dde9e1,quality_7_plus
white_wine_1910,7.6,0.13,0.34,9.3,0.062,40,126,0.9966,3.21,0.39,9.6,b8b9c0e46421063b,quality_below_7
white_wine_1911,6.6,0.25,0.36,8.1,0.045,54,180,0.9958,3.08,0.42,9.2,9edd6cc5e8b70f51,quality_below_7
white_wine_1912,7.1,0.18,0.26,1.3,0.041,20,71,0.9926,3.04,0.74,9.9,469ea9f5d913fb65,quality_below_7
white_wine_1913,7.9,0.3,0.27,8.5,0.036,20,112,0.9939,2.96,0.46,11.7,7bc9040a26b174f4,quality_below_7
white_wine_1914,8.3,0.23,0.3,2.1,0.049,21,153,0.9953,3.09,0.5,9.6,b38c9b53549b865b,quality_below_7
white_wine_1915,6.8,0.43,0.3,3.5,0.033,27,135,0.9906,3,0.37,12,4252b6cef6fc7f49,quality_below_7
white_wine_1919,6.6,0.35,0.29,14.4,0.044,54,177,0.9991,3.17,0.58,8.9,6f7ed57fbef1730b,quality_below_7
white_wine_1920,7.3,0.22,0.5,13.7,0.049,56,189,0.9994,3.24,0.66,9,2bb51ce6deafc1b1,quality_below_7
white_wine_1921,8.1,0.26,0.33,11.1,0.052,52.5,158,0.9976,3.03,0.49,10.2,b4cdfd74b6bad934,quality_7_plus
white_wine_1923,7,0.12,0.19,4.9,0.055,27,127,0.9953,3.29,0.41,9.4,e017019742808bca,quality_below_7
white_wine_1924,8.2,0.37,0.27,1.7,0.028,10,59,0.9923,2.97,0.48,10.4,7e6241497c88af39,quality_below_7
white_wine_1925,7.6,0.26,0.36,1.6,0.032,6,106,0.993,3.15,0.4,10.4,334c14909f974b3c,quality_below_7
white_wine_1926,6.3,0.2,0.58,1.4,0.204,15,97,0.9931,3.16,0.43,10,7866e26af898e880,quality_below_7
white_wine_1927,6.3,0.22,0.57,1.4,0.208,14,96,0.9932,3.16,0.43,10,ede4517d229aed69,quality_below_7
white_wine_1928,7.1,0.25,0.28,1.6,0.052,46,169,0.9926,3.05,0.41,10.5,1c627b0a72e05111,quality_below_7
white_wine_1929,7,0.27,0.32,6.8,0.047,47,193,0.9938,3.23,0.39,11.4,830075192b04fc23,quality_below_7
white_wine_1930,8.8,0.34,0.33,9.7,0.036,46,172,0.9966,3.08,0.4,10.2,9af7d439f6e4d5d3,quality_below_7
white_wine_1931,9.2,0.27,0.34,10.5,0.043,49,228,0.9974,3.04,0.41,10.4,ee9b5b38905a1a11,quality_below_7
white_wine_1932,7.1,0.49,0.22,2,0.047,146.5,307.5,0.9924,3.24,0.37,11,bd884dededd26dfe,quality_below_7
white_wine_1933,9.2,0.71,0.23,6.2,0.042,15,93,0.9948,2.89,0.34,10.1,ac9a7275266452c3,quality_below_7
white_wine_1934,7.2,0.47,0.65,8.3,0.083,27,182,0.9964,3,0.35,9.2,a5a295d8d94cc69e,quality_below_7
white_wine_1935,6.8,0.28,0.36,1.6,0.04,25,87,0.9924,3.23,0.66,10.3,c49582c22cd59ec4,quality_below_7
white_wine_1938,7.3,0.13,0.27,4.6,0.08,34,172,0.9938,3.23,0.39,11.1,135c0cde473db921,quality_7_plus
white_wine_1939,7.2,0.16,0.35,1.2,0.031,27,84,0.9928,3.33,0.34,9.9,fcfe4351a97baf6e,quality_below_7
white_wine_1940,6.8,0.31,0.32,7.6,0.052,35,143,0.9959,3.14,0.38,9,92df18d6e2f1d9d6,quality_below_7
white_wine_1941,8.3,0.36,0.57,15,0.052,35,256,1.0001,2.93,0.64,8.6,df63cd9051711de3,quality_below_7
white_wine_1944,6.3,0.25,0.44,11.6,0.041,48,195,0.9968,3.18,0.52,9.5,bf0d35b64e4784b6,quality_below_7
white_wine_1945,6,0.45,0.42,1.1,0.051,61,197,0.9932,3.02,0.4,9,2368c19ddb4c33fb,quality_below_7
white_wine_1946,8.1,0.26,0.3,7.8,0.049,39,152,0.9954,2.99,0.58,10,8e21df61426b0a06,quality_below_7
white_wine_1947,6.4,0.22,0.32,12,0.066,57,158,0.9992,3.6,0.43,9,647e63ae136276ca,quality_below_7
white_wine_1948,5.7,0.45,0.42,1.1,0.051,61,197,0.9932,3.02,0.4,9,9b5828af1ea730dd,quality_below_7
white_wine_1949,7.2,0.19,0.31,1.4,0.046,37,135,0.9939,3.34,0.57,10.2,33133fc17efffbf3,quality_7_plus
white_wine_1950,6.7,0.31,0.44,6.7,0.054,29,160,0.9952,3.04,0.44,9.6,00a401998b640111,quality_below_7
white_wine_1951,8,0.25,0.13,17.2,0.036,49,219,0.9996,2.96,0.46,9.7,cd383836c9c0060c,quality_below_7
white_wine_1952,9.9,1.005,0.46,1.4,0.046,34,185,0.9966,3.02,0.49,10.2,c0403d6569df2572,quality_below_7
white_wine_1953,8.1,0.31,0.36,8.2,0.028,29,142,0.9925,3.01,0.34,13,f4e34bbc4e78175a,quality_7_plus
white_wine_1954,8.1,0.24,0.38,4.3,0.044,49,172,0.996,3.37,0.74,10.8,2ffb7603fd464cdd,quality_below_7
white_wine_1956,6.4,0.29,0.28,11.1,0.063,66,169,0.9973,2.89,0.57,9,fce0366aa1ff90b9,quality_below_7
white_wine_1957,7.2,0.15,0.33,1.1,0.027,16,63,0.9937,3.37,0.4,9.9,7ff62dd254f7892b,quality_below_7
white_wine_1958,7,0.12,0.32,7.2,0.058,22,89,0.9966,3.29,0.38,9.2,a66d4666884d1092,quality_below_7
white_wine_1959,7.4,0.32,0.55,16.6,0.056,53,238,1.0017,2.96,0.58,8.7,975f3ba07d96c16e,quality_below_7
white_wine_1960,8.5,0.17,0.31,1,0.024,13,91,0.993,2.79,0.37,10.1,e28e6382bf99f197,quality_below_7
white_wine_1962,9.5,0.21,0.47,1.3,0.039,21,123,0.9959,2.9,0.64,9.5,493357b11c6c0bf2,quality_below_7
white_wine_1963,8.2,0.21,0.48,1.4,0.041,11,99,0.9958,3.17,0.57,9.9,989ec18080730e05,quality_below_7
white_wine_1965,6.8,0.31,0.42,6.9,0.046,50,173,0.9958,3.19,0.46,9,c6e83a03727b5761,quality_below_7
white_wine_1966,6.8,0.27,0.28,13.3,0.076,50,163,0.9979,3.03,0.38,8.6,213b6097311e736d,quality_below_7
white_wine_1967,7.4,0.21,0.3,8.1,0.047,13,114,0.9941,3.12,0.35,10.5,ec105aec4e461b56,quality_below_7
white_wine_1968,8,0.23,0.35,9.2,0.044,53,186,0.997,3.09,0.56,9.5,44f9aa5c94b2a26a,quality_7_plus
white_wine_1969,7.6,0.2,0.31,1.4,0.047,41,142,0.9934,3.43,0.53,10.1,73436878077b1155,quality_below_7
white_wine_1970,6.3,0.41,0.3,3.2,0.03,49,164,0.9927,3.53,0.79,11.7,7e555cf263f9748d,quality_7_plus
white_wine_1971,8.3,0.49,0.43,2.5,0.036,32,116,0.9944,3.23,0.47,10.7,3a58c51b860206bd,quality_below_7
white_wine_1973,7.6,0.2,0.26,4.5,0.086,37,133,0.9963,3.15,0.42,9.2,ca2d688e1f44495a,quality_below_7
white_wine_1974,7.5,0.26,0.26,18.35,0.084,33,139,1.0011,3.17,0.39,8.8,fc98af46b2837777,quality_below_7
white_wine_1976,6.8,0.27,0.35,7.8,0.048,76,197,0.9959,3.24,0.43,9.5,1e63646b946d86cc,quality_below_7
white_wine_1977,6.8,0.28,0.37,7,0.057,35,208,0.9973,3.57,0.55,10.2,47745c55e5ad5109,quality_below_7
white_wine_1978,8.4,0.2,0.27,6.3,0.048,30,143,0.9966,3.25,0.5,9.1,eeabe4456450fd8d,quality_below_7
white_wine_1979,7.9,0.33,0.26,1.2,0.044,23,103,0.9932,3.19,0.54,10.5,f1ef734a1908c463,quality_below_7
white_wine_1980,7.5,0.38,0.5,12.8,0.042,57,184,0.9984,3.09,0.46,9,1f4e0abf18dae773,quality_below_7
white_wine_1981,7.6,0.2,0.3,14.2,0.056,53,212.5,0.999,3.14,0.46,8.9,f7ddd5c335a60f5d,quality_7_plus
white_wine_1986,8.1,0.19,0.58,16.65,0.049,48,181,1.0006,3.2,0.62,9.1,2e475cd4b02e11a4,quality_below_7
white_wine_1987,7.6,0.16,0.41,1.9,0.047,27,151,0.9937,3.2,0.53,10.1,640ebc99b5b9a7f7,quality_below_7
white_wine_1988,8.1,0.22,0.28,7.7,0.043,57,176,0.9954,3.12,0.55,10,fdc9ca2247a6a23e,quality_below_7
white_wine_1989,8,0.22,0.32,10.4,0.043,63,201,0.997,3.11,0.53,9.5,d244b1b530bdf5d4,quality_below_7
white_wine_1990,7.1,0.33,0.3,3.3,0.034,30,102,0.9912,3.08,0.31,12.3,45c787c7fc50b919,quality_7_plus
white_wine_1991,6.4,0.43,0.27,1.1,0.054,5,110,0.9939,3.24,0.52,9.1,d2d97e9767e26977,quality_below_7
white_wine_1993,7,0.12,0.28,6.3,0.057,17,103,0.9957,3.5,0.44,9.6,fa9383f23b107f5b,quality_below_7
white_wine_1994,7.4,0.3,0.22,5.25,0.053,33,180,0.9926,3.13,0.45,11.6,79b72d1e0a81efee,quality_below_7
white_wine_1995,7,0.28,0.33,14.6,0.043,47,168,0.9994,3.34,0.67,8.8,3b78619947f42b47,quality_below_7
white_wine_1996,8.4,0.2,0.38,11.8,0.055,51,170,1.0004,3.34,0.82,8.9,0b2d239a7049c1fc,quality_below_7
white_wine_2000,7.3,0.18,0.31,17.3,0.055,32,197,1.0002,3.13,0.46,9,fc02f4e8d415c863,quality_below_7
white_wine_2001,6.8,0.31,0.09,1.4,0.04,56,145,0.9922,3.19,0.46,10,71fc3c0d0127b481,quality_below_7
white_wine_2002,6.7,0.31,0.08,1.3,0.038,58,147,0.9922,3.18,0.46,10,d2e5f48cd4a9dd07,quality_below_7
white_wine_2003,7.6,0.17,0.35,1.6,0.047,43,154,0.9934,3.36,0.69,11.1,4117acaae12ed27e,quality_below_7
white_wine_2005,7.4,0.26,0.31,2.4,0.043,58,178,0.9941,3.42,0.68,10.6,20dca2afbcdc2553,quality_below_7
white_wine_2008,5.6,0.18,0.31,1.5,0.038,16,84,0.9924,3.34,0.58,10.1,28b61fc920f1c5b2,quality_below_7
white_wine_2009,7.2,0.15,0.39,1.8,0.043,21,159,0.9948,3.52,0.47,10,00905a2452856b91,quality_below_7
white_wine_2010,8,0.4,0.33,7.7,0.034,27,98,0.9935,3.18,0.41,12.2,f46ec0a47cf960af,quality_7_plus
white_wine_2011,7,0.25,0.56,2,0.035,20,95,0.9918,3.23,0.53,11,fd54d0baf387b6d5,quality_below_7
white_wine_2013,6.8,0.18,0.46,1.4,0.064,37,160,0.9924,3.37,0.45,11.1,83cba9022d97cd04,quality_below_7
white_wine_2014,6.6,0.32,0.22,16.7,0.046,38,133,0.9979,3.22,0.67,10.4,7a59c1f4d5273083,quality_below_7
white_wine_2015,9,0.55,0.3,8.1,0.026,14,71,0.993,2.94,0.36,11.8,e4c5effbf879f312,quality_below_7
white_wine_2016,6.9,0.19,0.39,8,0.028,22,84,0.994,3.11,0.66,10.8,fb6c86bd74f86603,quality_below_7
white_wine_2017,6.3,0.41,0.33,4.7,0.023,28,110,0.991,3.3,0.38,12.5,543f16cbe217304b,quality_7_plus
white_wine_2019,7,0.2,0.34,2.1,0.049,12,136,0.9922,3.25,0.46,11.6,8630c48ff5903afe,quality_7_plus
white_wine_2021,7.7,0.26,0.34,6.4,0.05,36,163,0.9937,3.19,0.7,11.5,647dd255316d39ab,quality_below_7
white_wine_2022,6.3,0.21,0.28,1.5,0.051,46,142,0.9928,3.23,0.42,10.1,31aae955a379f5a2,quality_below_7
white_wine_2023,7.6,0.34,0.39,7.6,0.04,45,215,0.9965,3.11,0.53,9.2,5fff89790b120aca,quality_below_7
white_wine_2025,8,0.43,0.4,12.4,0.168,29,190,0.9991,3.07,0.64,9.2,847da58436f4c7ef,quality_below_7
white_wine_2026,7.5,0.3,0.71,1.3,0.16,44,149,0.9948,3.08,0.42,8.9,a878bb4ae9200693,quality_below_7
white_wine_2027,6.4,0.26,0.4,1.7,0.179,5,60,0.9925,3.09,0.54,10.1,d416fb5363683f57,quality_below_7
white_wine_2028,6.9,0.32,0.15,8.1,0.046,51,180,0.9958,3.13,0.45,8.9,3fe364b8ff179677,quality_below_7
white_wine_2029,8.9,0.21,0.34,7.1,0.037,33,150,0.9962,3.1,0.45,9.7,6243f96bfca98487,quality_below_7
white_wine_2031,9.5,0.42,0.41,2.3,0.034,22,145,0.9951,3.06,0.52,11,7e3ab9ebbff01392,quality_below_7
white_wine_2032,7.6,0.29,0.26,6.5,0.042,32,160,0.9944,3.14,0.47,10.7,b80e446f74f7ed84,quality_below_7
white_wine_2033,6.5,0.25,0.2,1.4,0.024,29,101,0.9916,3.24,0.54,10.8,c4c4cb7d0e79d143,quality_below_7
white_wine_2034,7.2,0.23,0.33,12.7,0.049,50,183,0.9987,3.41,0.4,9.8,da8660e810cdf615,quality_below_7
white_wine_2035,7.9,0.35,0.36,1.6,0.038,11,124,0.9928,3.25,0.48,11,8e25451b22f4a42c,quality_below_7
white_wine_2036,8.8,0.2,0.28,1.1,0.018,18,72,0.9926,2.97,0.35,10.4,3be765765cdc7b64,quality_below_7
white_wine_2037,5.7,0.27,0.32,1.2,0.046,20,155,0.9934,3.8,0.41,10.2,b07f279ae9a14625,quality_below_7
white_wine_2039,5.5,0.14,0.27,4.6,0.029,22,104,0.9949,3.34,0.44,9,593888e69e12c0c9,quality_below_7
white_wine_2040,8.7,0.24,0.35,0.6,0.042,11,71,0.9926,3.08,0.38,10.6,8dfcda90bb9a0e42,quality_below_7
white_wine_2041,6.7,0.3,0.45,10.6,0.032,56,212,0.997,3.22,0.59,9.5,dd230b28da0a8dd6,quality_below_7
white_wine_2043,5.6,0.13,0.27,4.8,0.028,22,104,0.9948,3.34,0.45,9.2,a2c459a603d43b87,quality_below_7
white_wine_2044,7.4,0.18,0.34,2.7,0.03,30,107,0.992,2.97,0.53,11,d721da68db5b6975,quality_below_7
white_wine_2045,5.7,0.385,0.04,12.6,0.034,22,115,0.9964,3.28,0.63,9.9,fba24f3e35c970e9,quality_below_7
white_wine_2047,8.3,0.33,0.43,9.2,0.046,22,126,0.9982,3.38,0.47,9.3,8b498d504a2fad1c,quality_below_7
white_wine_2048,6.8,0.34,0.44,6.6,0.052,28,156,0.9955,3.14,0.41,9.6,e6de07d6708c367b,quality_below_7
white_wine_2049,6.8,0.33,0.44,7,0.05,29,155,0.9955,3.14,0.42,9.5,4ae1608d00568f7d,quality_below_7
white_wine_2050,6.3,0.28,0.24,8.45,0.031,32,172,0.9958,3.39,0.57,9.7,d9e23557d9993d0b,quality_7_plus
white_wine_2051,11.8,0.23,0.38,11.1,0.034,15,123,0.9997,2.93,0.55,9.7,c6ce7f5d611a7674,quality_below_7
white_wine_2052,6.8,0.21,0.27,18.15,0.042,41,146,1.0001,3.3,0.36,8.7,fb647f5bcc11cdba,quality_below_7
white_wine_2054,8.6,0.485,0.29,4.1,0.026,19,101,0.9918,3.01,0.38,12.4,d3920ab1ee7cbaff,quality_below_7
white_wine_2056,7.3,0.29,0.29,4.6,0.029,27,155,0.9931,3.07,0.26,10.6,35618cbd5520d0db,quality_below_7
white_wine_2058,6.7,0.31,0.31,4.9,0.031,20,151,0.9926,3.36,0.82,12,d3e6c4501141df89,quality_7_plus
white_wine_2059,7.3,0.29,0.37,8.3,0.044,45,227,0.9966,3.12,0.47,9,e25cfeea712ffb47,quality_below_7
white_wine_2060,5.7,0.46,0.46,1.4,0.04,31,169,0.9932,3.13,0.47,8.8,39d3bc913a8765ef,quality_below_7
white_wine_2061,6.8,0.28,0.44,11.5,0.04,58,223,0.9969,3.22,0.56,9.5,a1b95be47accfa7c,quality_below_7
white_wine_2062,6.7,0.23,0.33,1.8,0.036,23,96,0.9925,3.32,0.4,10.8,3217bfc4a9ecce10,quality_below_7
white_wine_2063,6.9,0.17,0.25,1.6,0.047,34,132,0.9914,3.16,0.48,11.4,748fac83be41c098,quality_below_7
white_wine_2064,7.6,0.18,0.36,2.4,0.049,38,123,0.996,3.6,0.46,10.3,505aec8f55c8973e,quality_below_7
white_wine_2065,6.6,0.22,0.28,4.9,0.042,51,180,0.9952,3.3,0.75,9.5,9cc3491e28061d9f,quality_below_7
white_wine_2066,7.8,0.27,0.28,1.8,0.05,21,127,0.9934,3.15,0.44,9.9,250ec6c61bae14c5,quality_below_7
white_wine_2067,7.7,0.28,0.29,4.3,0.051,25,142,0.9939,3.16,0.39,10.2,a8b3925f2ca54f07,quality_below_7
white_wine_2068,7.6,0.29,0.29,4.4,0.051,26,146,0.9939,3.16,0.39,10.2,9ad2ffc266a542bd,quality_below_7
white_wine_2069,5.7,0.32,0.18,1.4,0.029,26,104,0.9906,3.44,0.37,11,db5d29ed92fdfda7,quality_below_7
white_wine_2070,7.1,0.33,0.25,1.6,0.03,25,126,0.9901,3.22,0.34,12.1,9c744c3d6221ad25,quality_7_plus
white_wine_2071,7.3,0.34,0.3,1.3,0.057,25,173,0.9948,3.26,0.51,9.1,c10b9d80b7607b12,quality_below_7
white_wine_2072,6.5,0.19,0.26,5.2,0.04,31,140,0.995,3.26,0.68,9.5,623e80733351f056,quality_below_7
white_wine_2073,6.6,0.23,0.27,5.6,0.043,43,164,0.9953,3.27,0.76,9.5,d104bb61d62b3611,quality_below_7
white_wine_2074,6.6,0.27,0.29,5.3,0.045,57,189,0.9953,3.31,0.79,9.8,994671c5a0c3d033,quality_below_7
white_wine_2077,6.8,0.36,0.32,1.6,0.039,10,124,0.9948,3.3,0.67,9.6,0d39eeaea1e952f3,quality_below_7
white_wine_2078,7,0.22,0.39,2.1,0.055,39,198,0.9951,3.52,0.54,10.2,2b3a3bcd6eb517f6,quality_below_7
white_wine_2079,5.9,0.17,0.3,1.4,0.042,25,119,0.9931,3.68,0.72,10.5,de68182d9df3b5bd,quality_below_7
white_wine_2080,7.4,0.45,0.32,7.1,0.044,17,117,0.9962,3.32,0.41,10.4,ed6a094bf35aa15a,quality_below_7
white_wine_2082,7.5,0.42,0.14,10.7,0.046,18,95,0.9959,3.22,0.33,10.7,c3cac092add0c36f,quality_below_7
white_wine_2083,7.5,0.33,0.32,11.1,0.036,25,119,0.9962,3.15,0.34,10.5,de1a3662f3a0e735,quality_below_7
white_wine_2084,9.4,0.3,0.32,10.7,0.029,14,111,0.9958,2.85,0.42,10.6,d021b255e399ee26,quality_below_7
white_wine_2085,7.9,0.17,0.32,1.6,0.053,47,150,0.9948,3.29,0.76,9.6,1f3b507abf9a7028,quality_below_7
white_wine_2087,8.2,0.17,0.32,1.5,0.05,17,101,0.994,3.14,0.58,9.5,931200c692e7644c,quality_below_7
white_wine_2088,8.3,0.17,0.31,1.5,0.049,48,153,0.9942,3.12,0.58,9.4,592eddab43392f42,quality_below_7
white_wine_2089,8.7,0.15,0.3,1.6,0.046,29,130,0.9942,3.22,0.38,9.8,2b37ba5b2fd0316f,quality_below_7
white_wine_2091,7.2,0.25,0.19,8,0.044,51,172,0.9964,3.16,0.44,9.2,7e0abf55e4acbfa9,quality_below_7
white_wine_2092,7.2,0.24,0.19,7.7,0.045,53,176,0.9958,3.17,0.38,9.5,18d78696920b02e4,quality_below_7
white_wine_2093,5.3,0.76,0.03,2.7,0.043,27,93,0.9932,3.34,0.38,9.2,231885260407dcd2,quality_below_7
white_wine_2094,6.6,0.22,0.53,15.1,0.052,22,136,0.9986,2.94,0.35,9.4,1e738a467b85dc7d,quality_below_7
white_wine_2096,8.4,0.28,0.4,8.9,0.048,33,146,0.9988,3.4,0.46,9.3,b3c5ee9558c47526,quality_below_7
white_wine_2097,6.8,0.32,0.34,6,0.05,5,129,0.9953,3.19,0.4,9.1,0cf8417493238c8b,quality_below_7
white_wine_2098,6.7,0.24,0.33,12.3,0.046,31,145,0.9983,3.36,0.4,9.5,1d4ed0d36fb83e36,quality_below_7
white_wine_2099,7.4,0.18,0.36,13.1,0.056,72,163,1,3.42,0.35,9.1,39c49d25db3934f9,quality_below_7
white_wine_2100,6,0.16,0.3,6.7,0.043,43,153,0.9951,3.63,0.46,10.6,1ea4ae0633c62724,quality_below_7
white_wine_2102,6.8,0.28,0.35,2.3,0.042,16,85,0.9906,3.19,0.56,12.4,4b1eac5331b21f38,quality_below_7
white_wine_2103,6.2,0.34,0.3,11.1,0.047,28,237,0.9981,3.18,0.49,8.7,72d557037ed2db61,quality_below_7
white_wine_2104,6,0.27,0.15,1.5,0.056,35,128,0.9936,3.12,0.45,8.8,ef2e0d07cb832c62,quality_below_7
white_wine_2107,8.5,0.24,0.47,15.2,0.057,40,234,1.0005,3.02,0.66,9,69f175f17d5f32d5,quality_below_7
white_wine_2108,8.1,0.24,0.33,10.2,0.048,46,141,0.9972,3.16,0.48,10.3,4a80b4b50e2276f5,quality_below_7
white_wine_2110,7.7,0.23,0.31,10.7,0.038,59,186,0.9969,3.12,0.55,9.5,94a3b1cf330ebbc4,quality_below_7
white_wine_2111,6.5,0.22,0.25,17.1,0.05,44,138,1.0001,3.3,0.37,8.8,e21ef4b76ad47633,quality_below_7
white_wine_2114,5.7,0.33,0.15,1.9,0.05,20,93,0.9934,3.38,0.62,9.9,782d798c3cd3cc6b,quality_below_7
white_wine_2117,6.8,0.2,0.27,1.2,0.034,19,68,0.9902,3.14,0.37,11.7,6e880a709f5499d5,quality_below_7
white_wine_2118,7.7,0.26,0.32,1.2,0.04,26,117,0.993,3.21,0.56,10.8,d09fddb8ed902f33,quality_below_7
white_wine_2119,6.4,0.2,0.32,3.1,0.041,18,126,0.9914,3.43,0.42,12,f8916d7c5467191d,quality_below_7
white_wine_2120,8,0.16,0.36,1.5,0.033,14,122,0.9941,3.2,0.39,10.3,fd7d0e6bcf4600f3,quality_below_7
white_wine_2121,6.8,0.25,0.27,10.7,0.076,47,154,0.9967,3.05,0.38,9,c679a91d88d33486,quality_below_7
white_wine_2122,7.7,0.39,0.28,4.9,0.035,36,109,0.9918,3.19,0.58,12.2,850995ff63051337,quality_7_plus
white_wine_2123,6.9,0.26,0.33,12.6,0.051,59,173,0.998,3.39,0.38,9.9,394e7f7156e47eb5,quality_below_7
white_wine_2126,6,0.28,0.22,12.15,0.048,42,163,0.9957,3.2,0.46,10.1,c7df38f098b110a6,quality_below_7
white_wine_2127,6.5,0.43,0.28,12,0.056,23,174,0.9986,3.31,0.55,9.3,f20927b6b54428bc,quality_below_7
white_wine_2128,9.1,0.33,0.38,1.7,0.062,50.5,344,0.9958,3.1,0.7,9.5,b2aba71af72c325e,quality_below_7
white_wine_2129,5.9,0.5,0.05,2.6,0.054,36,146,0.9948,3.43,0.5,9.2,1029a1159f235f20,quality_below_7
white_wine_2130,6.8,0.28,0.39,1.4,0.036,15,115,0.9918,3.27,0.72,11.7,b78343ab0f377b71,quality_below_7
white_wine_2131,7,0.35,0.24,1.9,0.04,21,144,0.9923,3.35,0.38,11,2a4a5609474edb85,quality_below_7
white_wine_2132,7.1,0.22,0.32,16.9,0.056,49,158,0.9998,3.37,0.38,9.6,e83922d5993db707,quality_below_7
white_wine_2134,8.3,0.24,0.27,2.1,0.03,22,162,0.9914,2.99,0.68,11.9,3ea36e9c58ce2a71,quality_below_7
white_wine_2135,6.8,0.26,0.32,7,0.041,38,118,0.9939,3.25,0.52,10.8,0e31c0bfce8b8f11,quality_below_7
white_wine_2136,7.2,0.16,0.26,7.1,0.054,41,224,0.9966,3.38,0.55,10.1,3a1cff97eb4a908b,quality_below_7
white_wine_2137,7.9,0.18,0.36,5.9,0.058,31,132,0.995,3.25,0.52,10.9,ffcd0ae0b6c0287a,quality_below_7
white_wine_2139,5.5,0.24,0.32,8.7,0.06,19,102,0.994,3.27,0.31,10.4,a889f39dff54cbc2,quality_below_7
white_wine_2140,7.1,0.33,0.64,13.2,0.056,12,105,0.9972,3.05,0.39,9.2,e7a38d9ac200f5cd,quality_below_7
white_wine_2141,7.7,0.28,0.35,15.3,0.056,31,117,0.9998,3.27,0.5,9.6,6311293755775775,quality_below_7
white_wine_2143,7.5,0.26,0.52,13.2,0.047,64,179,0.9982,3.1,0.46,9,b87edb253be3cb49,quality_below_7
white_wine_2144,6.5,0.14,0.32,2.7,0.037,18,89,0.9924,3.4,0.74,11.5,edf80c3013f61a82,quality_7_plus
white_wine_2145,8.2,0.21,0.32,10.65,0.053,53,145,0.9972,3.17,0.48,10.2,21fd565a41bbefb0,quality_below_7
white_wine_2146,7.2,0.2,0.31,10,0.054,49,165,0.997,3.4,0.42,9.9,f6a9332a91bab3f9,quality_below_7
white_wine_2147,7.2,0.115,0.3,6.8,0.056,26,105,0.9954,3.44,0.4,9.6,d4681003d6507616,quality_below_7
white_wine_2148,6.4,0.29,0.2,15.6,0.04,20,142,0.9962,3.1,0.54,10.6,1635afd85ed21da7,quality_below_7
white_wine_2150,6.8,0.24,0.34,5.1,0.038,31,99,0.9921,3.24,0.46,11.8,eef1fd802b0a7f15,quality_below_7
white_wine_2151,7,0.24,0.34,3,0.035,36,102,0.9905,3.18,0.43,12.2,7fe188ac81d58e80,quality_below_7
white_wine_2153,7,0.22,0.33,2.1,0.052,15,76,0.993,3.2,0.41,10.6,691dc13baac7ac8b,quality_below_7
white_wine_2154,7.5,0.18,0.39,1.9,0.054,23,91,0.9941,3.27,0.45,10.3,6dcc413ff665c0bc,quality_below_7
white_wine_2155,9.8,0.93,0.45,8.6,0.052,34,187,0.9994,3.12,0.59,10.2,a321580d0fb881be,quality_below_7
white_wine_2156,7.8,0.29,0.33,8.75,0.035,33,181,0.9962,3.11,0.46,10.7,240a662b496c3f21,quality_below_7
white_wine_2157,7.9,0.28,0.32,3.6,0.038,9,76,0.992,3.05,0.31,11.7,d8b51be0a2f0b0d1,quality_below_7
white_wine_2158,8.5,0.25,0.27,4.7,0.031,31,92,0.9922,3.01,0.33,12,b961c66953f09e84,quality_below_7
white_wine_2159,7.4,0.18,0.27,1.3,0.048,26,105,0.994,3.52,0.66,10.6,1b855c98d15e670a,quality_below_7
white_wine_2160,6.3,0.24,0.37,1.8,0.031,6,61,0.9897,3.3,0.34,12.2,0f2a7278e275a5f5,quality_below_7
white_wine_2161,6,0.33,0.38,9.7,0.04,29,124,0.9954,3.47,0.48,11,3c8c910cf20fe4de,quality_below_7
white_wine_2162,6.8,0.37,0.28,4,0.03,29,79,0.99,3.23,0.46,12.4,d7e555e10b809a27,quality_7_plus
white_wine_2163,9.9,0.49,0.23,2.4,0.087,19,115,0.9948,2.77,0.44,9.4,bc2890512aa039c6,quality_below_7
white_wine_2165,8.4,0.22,0.28,18.8,0.028,55,130,0.998,2.96,0.35,11.6,755e426d1e756785,quality_below_7
white_wine_2166,7,0.35,0.31,1.8,0.069,15,162,0.9944,3.18,0.47,9.4,87e67e02d05f2e2b,quality_below_7
white_wine_2168,7.4,0.19,0.3,12.8,0.053,48.5,229,0.9986,3.14,0.49,9.1,69adb7534b4d70d4,quality_7_plus
white_wine_2173,6.9,0.32,0.13,7.8,0.042,11,117,0.996,3.23,0.37,9.2,4e21273d064abd08,quality_below_7
white_wine_2174,7.6,0.32,0.58,16.75,0.05,43,163,0.9999,3.15,0.54,9.2,94764216b10d1fe0,quality_below_7
white_wine_2176,7.4,0.19,0.3,12.8,0.053,48.5,212,0.9986,3.14,0.49,9.1,a6f4e9747e2ef1d6,quality_7_plus
white_wine_2178,6,0.34,0.24,5.4,0.06,23,126,0.9951,3.25,0.44,9,3eb9318e60a2dc6e,quality_7_plus
white_wine_2180,7.7,0.24,0.31,1.3,0.047,33,106,0.993,3.22,0.55,10.8,36e884dbaf811e29,quality_below_7
white_wine_2181,8,0.36,0.43,10.1,0.053,29,146,0.9982,3.4,0.46,9.5,656db7928d2fa44a,quality_below_7
white_wine_2182,7.4,0.29,0.25,3.8,0.044,30,114,0.992,3.11,0.4,11,1becfa8723b55e49,quality_below_7
white_wine_2183,6.6,0.32,0.27,10.9,0.041,37,146,0.9963,3.24,0.47,10,32257d82f8c3a935,quality_below_7
white_wine_2184,6.3,0.3,0.24,6.6,0.04,38,141,0.995,3.22,0.47,9.5,1e0f2711b10c03f7,quality_below_7
white_wine_2185,6.4,0.33,0.24,9.8,0.041,29,109,0.9956,3.29,0.47,10.1,adfd63ffcd6f22ad,quality_below_7
white_wine_2186,7.5,0.18,0.31,11.7,0.051,24,94,0.997,3.19,0.44,9.5,04866c4690c41240,quality_7_plus
white_wine_2187,6.5,0.39,0.81,1.2,0.217,14,74,0.9936,3.08,0.53,9.5,c77d128f0d4bd4be,quality_below_7
white_wine_2188,6.8,0.25,0.18,1.4,0.056,13,137,0.9935,3.11,0.42,9.5,77e90a02002109b2,quality_below_7
white_wine_2189,6.4,0.18,0.32,9.6,0.052,24,90,0.9963,3.35,0.49,9.4,f7b78e4c9b261cf6,quality_below_7
white_wine_2190,7.1,0.18,0.32,12.2,0.048,36,125,0.9967,2.92,0.54,9.4,8b50e7c859fcc141,quality_below_7
white_wine_2191,7.6,0.27,0.42,2.6,0.044,29,110,0.9912,3.31,0.51,12.7,9711c70889a78a1e,quality_below_7
white_wine_2192,9.2,0.23,0.35,10.7,0.037,34,145,0.9981,3.09,0.32,9.7,ae5e0f3c0fdc188f,quality_below_7
white_wine_2193,7.9,0.28,0.41,4.9,0.058,31,153,0.9966,3.27,0.51,9.7,5351576a64bc339d,quality_below_7
white_wine_2197,7,0.22,0.26,1.1,0.037,20,71,0.9902,3.1,0.38,11.7,879ff19662f42176,quality_below_7
white_wine_2198,7.3,0.18,0.29,1,0.036,26,101,0.99,3.09,0.37,11.7,d0602e0c2a4b4205,quality_below_7
white_wine_2199,7.1,0.26,0.19,8.2,0.051,53,187,0.996,3.16,0.52,9.7,bf51d94e38f9f914,quality_below_7
white_wine_2200,6.6,0.25,0.42,11.3,0.049,77,231,0.9966,3.24,0.52,9.5,ab507ef74ccaf353,quality_below_7
white_wine_2201,6.4,0.24,0.23,7.3,0.069,31,157,0.9962,3.25,0.53,9.1,6c1e6854dcdb7e09,quality_below_7
white_wine_2202,6,0.28,0.27,2.3,0.051,23,147,0.994,3.23,0.67,10.3,c226c869ab5bd664,quality_below_7
white_wine_2204,7.8,0.24,0.38,2.1,0.058,14,167,0.994,3.21,0.55,9.9,8b2f81ca02814b4a,quality_below_7
white_wine_2205,7.6,0.27,0.33,2,0.059,19,175,0.9944,3.22,0.56,9.9,7c94a0937a0bca8e,quality_below_7
white_wine_2206,7.7,0.39,0.34,10,0.056,35,178,0.9974,3.26,0.6,10.2,245b55fec96847bd,quality_below_7
white_wine_2207,8.9,0.24,0.33,15.75,0.035,16,132,0.996,3,0.37,12.1,dde91bd69ba7a562,quality_below_7
white_wine_2208,6.6,0.23,0.24,3.9,0.045,36,138,0.9922,3.15,0.64,11.3,0a86e0c02f820f91,quality_7_plus
white_wine_2209,7.1,0.26,0.3,2,0.031,13,128,0.9917,3.19,0.49,11.4,4aa89295f2da2d52,quality_below_7
white_wine_2210,7,0.32,0.35,1.5,0.039,24,125,0.9918,3.17,0.64,12.2,d00f7c9e905ef53c,quality_below_7
white_wine_2211,7.4,0.24,0.26,1.6,0.058,53,150,0.9936,3.18,0.5,9.9,0be62a5cb79687c9,quality_7_plus
white_wine_2212,6.9,0.21,0.33,1.4,0.056,35,136,0.9938,3.63,0.78,10.3,57db59769d08406d,quality_below_7
white_wine_2214,7.4,0.17,0.29,1.4,0.047,23,107,0.9939,3.52,0.65,10.4,58736d0a13bfa922,quality_below_7
white_wine_2216,8.5,0.28,0.34,13.8,0.041,32,161,0.9981,3.13,0.4,9.9,2bfcc36504919547,quality_below_7
white_wine_2217,7.8,0.3,0.37,1.3,0.051,16,96,0.9941,3.32,0.62,10,a1f5968ee7d43ec6,quality_below_7
white_wine_2218,8.1,0.25,0.38,3.8,0.051,18,129,0.9928,3.21,0.38,11.5,cbb4d13d3cf6ac71,quality_below_7
white_wine_2219,7.7,0.28,0.29,6.9,0.041,29,163,0.9952,3.44,0.6,10.5,255c49ec6b6645db,quality_below_7
white_wine_2220,6.5,0.24,0.36,2.2,0.027,36,134,0.9898,3.28,0.36,12.5,5cb6ea089b71e853,quality_7_plus
white_wine_2221,7,0.22,0.32,1.6,0.045,40,120,0.9914,2.98,0.44,10.5,132618ea4d80aeb4,quality_below_7
white_wine_2223,8,0.45,0.28,10.8,0.051,25,157,0.9957,3.06,0.47,11.4,8f2cab0bf42506ed,quality_7_plus
white_wine_2224,6.9,0.23,0.33,12.8,0.056,44,169,0.998,3.42,0.42,9.8,5d61104512b90018,quality_below_7
white_wine_2226,7.6,0.23,0.26,15.3,0.067,32,166,0.9986,3.03,0.44,9.2,cec1e1722b13db6f,quality_below_7
white_wine_2227,7.7,0.28,0.58,12.1,0.046,60,177,0.9983,3.08,0.46,8.9,7a9c18c4bb9065a9,quality_below_7
white_wine_2228,7.7,0.27,0.61,12,0.046,64,179,0.9982,3.07,0.46,8.9,1abc5cff4014dcf4,quality_below_7
white_wine_2229,7.1,0.2,0.36,11.6,0.042,45,124,0.997,2.92,0.59,9.5,ef9433410a829f1f,quality_7_plus
white_wine_2230,6.9,0.25,0.35,9.2,0.034,42,150,0.9947,3.21,0.36,11.5,8d19f1f8efe53ba7,quality_below_7
white_wine_2233,8.4,0.2,0.31,2.8,0.054,16,89,0.99416,2.96,0.45,9.5,1ed525a59e83b459,quality_below_7
white_wine_2234,6.5,0.39,0.35,1.6,0.049,10,164,0.99516,3.35,0.51,9.7,aac6b1ce895eb575,quality_below_7
white_wine_2235,7.2,0.23,0.38,6.1,0.067,20,90,0.99496,3.17,0.79,9.7,3173384a93766400,quality_below_7
white_wine_2236,6.9,0.44,0.42,8.5,0.048,10,147,0.9974,3.32,0.46,9.5,2f62d57f1394480a,quality_below_7
white_wine_2237,7.1,0.28,0.19,7.8,0.04,48,184,0.99579,3.16,0.5,9.4,70ed20f992c3e9ca,quality_below_7
white_wine_2238,6.4,0.34,0.2,14.9,0.06,37,162,0.9983,3.13,0.45,9,e235a96229c65fde,quality_below_7
white_wine_2239,6.1,0.15,0.29,6.2,0.046,39,151,0.99471,3.6,0.44,10.6,fb3a96776ac59dbe,quality_below_7
white_wine_2241,7.2,0.29,0.18,8.2,0.042,41,180,0.99644,3.16,0.49,9.1,d56f214edf86102f,quality_below_7
white_wine_2243,6.1,0.23,0.45,10.6,0.094,49,169,0.99699,3.05,0.54,8.8,46a2661b6cefdc24,quality_below_7
white_wine_2244,6.7,0.23,0.42,11.2,0.047,52,171,0.99758,3.54,0.74,10.4,f44e4b940814b706,quality_below_7
white_wine_2245,7,0.36,0.14,11.6,0.043,35,228,0.9977,3.13,0.51,8.9,b3eadaf3bccc1fb2,quality_below_7
white_wine_2246,7.5,0.31,0.24,7.1,0.031,28,141,0.99397,3.16,0.38,10.6,5f54f0c9f2806c69,quality_7_plus
white_wine_2249,7.4,0.2,0.29,1.7,0.047,16,100,0.99243,3.28,0.45,10.6,8768e3757f0adf8c,quality_below_7
white_wine_2250,6.3,0.27,0.18,7.7,0.048,45,186,0.9962,3.23,0.47,9,09e200836445c22a,quality_below_7
white_wine_2251,9.2,0.34,0.54,17.3,0.06,46,235,1.00182,3.08,0.61,8.8,23fc95420a09fc1b,quality_below_7
white_wine_2252,7.4,0.18,0.29,1.4,0.042,34,101,0.99384,3.54,0.6,10.5,0b0195e52ec8e2aa,quality_7_plus
white_wine_2253,7.2,0.29,0.2,7.7,0.046,51,174,0.99582,3.16,0.52,9.5,10c6726c4b554552,quality_below_7
white_wine_2255,6.2,0.26,0.19,3.4,0.049,47,172,0.9924,3.14,0.43,10.4,f1e4c61b88872b42,quality_below_7
white_wine_2256,7.3,0.21,0.21,1.6,0.046,35,133,0.99466,3.38,0.46,10,4d1033f2b31864c2,quality_below_7
white_wine_2257,7.1,0.14,0.35,1.4,0.039,24,128,0.99212,2.97,0.68,10.4,6f860d56950e43e6,quality_below_7
white_wine_2258,7.2,0.39,0.54,1.4,0.157,34,132,0.99449,3.11,0.53,9,d97b813ad06053ad,quality_below_7
white_wine_2259,7.6,0.48,0.28,10.4,0.049,57,205,0.99748,3.24,0.45,9.3,f233f9ff0b02eb61,quality_below_7
white_wine_2262,6.5,0.36,0.31,4.1,0.061,20,134,0.99475,3.18,0.45,9,1aea705fe90ddd1b,quality_below_7
white_wine_2263,8.5,0.25,0.31,2.8,0.032,11,61,0.99189,3.06,0.44,11.5,6ef8326d9e833b5e,quality_below_7
white_wine_2264,6.9,0.3,0.21,15.7,0.056,49,159,0.99827,3.11,0.48,9,e55cc54e5436e1cd,quality_below_7
white_wine_2265,6.6,0.19,0.43,10.9,0.045,53,154,0.99752,3.52,0.77,10.4,ebd194f07b7d8f10,quality_below_7
white_wine_2267,9.4,0.42,0.32,6.5,0.027,20,167,0.99479,3.08,0.43,10.6,a99c06f4871ba183,quality_below_7
white_wine_2269,6.3,0.2,0.3,5.9,0.034,35,152,0.99642,3.47,0.4,8.5,2db50ca35a8bc177,quality_below_7
white_wine_2270,8.5,0.19,0.56,17.3,0.055,47,169,1.00047,3.07,0.67,9.3,247900f64ba1c0b8,quality_below_7
white_wine_2271,7.3,0.19,0.25,1.4,0.051,41,107,0.99382,3.53,0.66,10.5,61b1207ea8537c76,quality_7_plus
white_wine_2272,6.7,0.25,0.26,13.5,0.06,50,156,0.99784,3.39,0.46,9.9,4473c81c0d171628,quality_below_7
white_wine_2273,6.2,0.25,0.28,8.5,0.035,28,108,0.99486,3.4,0.42,10.4,98a14c1b0fe4a62a,quality_below_7
white_wine_2274,6.1,0.46,0.32,6.2,0.053,10,94,0.99537,3.35,0.47,10.1,6fd007ca367edc0a,quality_below_7
white_wine_2276,7.5,0.29,0.26,14.95,0.067,47,178,0.99838,3.04,0.49,9.2,9548bb413aee8ccb,quality_below_7
white_wine_2277,6.7,0.31,0.18,7.7,0.043,57,200,0.99566,3.17,0.44,9.4,8a9c2b5a0ff304c9,quality_below_7
white_wine_2278,7.4,0.14,0.3,1.3,0.033,25,91,0.99268,3.53,0.39,10.6,85e104242eed6261,quality_below_7
white_wine_2280,7.1,0.4,0.52,1.3,0.148,45,149,0.99468,3.08,0.56,8.7,d10e53b0ef4635fd,quality_below_7
white_wine_2281,6.4,0.16,0.25,1.3,0.047,20,77,0.9933,3.61,0.54,10.2,166fddd7fdcd7c0d,quality_below_7
white_wine_2282,6.3,0.16,0.22,1.3,0.046,18,66,0.99307,3.61,0.55,10.3,644b751dcc25bc1e,quality_below_7
white_wine_2283,7.4,0.33,0.26,15.6,0.049,67,210,0.99907,3.06,0.68,9.5,00c3299a38773472,quality_below_7
white_wine_2287,6.6,0.41,0.24,4.9,0.158,47,144,0.99471,3.17,0.49,9.4,96343a26180fd324,quality_below_7
white_wine_2288,6.7,0.43,0.23,5,0.157,49,145,0.99471,3.17,0.49,9.4,7833d21997ac3c56,quality_below_7
white_wine_2290,7.3,0.4,0.28,6.5,0.037,26,97,0.99148,3.16,0.58,12.6,d6e224859a13afd4,quality_7_plus
white_wine_2291,7.4,0.18,0.24,1.4,0.047,21,106,0.99383,3.52,0.64,10.5,5cf5ffbaa9e3e6a7,quality_7_plus
white_wine_2292,8.6,0.17,0.28,2.7,0.047,38,150,0.99365,3.1,0.56,10.8,74adfd72ac4ea93c,quality_below_7
white_wine_2293,6.5,0.32,0.23,1.2,0.054,39,208,0.99272,3.18,0.46,9.9,79726b204e31c1b1,quality_below_7
white_wine_2295,7,0.32,0.31,6.4,0.031,38,115,0.99235,3.38,0.58,12.2,f9fb17da454badbb,quality_7_plus
white_wine_2296,7.5,0.42,0.19,6.9,0.041,62,150,0.99508,3.23,0.37,10,d2d367886ad80bc2,quality_below_7
white_wine_2297,6.9,0.28,0.31,7.2,0.04,47,168,0.9946,3.29,0.57,10.6,b8666e5ca67ba355,quality_7_plus
white_wine_2298,6.5,0.29,0.42,10.6,0.042,66,202,0.99674,3.24,0.53,9.5,8dc7131e5579b31d,quality_below_7
white_wine_2299,6.3,0.41,0.18,3.5,0.027,23,109,0.99018,3.34,0.54,12.8,624c457746f70ec8,quality_7_plus
white_wine_2301,7.3,0.3,0.33,2.3,0.043,28,125,0.99084,3.34,0.44,12.6,f22c576e5249779a,quality_7_plus
white_wine_2302,6.6,0.22,0.28,12.05,0.058,25,125,0.99856,3.45,0.45,9.4,81d005e42eb5ac57,quality_below_7
white_wine_2303,6,0.26,0.18,7,0.055,50,194,0.99591,3.21,0.43,9,28b7c1004e55801a,quality_below_7
white_wine_2304,6.9,0.44,0.18,11.8,0.051,26,126,0.9975,3.23,0.48,9.1,8b0b7b8546e17c2b,quality_below_7
white_wine_2305,7.5,0.42,0.2,1.4,0.06,15,168,0.9944,3.06,0.4,9.4,f6a1e5ed1da18934,quality_below_7
white_wine_2306,7,0.36,0.3,5,0.04,40,143,0.99173,3.33,0.42,12.2,e0ade8d4b359ede4,quality_7_plus
white_wine_2307,5.6,0.295,0.2,2.2,0.049,18,134,0.99378,3.21,0.68,10,54d05b741337c273,quality_below_7
white_wine_2308,6.8,0.21,0.55,14.6,0.053,34,159,0.99805,2.93,0.44,9.2,171065c88e720611,quality_below_7
white_wine_2309,9.4,0.28,0.3,1.6,0.045,36,139,0.99534,3.11,0.49,9.3,bc4680c41532a8c9,quality_below_7
white_wine_2310,8.1,0.28,0.34,1.3,0.035,11,126,0.99232,3.14,0.5,9.8,9782e8916d2c83e3,quality_below_7
white_wine_2312,7,0.22,0.26,2.8,0.036,44,132,0.99078,3.34,0.41,12,4e6c3446f363b1a7,quality_7_plus
white_wine_2314,6.8,0.32,0.3,3.3,0.029,15,80,0.99061,3.33,0.63,12.6,4514e5641af88cda,quality_7_plus
white_wine_2315,7,0.19,0.33,6.3,0.032,42,127,0.99182,3.31,0.38,12.2,924290dc4dba948f,quality_below_7
white_wine_2316,7.7,0.42,0.38,8.1,0.061,49,144,0.9966,3.4,0.58,11,c20f797e16d38add,quality_below_7
white_wine_2317,7.4,0.2,0.31,1.6,0.038,34,116,0.9912,3.25,0.39,12,323ed49c8f25cacb,quality_7_plus
white_wine_2318,7.5,0.24,0.62,10.6,0.045,51,153,0.99779,3.16,0.44,8.8,65321324a387dcb9,quality_below_7
white_wine_2319,7.5,0.26,0.59,11.8,0.046,58,164,0.99814,3.17,0.46,8.9,3501f056f872f2bc,quality_below_7
white_wine_2320,6.6,0.4,0.32,1.7,0.035,39,84,0.99096,3.59,0.48,12.7,cda48e995471dbe5,quality_7_plus
white_wine_2321,8,0.2,0.3,8.1,0.037,42,130,0.99379,3.1,0.67,11.8,6136aa858dd4ec4b,quality_below_7
white_wine_2322,4.6,0.445,0,1.4,0.053,11,178,0.99426,3.79,0.55,10.2,1af81dc3394bbea8,quality_below_7
white_wine_2323,6.1,0.41,0.04,1.3,0.036,23,121,0.99228,3.24,0.61,9.9,c9f911d2b6bb98ee,quality_below_7
white_wine_2324,7.6,0.2,0.34,1.8,0.041,42,148,0.99335,3.35,0.66,11.1,c550ad2ed3294f4b,quality_below_7
white_wine_2325,6.9,0.3,0.21,7.2,0.045,54,190,0.99595,3.22,0.48,9.4,c8f3dfea39d58a20,quality_below_7
white_wine_2326,7,0.35,0.17,1.1,0.049,7,119,0.99297,3.13,0.36,9.7,94643adf99e54622,quality_below_7
white_wine_2327,6.9,0.35,0.55,11.95,0.038,22,111,0.99687,3.11,0.29,9.7,e905f6b1f94b8793,quality_below_7
white_wine_2330,7.6,0.3,0.4,2.2,0.054,29,175,0.99445,3.19,0.53,9.8,b2d9467be39fd1f1,quality_below_7
white_wine_2331,7.5,0.38,0.29,12.7,0.05,25,209,0.9986,3.25,0.59,9.3,316e30e8eb512fcd,quality_below_7
white_wine_2332,7.5,0.3,0.32,1.4,0.032,31,161,0.99154,2.95,0.42,10.5,627b47d8de905db7,quality_below_7
white_wine_2333,6.3,0.4,0.32,10.6,0.049,38,209,0.9981,3.47,0.59,9.3,f9be62d7c0ea3f7d,quality_below_7
white_wine_2334,6.8,0.37,0.28,1.9,0.024,64,106,0.98993,3.45,0.6,12.6,2d2c03f0be5c87c9,quality_7_plus
white_wine_2335,7.5,0.23,0.35,17.8,0.058,128,212,1.00241,3.44,0.43,8.9,81278cf5daf37324,quality_below_7
white_wine_2336,8.3,0.27,0.34,10.2,0.048,50,118,0.99716,3.18,0.51,10.3,7e635f2ea398c363,quality_below_7
white_wine_2337,6.8,0.26,0.22,4.8,0.041,110,198,0.99437,3.29,0.67,10.6,98ae2942a0dde7ed,quality_below_7
white_wine_2338,6.5,0.28,0.35,9.8,0.067,61,180,0.9972,3.15,0.57,9,723740df413cd920,quality_below_7
white_wine_2339,7.2,0.34,0.3,8.4,0.051,40,167,0.99756,3.48,0.62,9.7,869b08dd336a1a0e,quality_below_7
white_wine_2340,7,0.23,0.26,7.2,0.041,21,90,0.99509,3.22,0.55,9.5,68f8ee8ad4d005bc,quality_below_7
white_wine_2341,7.7,0.29,0.29,4.8,0.06,27,156,0.99572,3.49,0.59,10.3,45d1095ab8dea2dc,quality_below_7
white_wine_2343,7.7,0.4,0.27,4.5,0.034,27,95,0.99175,3.21,0.59,12.3,d6524155b20a6d33,quality_7_plus
white_wine_2344,6.7,0.17,0.27,1.4,0.032,39,149,0.99254,3.4,0.52,10.5,4e4330bcc2e91037,quality_below_7
white_wine_2346,8.1,0.24,0.26,11,0.043,41,211,0.99676,3.11,0.49,10,9da9f440e4085004,quality_below_7
white_wine_2347,7.7,0.28,0.63,11.1,0.039,58,179,0.9979,3.08,0.44,8.8,9fe03dbf23bf3e96,quality_below_7
white_wine_2348,7.5,0.23,0.29,2.6,0.031,24,98,0.99194,3,0.54,10.9,a6a9ff908fce01b5,quality_below_7
white_wine_2349,8.3,0.26,0.31,2,0.029,14,141,0.99077,2.95,0.77,12.2,22d6c9f1f68a1cc7,quality_below_7
white_wine_2350,7.9,0.46,0.4,10.1,0.168,19,184,0.99782,3.06,0.62,9.5,280c1b63d75b1c2f,quality_below_7
white_wine_2351,7.9,0.31,0.22,13.3,0.048,46,212,0.99942,3.47,0.59,10,8a22a1fcc800fd0a,quality_below_7
white_wine_2352,7.9,0.25,0.34,11.4,0.04,53,202,0.99708,3.11,0.57,9.6,559e3e06309f25c8,quality_below_7
white_wine_2353,6.1,0.28,0.16,1.3,0.06,36,126,0.99353,3.13,0.46,8.7,0deed0835b97ba8f,quality_below_7
white_wine_2354,7,0.18,0.26,1.4,0.044,46,89,0.99256,3.39,0.48,10.7,08584fd386de2317,quality_7_plus
white_wine_2355,6.5,0.21,0.28,1.4,0.046,26,66,0.99199,3.43,0.48,11.1,b57e342cf9140e59,quality_below_7
white_wine_2356,7.6,0.48,0.33,7,0.024,14,130,0.9918,3.25,0.45,12.5,10bb959ad538b0ed,quality_7_plus
white_wine_2357,7.1,0.34,0.32,2,0.051,29,130,0.99354,3.3,0.5,10.4,ae1b3078ad03c99b,quality_below_7
white_wine_2358,8.9,0.21,0.37,1.2,0.028,20,93,0.99244,3.2,0.37,11.5,f1926d689676c593,quality_below_7
white_wine_2359,7.4,0.32,0.27,12.9,0.04,60,221,0.99831,3.05,0.66,9.4,dccf65007ff28c3a,quality_below_7
white_wine_2360,6,0.495,0.27,5,0.157,17,129,0.99396,3.03,0.36,9.3,bec8695c60f92b99,quality_below_7
white_wine_2361,8.1,0.25,0.34,10.1,0.05,30,121,0.99724,3.17,0.49,10.1,03c64ee63677fb8b,quality_below_7
white_wine_2362,8.2,0.25,0.46,3.75,0.05,14,102,0.99524,3.28,0.58,9.7,56f83741ca443251,quality_below_7
white_wine_2363,6.5,0.18,0.29,1.7,0.035,39,144,0.9927,3.49,0.5,10.5,937aac66766aa68a,quality_below_7
white_wine_2364,6.7,0.24,0.26,12.6,0.053,44,182,0.99802,3.42,0.42,9.7,0be07c1a396b2c0b,quality_below_7
white_wine_2365,6.6,0.32,0.24,1.3,0.06,42.5,204,0.99512,3.59,0.51,9.2,18adbf675b72a90a,quality_below_7
white_wine_2366,7.6,0.32,0.35,1.6,0.092,24,138,0.99438,3.19,0.44,9.8,c4696c1e1f10420e,quality_below_7
white_wine_2367,7.4,0.33,0.44,7.6,0.05,40,227,0.99679,3.12,0.52,9,38f71c965eb967f3,quality_below_7
white_wine_2368,7.2,0.3,0.3,8.1,0.05,40,188,0.99652,3.15,0.49,9.1,e8e370e5b6ce1d5d,quality_below_7
white_wine_2369,7.4,0.34,0.3,14.9,0.037,70,169,0.99698,3.25,0.37,10.4,1d0c3b7361572361,quality_below_7
white_wine_2370,6.1,0.16,0.29,6,0.03,29,144,0.99474,3.68,0.46,10.7,8cfd77548ab2695e,quality_below_7
white_wine_2371,6.3,0.1,0.24,6,0.039,25,107,0.99511,3.59,0.49,10.5,cd8cca717ae82818,quality_7_plus
white_wine_2372,6.2,0.45,0.73,7.2,0.099,47,202,0.99582,3.21,0.43,9.2,cfb249421b697266,quality_below_7
white_wine_2373,6,0.33,0.18,3,0.036,5,85,0.99125,3.28,0.4,11.5,21da15e760dc20a7,quality_below_7
white_wine_2374,7.6,0.48,0.37,1.2,0.034,5,57,0.99256,3.05,0.54,10.4,7d5e962dcb1d655f,quality_below_7
white_wine_2375,7.2,0.2,0.3,2,0.039,43,188,0.9911,3.3,0.41,12,634346aa1e3456cd,quality_below_7
white_wine_2376,7,0.32,0.29,4.9,0.036,41,150,0.99168,3.38,0.43,12.2,936be90d87965125,quality_below_7
white_wine_2378,7,0.22,0.29,8.9,0.05,24,90,0.99556,3.29,0.46,9.8,463197198a0cd8bd,quality_below_7
white_wine_2379,9.4,0.23,0.56,16.45,0.063,52.5,282,1.00098,3.1,0.51,9.3,4deb7e4d7c0bbbd6,quality_below_7
white_wine_2380,6.4,0.27,0.19,2,0.084,21,191,0.99516,3.49,0.63,9.6,41a76b784024eb8c,quality_below_7
white_wine_2381,6.4,0.27,0.19,1.9,0.085,21,196,0.99516,3.49,0.64,9.5,75d48a0f06123279,quality_below_7
white_wine_2382,7,0.23,0.42,5.1,0.042,37,144,0.99518,3.5,0.59,10.2,deb44c8fd0b802b6,quality_below_7
white_wine_2383,6.9,0.15,0.28,4.4,0.029,14,107,0.99347,3.24,0.46,10.4,f6b1abcbedce17d9,quality_7_plus
white_wine_2384,6.7,0.26,0.29,5.8,0.025,26,74,0.9929,3.28,0.53,11,a8df7a1c426b00ca,quality_below_7
white_wine_2386,7.6,0.2,0.68,12.9,0.042,56,160,0.99841,3.05,0.41,8.7,b6aac7c71b46e51f,quality_below_7
white_wine_2387,6.9,0.3,0.29,1.3,0.053,24,189,0.99362,3.29,0.54,9.9,2e17394f2c3a76fa,quality_below_7
white_wine_2388,6.9,0.3,0.3,1.3,0.053,24,186,0.99361,3.29,0.54,9.9,e1a2456c6e3a74e3,quality_below_7
white_wine_2389,7.6,0.21,0.35,1.2,0.041,7,106,0.9914,3.06,0.45,11.3,1938a0de9a0e1dd1,quality_below_7
white_wine_2390,6.8,0.46,0.26,2.7,0.042,28,83,0.99114,3.38,0.51,12,7d421904068138dc,quality_7_plus
white_wine_2391,7,0.28,0.26,1.7,0.042,34,130,0.9925,3.43,0.5,10.7,a486eada328383fd,quality_7_plus
white_wine_2392,6.5,0.24,0.29,8.2,0.043,32,156,0.99453,3.13,0.7,10.1,1fb910f0c91f8b9d,quality_below_7
white_wine_2393,6.4,0.17,0.34,1.5,0.091,42,135,0.9938,3.25,0.49,9.6,c06929b04be586ef,quality_7_plus
white_wine_2394,6.4,0.17,0.34,1.5,0.093,43,136,0.9938,3.25,0.49,9.6,91d359274bfe53a4,quality_below_7
white_wine_2395,6.3,0.695,0.55,12.9,0.056,58,252,0.99806,3.29,0.49,8.7,420c67991b15bd06,quality_below_7
white_wine_2396,7,0.27,0.29,3.9,0.059,28,199,0.9961,3.54,0.59,10.3,539434ddae4ddd00,quality_below_7
white_wine_2397,8.4,0.3,0.25,17.75,0.047,25,218,1.00016,2.98,0.66,9.1,5d08dcecf841c81e,quality_below_7
white_wine_2398,6.5,0.19,0.27,4.9,0.037,13,101,0.9916,3.17,0.41,11.8,e3cc3d52d9897e10,quality_below_7
white_wine_2399,8,0.36,0.39,1.6,0.024,26,93,0.99116,3.15,0.49,11.9,28b3e11a05062009,quality_below_7
white_wine_2400,6.1,0.16,0.24,1.4,0.046,17,77,0.99319,3.66,0.57,10.3,ca123589f02744b1,quality_below_7
white_wine_2401,9.2,0.19,0.42,2,0.047,16,104,0.99517,3.09,0.66,10,29567d0dd6de9497,quality_below_7
white_wine_2402,9.2,0.16,0.49,2,0.044,18,107,0.99514,3.1,0.53,10.2,6947d650944c7625,quality_below_7
white_wine_2403,8,0.26,0.28,8.2,0.038,72,202,0.99566,3.12,0.56,10,44013033ae8047de,quality_below_7
white_wine_2404,8.8,0.33,0.36,2.1,0.034,19,125,0.99166,2.96,0.98,12.7,bb4d7bbd4b8f7255,quality_below_7
white_wine_2405,9.8,0.16,0.46,1.8,0.046,23,130,0.99587,3.04,0.67,9.6,a0811d91dd0da56d,quality_below_7
white_wine_2406,6.6,0.23,0.18,8.5,0.044,59,188,0.99558,3.16,0.49,9.5,0766a7ec86b1fb38,quality_below_7
white_wine_2407,7.9,0.44,0.26,4.45,0.033,23,100,0.99117,3.17,0.52,12.7,880014776cd069cb,quality_below_7
white_wine_2408,7.6,0.31,0.27,5.8,0.036,23,109,0.99399,3.34,0.54,11,6e8eb8086f785360,quality_below_7
white_wine_2409,7.5,0.705,0.1,13,0.044,44,214,0.99741,3.1,0.5,9.1,f34692136358b689,quality_below_7
white_wine_2410,7.1,0.21,0.28,2.7,0.034,23,111,0.99405,3.35,0.64,10.2,29b5d2587ca47843,quality_below_7
white_wine_2411,7,0.16,0.26,7.3,0.047,30,220,0.99622,3.38,0.58,10.1,18ee56ed1040d416,quality_below_7
white_wine_2412,8,0.27,0.25,19.1,0.045,50,208,1.00051,3.05,0.5,9.2,71b366298fb30fef,quality_below_7
white_wine_2413,6.3,0.38,0.17,8.8,0.08,50,212,0.99803,3.47,0.66,9.4,2b416f2b55c6ccd7,quality_below_7
white_wine_2415,6.2,0.38,0.18,7.4,0.095,28,195,0.99773,3.53,0.71,9.2,fd6aec328245dd02,quality_below_7
white_wine_2416,8.2,0.24,0.3,2.3,0.05,23,106,0.99397,2.98,0.5,10,23cf32bfa45e3bfd,quality_below_7
white_wine_2417,7,0.16,0.26,6.85,0.047,30,220,0.99622,3.38,0.58,10.1,a7ef59ef5d218444,quality_below_7
white_wine_2418,7.3,0.815,0.09,11.4,0.044,45,204,0.99713,3.15,0.46,9,b46522b40345149e,quality_below_7
white_wine_2419,6.3,0.41,0.16,0.9,0.032,25,98,0.99274,3.16,0.42,9.5,b1f65f0affe1bf13,quality_below_7
white_wine_2420,6.1,0.36,0.41,19.35,0.07,67,207,1.00118,3.39,0.53,9.1,cf4d4cd9b4703a2b,quality_below_7
white_wine_2421,8.1,0.4,0.32,7.9,0.031,23,118,0.99176,3.05,0.46,13.3,781d913b48544958,quality_7_plus
white_wine_2422,6.8,0.26,0.43,11.75,0.045,53,198,0.9969,3.26,0.55,9.5,371fb5d111268d54,quality_below_7
white_wine_2423,6.2,0.44,0.18,7.7,0.096,28,210,0.99771,3.56,0.72,9.2,bdc757f6bab5f62f,quality_below_7
white_wine_2424,7.2,0.24,0.29,3,0.036,17,117,0.99411,3.36,0.68,10.1,33b7e580961a003a,quality_below_7
white_wine_2427,7.3,0.22,0.26,1.5,0.04,32,172,0.99194,3.27,0.48,11.2,8eb8c1d8bd3b8b58,quality_below_7
white_wine_2428,8.1,0.34,0.28,7.5,0.04,70,230,0.99558,3.14,0.55,9.8,5a7e1b08b733a350,quality_below_7
white_wine_2431,6.4,0.28,0.17,8.3,0.042,61,195,0.99577,3.22,0.46,9.4,230c6476c7e536bc,quality_below_7
white_wine_2432,6.3,0.29,0.14,7.05,0.045,50,177,0.99564,3.23,0.42,9,550e428c1b905352,quality_below_7
white_wine_2433,6.4,0.27,0.17,8.4,0.044,60,198,0.99578,3.21,0.47,9.4,4aa5003c59f4cfe2,quality_below_7
white_wine_2434,7.4,0.35,0.2,13.9,0.054,63,229,0.99888,3.11,0.5,8.9,d53917388f88d467,quality_below_7
white_wine_2435,8.3,0.28,0.27,17.5,0.045,48,253,1.00014,3.02,0.56,9.1,55b4972a5c627b61,quality_below_7
white_wine_2436,6.4,0.35,0.35,5.6,0.034,9,148,0.99441,3.17,0.5,9.8,b7acc3673bb2fafb,quality_below_7
white_wine_2437,6.9,0.43,0.28,9.4,0.056,29,183,0.99594,3.17,0.43,9.4,dc7f657f25c27584,quality_below_7
white_wine_2438,8,0.26,0.28,4.8,0.05,34,150,0.99437,3.13,0.5,10,394ede8e1018281b,quality_below_7
white_wine_2440,7.3,0.27,0.37,9.7,0.042,36,130,0.9979,3.48,0.75,9.9,6afde67703d81dea,quality_below_7
white_wine_2441,6.8,0.46,0.26,6.3,0.147,49,159,0.99434,3.14,0.47,10,75a041ce3f4beaed,quality_below_7
white_wine_2442,7.2,0.2,0.28,1.6,0.028,13,168,0.99203,3.17,1.06,11.5,2a44c901360a2b32,quality_below_7
white_wine_2443,7.6,0.285,0.32,14.6,0.063,32,201,0.998,3,0.45,9.2,3e3b40d059bb5de8,quality_below_7
white_wine_2444,6.6,0.32,0.33,2.5,0.052,40,219.5,0.99316,3.15,0.6,10,ceae6e48f32be2de,quality_below_7
white_wine_2446,6.6,0.34,0.34,2.6,0.051,40.5,210,0.99314,3.15,0.61,10,afab2f592dcc4d15,quality_below_7
white_wine_2447,6.6,0.32,0.33,2.5,0.052,40,210,0.99316,3.15,0.6,10,078d7425ad6647a9,quality_below_7
white_wine_2448,6.5,0.27,0.26,8.2,0.042,21,133,0.99612,3.43,0.64,9.8,142becb60f8cc6c9,quality_below_7
white_wine_2449,6.6,0.26,0.27,1.5,0.04,19,114,0.99295,3.36,0.62,10.5,8bc2b4c41637454b,quality_below_7
white_wine_2450,6.7,0.27,0.26,2.3,0.043,61,181,0.99394,3.45,0.63,10.6,2627a024d02e5f5b,quality_below_7
white_wine_2451,6.6,0.56,0.15,10,0.037,38,157,0.99642,3.28,0.52,9.4,a0e2d354e545673a,quality_below_7
white_wine_2453,7.3,0.19,0.27,1.6,0.027,35,136,0.99248,3.38,0.54,11,e5e0d0ccccf3bf6b,quality_7_plus
white_wine_2454,6.3,0.2,0.26,1.6,0.027,36,141,0.99268,3.53,0.56,10.8,41dfe10f584c6a97,quality_below_7
white_wine_2455,7.1,0.29,0.3,16,0.036,58,201,0.99954,3.3,0.67,9,6ff038b52c4a4537,quality_below_7
white_wine_2456,7.8,0.32,0.33,10.4,0.031,47,194,0.99692,3.07,0.58,9.6,eb212255cc6294b9,quality_below_7
white_wine_2457,8.1,0.33,0.36,7.4,0.037,36,156,0.99592,3.19,0.54,10.6,d13520e554562789,quality_below_7
white_wine_2460,6.6,0.33,0.24,16.05,0.045,31,147,0.99822,3.08,0.52,9.2,8021f9f95d61c532,quality_below_7
white_wine_2462,8.2,0.26,0.33,2.6,0.053,11,71,0.99402,2.89,0.49,9.5,44807a0a31c45161,quality_below_7
white_wine_2463,8.3,0.25,0.33,2.5,0.053,12,72,0.99404,2.89,0.48,9.5,936b3a10e6bd4c5e,quality_below_7
white_wine_2464,7,0.26,0.26,10.8,0.039,37,184,0.99787,3.47,0.58,10.3,9be84006ab50fbef,quality_7_plus
white_wine_2465,6,0.26,0.15,1.2,0.053,35,124,0.99347,3.08,0.46,8.8,4839fdb8e6e255f7,quality_below_7
white_wine_2466,7.5,0.28,0.78,12.1,0.041,53,161,0.99838,2.98,0.44,8.7,36f3d733b3df6d4a,quality_below_7
white_wine_2467,7.5,0.27,0.79,11.95,0.04,51,159,0.99839,2.98,0.44,8.7,725585ba1b73c599,quality_below_7
white_wine_2468,7,0.28,0.32,1.7,0.038,27,128,0.99375,3.2,0.62,10.2,af0ab811351ba2d5,quality_below_7
white_wine_2469,5.2,0.16,0.34,0.8,0.029,26,77,0.99155,3.25,0.51,10.1,220e64cec5f7bdcf,quality_below_7
white_wine_2470,6.8,0.34,0.1,1.4,0.049,29,118,0.9936,3.21,0.41,9.5,5ad58bb8c6589fdc,quality_below_7
white_wine_2471,7.6,0.25,0.34,1.3,0.056,34,176,0.99434,3.1,0.51,9.5,d975d6edcb4cd763,quality_below_7
white_wine_2472,5.6,0.35,0.4,6.3,0.022,23,174,0.9922,3.54,0.5,11.6,0d32ac7f95590310,quality_7_plus
white_wine_2473,8.8,0.24,0.23,10.3,0.032,12,97,0.99571,3.13,0.4,10.7,3e8477767a41fafa,quality_below_7
white_wine_2474,6,0.29,0.21,15.55,0.043,20,142,0.99658,3.11,0.54,10.1,b57e61380d3a8063,quality_below_7
white_wine_2475,6.1,0.27,0.31,1.5,0.035,17,83,0.99076,3.32,0.44,11.1,0ab34863bdad1485,quality_7_plus
white_wine_2476,7.4,0.56,0.09,1.5,0.071,19,117,0.99496,3.22,0.53,9.8,836f0f97ba6ff820,quality_below_7
white_wine_2477,6.8,0.29,0.49,1.4,0.142,52,148,0.9937,3.08,0.49,9,0d5dba521961cae2,quality_below_7
white_wine_2479,6.3,0.27,0.37,7.9,0.047,58,215,0.99542,3.19,0.48,9.5,2e1c3f37cb9d23a9,quality_below_7
white_wine_2480,6.6,0.24,0.3,13,0.052,18,143,0.99825,3.37,0.49,9.4,670ad5270fd8889a,quality_below_7
white_wine_2481,6.8,0.32,0.3,1,0.049,22,113,0.99289,3.24,0.61,10.2,44ff6d22b8b8a99c,quality_below_7
white_wine_2482,6.4,0.37,0.37,4.85,0.041,39.5,216.5,0.99432,3.1,0.5,9.8,a99a79a087a3a56e,quality_below_7
white_wine_2483,6.2,0.26,0.37,7.1,0.047,54,201,0.99523,3.19,0.48,9.5,dd94252ad09d8b00,quality_below_7
white_wine_2485,6.4,0.3,0.16,7.5,0.05,55,191,0.9959,3.17,0.49,9,1be88d283a7daa8a,quality_below_7
white_wine_2486,8,0.28,0.32,7.6,0.045,61,204,0.99543,3.1,0.55,10.1,1d300b7065891c18,quality_below_7
white_wine_2487,6.7,0.24,0.32,10.3,0.079,37,122,0.99662,3.02,0.45,8.8,689e67e3f84287e1,quality_below_7
white_wine_2488,7.9,0.27,0.27,1.7,0.034,25,122,0.99088,2.97,0.51,11.9,99dcf8c87248d7f8,quality_below_7
white_wine_2490,6.1,0.28,0.24,19.95,0.074,32,174,0.99922,3.19,0.44,9.3,2ca5522abf1333af,quality_below_7
white_wine_2491,7.7,0.39,0.49,7.7,0.036,11,110,0.9966,3.33,0.76,10,532c11ed02a9548c,quality_below_7
white_wine_2492,6,0.2,0.24,5.3,0.075,49,201,0.99466,3.21,0.43,9.5,825f7d6a67cb042e,quality_below_7
white_wine_2494,7.6,0.31,0.23,12.7,0.054,20,139,0.99836,3.16,0.5,9.7,98e78fb1d5493026,quality_below_7
white_wine_2496,6.3,0.18,0.22,1.5,0.043,45,155,0.99238,3.19,0.48,10.2,e38bd16f9028f881,quality_below_7
white_wine_2497,8.6,0.23,0.25,11.3,0.031,13,96,0.99645,3.11,0.4,10.8,90938eb14a4e95b2,quality_below_7
white_wine_2498,6.8,0.21,0.36,18.1,0.046,32,133,1,3.27,0.48,8.8,5fa2351cfb318484,quality_below_7
white_wine_2500,6.9,0.26,0.31,7,0.039,37,175,0.99376,3.32,0.49,11.4,0ccfa97ff11e9fef,quality_below_7
white_wine_2502,6.4,0.31,0.4,6.4,0.039,39,191,0.99513,3.14,0.52,9.8,86db20f59ba99b87,quality_below_7
white_wine_2503,8.6,0.34,0.36,1.4,0.045,11,119,0.99556,3.17,0.47,9.4,566775de99d71b0e,quality_below_7
white_wine_2505,8.5,0.3,0.28,3.1,0.054,54,174,0.99543,3.21,0.43,9.4,a19504d416299232,quality_below_7
white_wine_2506,7.4,0.4,0.41,14.1,0.053,37,194,0.99886,3.2,0.63,9.4,3da59375a8572b09,quality_below_7
white_wine_2507,6.6,0.32,0.34,7.7,0.044,63,212,0.99526,3.22,0.48,9.7,d37eb1c36d44f472,quality_below_7
white_wine_2508,7.1,0.34,0.31,5.2,0.032,36,140,0.99166,3.35,0.47,12.3,0d709e1dfbb49bf5,quality_7_plus
white_wine_2509,6.6,0.26,0.25,11.6,0.045,45,178,0.99691,3.33,0.43,9.8,7af3124ad86fdf27,quality_below_7
white_wine_2510,8,0.27,0.57,10.4,0.053,18,134,0.99732,3.12,0.68,9,4219bcd0d3492964,quality_below_7
white_wine_2511,6.2,0.28,0.45,7.5,0.045,46,203,0.99573,3.26,0.46,9.2,3a7bd38e77c0547f,quality_below_7
white_wine_2512,6.2,0.3,0.49,11.2,0.058,68,215,0.99656,3.19,0.6,9.4,aa3ef6ec59e5adaf,quality_below_7
white_wine_2513,5.6,0.175,0.29,0.8,0.043,20,67,0.99112,3.28,0.48,9.9,f0645ff212c75882,quality_below_7
white_wine_2514,6.9,0.34,0.36,1.4,0.032,13,145,0.99214,3.07,0.52,9.8,e071c62fc5670ac3,quality_below_7
white_wine_2515,6.9,0.34,0.3,4.7,0.029,34,148,0.99165,3.36,0.49,12.3,9a196d9af35422be,quality_7_plus
white_wine_2516,7.1,0.12,0.3,3.1,0.018,15,37,0.99004,3.02,0.52,11.9,8026377845288035,quality_7_plus
white_wine_2517,7.1,0.32,0.29,4,0.038,33,170,0.99463,3.27,0.64,10.2,eb711f7c07eea8d7,quality_below_7
white_wine_2518,7.3,0.51,0.29,11.3,0.034,61,224,0.99683,3.14,0.56,9.5,bedd0b0b781fe977,quality_below_7
white_wine_2520,6.3,0.24,0.55,8.1,0.04,67,216,0.99596,3.24,0.5,9.2,ea2daf5f399011d9,quality_below_7
white_wine_2521,7.5,0.41,0.23,14.8,0.054,28,174,0.99898,3.18,0.49,9.7,69d6e74d9c0daf58,quality_below_7
white_wine_2522,6.5,0.18,0.33,1.4,0.029,35,138,0.99114,3.36,0.6,11.5,ac43a7414a243762,quality_7_plus
white_wine_2523,7.3,0.17,0.24,8.1,0.121,32,162,0.99508,3.17,0.38,10.4,82e2a4ea2f581074,quality_7_plus
white_wine_2524,8.2,0.2,0.38,3.5,0.053,41,174,0.99306,3.22,0.41,11.6,16fd38b0becc7603,quality_below_7
white_wine_2528,7.3,0.16,0.35,1.5,0.036,29,108,0.99342,3.27,0.51,10.2,424d1b40d4f1562d,quality_below_7
white_wine_2529,6.4,0.16,0.37,1.5,0.037,27,109,0.99345,3.38,0.5,9.8,4a2320ce2d979d9b,quality_below_7
white_wine_2530,6.6,0.42,0.13,12.8,0.044,26,158,0.99772,3.24,0.47,9,32f1c0bc085e601a,quality_below_7
white_wine_2531,5.8,0.3,0.12,1.6,0.036,57,163,0.99239,3.38,0.59,10.5,6bec8db48986850c,quality_below_7
white_wine_2532,6.7,0.54,0.27,7.1,0.049,8,178,0.99502,3.16,0.38,9.4,507aa3fccf6c4ad8,quality_below_7
white_wine_2534,6.4,0.22,0.3,11.2,0.046,53,149,0.99479,3.21,0.34,10.8,be81585cc4f32277,quality_below_7
white_wine_2535,6.8,0.23,0.3,1.7,0.043,19,95,0.99207,3.17,0.46,10.7,31e8472ed29c46d0,quality_7_plus
white_wine_2536,9,0.26,0.34,6.7,0.029,21,162,0.99497,3.08,0.5,10.6,325d766e841b6d50,quality_below_7
white_wine_2537,6.5,0.23,0.25,17.3,0.046,15,110,0.99828,3.15,0.42,9.2,e9573d85e5fd9b91,quality_below_7
white_wine_2538,5.9,0.28,0.14,8.6,0.032,30,142,0.99542,3.28,0.44,9.5,058e92d88b47121b,quality_below_7
white_wine_2540,6.2,0.27,0.18,1.5,0.028,20,111,0.99228,3.41,0.5,10,1c4c8cee433a7ff4,quality_below_7
white_wine_2541,9,0.29,0.34,12.1,0.03,34,177,0.99706,3.13,0.47,10.6,7358a2ffb5e3e4e0,quality_below_7
white_wine_2543,8.9,0.27,0.34,10.7,0.029,19.5,166,0.99669,3.13,0.48,10.6,eadbd0645b324643,quality_below_7
white_wine_2545,6.9,0.32,0.3,1.8,0.036,28,117,0.99269,3.24,0.48,11,46187431c0e0d847,quality_below_7
white_wine_2546,7.2,0.22,0.24,1.4,0.041,17,159,0.99196,3.25,0.53,11.2,1f5d5e2aaa2a3ffe,quality_below_7
white_wine_2547,6.7,0.5,0.38,7.5,0.046,26,175,0.99662,3.32,0.54,9.6,0fc6fe24bb7289f2,quality_below_7
white_wine_2548,6.2,0.33,0.14,4.8,0.052,27,128,0.99475,3.21,0.48,9.4,f6fdae27581ce994,quality_below_7
white_wine_2549,6.3,0.26,0.42,7.1,0.045,62,209,0.99544,3.2,0.53,9.5,257e2eab44c553fb,quality_below_7
white_wine_2550,7.5,0.2,0.47,16.9,0.052,51,188,0.99944,3.09,0.62,9.3,1b0a787ce04267f7,quality_below_7
white_wine_2553,6.6,0.36,0.52,11.3,0.046,8,110,0.9966,3.07,0.46,9.4,c0af522ca2801de5,quality_below_7
white_wine_2554,6.3,0.13,0.42,1.1,0.043,63,146,0.99066,3.13,0.72,11.2,2796bcfa78b69870,quality_7_plus
white_wine_2555,6.4,0.15,0.44,1.2,0.043,67,150,0.9907,3.14,0.73,11.2,5bf7d8d9e9000761,quality_7_plus
white_wine_2557,7.6,0.23,0.64,12.9,0.033,54,170,0.998,3,0.53,8.8,a4b2e23c567e8796,quality_below_7
white_wine_2560,5.7,0.255,0.65,1.2,0.079,17,137,0.99307,3.2,0.42,9.4,10a41201acc7475f,quality_below_7
white_wine_2561,6.9,0.32,0.26,2.3,0.03,11,103,0.99106,3.06,0.42,11.1,b6d7d66c034875e1,quality_below_7
white_wine_2562,6.9,0.28,0.22,10,0.052,36,131,0.99696,3.08,0.46,9.6,04942a24888b5088,quality_below_7
white_wine_2565,6.6,0.41,0.16,1.4,0.037,28,160,0.99167,2.95,0.45,10.6,3ae60399910d58c5,quality_below_7
white_wine_2566,7.3,0.37,0.16,14.9,0.048,59,240,0.99902,3.13,0.45,8.9,49fd68af190735a7,quality_below_7
white_wine_2567,6.9,0.21,0.24,1.8,0.021,17,80,0.98992,3.15,0.46,12.3,87798fa43d8058d1,quality_7_plus
white_wine_2568,6.6,0.24,0.28,1.8,0.028,39,132,0.99182,3.34,0.46,11.4,74c50a712311a55b,quality_below_7
white_wine_2569,6.8,0.28,0.36,7,0.043,60,207,0.99556,3.16,0.49,9.6,65295322335cb15f,quality_below_7
white_wine_2570,6.6,0.24,0.24,8.6,0.034,25,135,0.99582,3.33,0.59,10.3,f55e5d7b6afa86f9,quality_below_7
white_wine_2572,7,0.16,0.32,1.1,0.032,29,80,0.98972,3.23,0.36,12.1,33ef54e544475d58,quality_below_7
white_wine_2573,7,0.14,0.28,1.3,0.026,10,56,0.99352,3.46,0.45,9.9,6819edab48c3795f,quality_below_7
white_wine_2574,6.3,0.34,0.36,4.9,0.035,31,185,0.9946,3.15,0.49,9.7,2f725e02fa3fca06,quality_below_7
white_wine_2575,6.8,0.26,0.24,1.9,0.043,70,154,0.99273,3.18,0.52,10.5,0350aedbd41a9a94,quality_below_7
white_wine_2576,6.7,0.17,0.42,10.4,0.038,85,182,0.99628,3.04,0.44,8.9,0806c963245fa827,quality_below_7
white_wine_2577,6.5,0.27,0.4,10,0.039,74,227,0.99582,3.18,0.5,9.4,52b1b2a369db8f21,quality_below_7
white_wine_2578,6.7,0.25,0.36,8.6,0.037,63,206,0.99553,3.18,0.5,9.6,6d4888a87ca42e59,quality_below_7
white_wine_2579,5.8,0.3,0.27,1.7,0.014,45,104,0.98914,3.4,0.56,12.6,0d4272a8dac26910,quality_7_plus
white_wine_2580,6.4,0.28,0.56,1.7,0.156,49,106,0.99354,3.1,0.37,9.2,790599403e76d62b,quality_below_7
white_wine_2581,7.7,0.3,0.26,18.95,0.053,36,174,0.99976,3.2,0.5,10.4,19a939bb93d2309e,quality_below_7
white_wine_2582,6.8,0.18,0.3,12.8,0.062,19,171,0.99808,3,0.52,9,dd551527b87f933b,quality_7_plus
white_wine_2588,5.1,0.14,0.25,0.7,0.039,15,89,0.9919,3.22,0.43,9.2,0856078aa8b3478a,quality_below_7
white_wine_2590,7.2,0.615,0.1,1.4,0.068,25,154,0.99499,3.2,0.48,9.7,c9ddc4c66450dee4,quality_below_7
white_wine_2591,6.9,0.13,0.28,13.3,0.05,47,132,0.99655,3.34,0.42,10.1,73e728e3763e11da,quality_below_7
white_wine_2592,6.7,0.34,0.3,8.5,0.059,24,152,0.99615,3.46,0.64,11,94c7fdf6e604fcc2,quality_7_plus
white_wine_2593,7.3,0.32,0.29,1.5,0.038,32,144,0.99296,3.2,0.55,10.8,ecbbe13074a0c8ae,quality_below_7
white_wine_2594,6.3,0.21,0.29,11.7,0.048,49,147,0.99482,3.22,0.38,10.8,ada4357b723d6960,quality_below_7
white_wine_2595,5.4,0.5,0.13,5,0.028,12,107,0.99079,3.48,0.88,13.5,96713008a8d257e5,quality_7_plus
white_wine_2596,8.2,0.52,0.34,1.2,0.042,18,167,0.99366,3.24,0.39,10.6,06d3026f678d6b52,quality_below_7
white_wine_2597,7.8,0.28,0.31,2.1,0.046,28,208,0.99434,3.23,0.64,9.8,e030c927ce066757,quality_below_7
white_wine_2598,6.4,0.22,0.34,1.4,0.023,56,115,0.98958,3.18,0.7,11.7,edd3a34533d359e1,quality_below_7
white_wine_2600,6.9,0.32,0.27,16,0.034,58,185,0.99938,3.34,0.6,9,94c89e0a20b9829d,quality_below_7
white_wine_2601,6.8,0.11,0.42,1.1,0.042,51,132,0.99059,3.18,0.74,11.3,5db89b017856f6ea,quality_7_plus
white_wine_2602,6.2,0.26,0.32,15.3,0.031,64,185,0.99835,3.31,0.61,9.4,d4ba1ea8a73b0096,quality_below_7
white_wine_2604,6.7,0.3,0.29,2.8,0.025,37,107,0.99159,3.31,0.63,11.3,8240c5aaf62f00b0,quality_7_plus
white_wine_2606,7.1,0.2,0.3,0.9,0.019,4,28,0.98931,3.2,0.36,12,e7dd9293d8916117,quality_below_7
white_wine_2607,7.2,0.2,0.36,2.5,0.028,22,157,0.9938,3.48,0.49,10.6,d93e89cd26cf60a2,quality_below_7
white_wine_2608,8.9,0.26,0.33,8.1,0.024,47,202,0.99558,3.13,0.46,10.8,f5e54e802ecc654f,quality_below_7
white_wine_2609,7.5,0.25,0.32,8.2,0.024,53,209,0.99563,3.12,0.46,10.8,3f2267a927d59aef,quality_below_7
white_wine_2611,6.3,0.27,0.46,11.1,0.053,44,177,0.99691,3.18,0.67,9.4,be81c1b140a149ec,quality_below_7
white_wine_2612,6.5,0.3,0.39,7.8,0.038,61,219,0.9959,3.19,0.5,9.4,5bafe8fba19667ae,quality_below_7
white_wine_2614,6.6,0.36,0.52,10.1,0.05,29,140,0.99628,3.07,0.4,9.4,1fd79ab8a715f19a,quality_below_7
white_wine_2615,6.15,0.21,0.37,3.2,0.021,20,80,0.99076,3.39,0.47,12,5d8076678cb9b676,quality_below_7
white_wine_2616,6.5,0.18,0.41,14.2,0.039,47,129,0.99678,3.28,0.72,10.3,80b1bb81f74ca311,quality_7_plus
white_wine_2619,6.6,0.26,0.21,2.9,0.026,48,126,0.99089,3.22,0.38,11.3,19f4678dbde2445c,quality_7_plus
white_wine_2620,6.6,0.35,0.35,6,0.063,31,150,0.99537,3.1,0.47,9.4,b11338a4b3631346,quality_below_7
white_wine_2621,6.5,0.28,0.28,20.4,0.041,40,144,1.0002,3.14,0.38,8.7,07ea211dd9d2a1c0,quality_below_7
white_wine_2626,4.5,0.19,0.21,0.95,0.033,89,159,0.99332,3.34,0.42,8,0be8ddab3643d10c,quality_below_7
white_wine_2627,8,0.24,0.26,1.7,0.033,36,136,0.99316,3.44,0.51,10.4,91d2360126bc863d,quality_7_plus
white_wine_2628,7.8,0.17,0.23,1.7,0.029,39,128,0.99272,3.37,0.41,10.7,718e5d135ab8e195,quality_7_plus
white_wine_2629,7,0.24,0.24,9,0.03,42,219,0.99636,3.47,0.46,10.2,4d75e8d31f225028,quality_below_7
white_wine_2630,5.8,0.6,0,1.3,0.044,72,197,0.99202,3.56,0.43,10.9,2f9dabb4e56a698f,quality_below_7
white_wine_2631,5.9,0.445,0.26,1.4,0.027,23,109,0.99148,3.3,0.36,10.5,341fc0c68a062740,quality_below_7
white_wine_2632,6.7,0.28,0.28,2.4,0.012,36,100,0.99064,3.26,0.39,11.7,2386102d779eeaf8,quality_7_plus
white_wine_2633,6.8,0.44,0.2,16,0.065,61,186,0.99884,3.13,0.45,8.6,0502145275f5aa1e,quality_below_7
white_wine_2634,7.2,0.24,0.27,11.4,0.034,40,174,0.99773,3.2,0.44,9,fe8a3be62ed1f945,quality_below_7
white_wine_2635,8.7,0.31,0.73,14.35,0.044,27,191,1.00013,2.96,0.88,8.7,74b6249e196aeab2,quality_below_7
white_wine_2636,8.2,0.32,0.26,2.1,0.062,26,87,0.98974,3.1,0.47,12.8,ac29a937df8727a5,quality_below_7
white_wine_2639,7.5,0.13,0.38,1.1,0.023,42,104,0.99112,3.28,0.53,11.8,e359881851e61618,quality_below_7
white_wine_2640,9.2,0.14,0.37,1.1,0.034,36,84,0.99136,3.05,0.55,11.6,bb4a1fda7ae26008,quality_below_7
white_wine_2641,7.4,0.2,0.37,1.2,0.028,28,89,0.99132,3.14,0.61,11.8,7f69bf51e64302d8,quality_below_7
white_wine_2642,6.1,0.15,0.35,15.8,0.042,55,158,0.99642,3.24,0.37,10.6,aa6ae2b5f47fef21,quality_below_7
white_wine_2643,7.6,0.23,0.4,5.2,0.066,14,91,0.99488,3.17,0.8,9.7,fda20d314bed5968,quality_below_7
white_wine_2644,8.1,0.33,0.22,5.2,0.047,24,151,0.99527,3.22,0.47,10.3,49c85cf7e4a84c00,quality_below_7
white_wine_2645,7.15,0.17,0.24,9.6,0.119,56,178,0.99578,3.15,0.44,10.2,898c4e6e0e866708,quality_below_7
white_wine_2646,6.7,0.12,0.3,5.2,0.048,38,113,0.99352,3.33,0.44,10.1,6e7c69417b8a79f0,quality_7_plus
white_wine_2647,5.7,0.18,0.36,1.2,0.046,9,71,0.99199,3.7,0.68,10.9,fe7a8813704652e1,quality_7_plus
white_wine_2648,5.8,0.15,0.28,0.8,0.037,43,127,0.99198,3.24,0.51,9.3,4c7741ceee6992b7,quality_below_7
white_wine_2649,6.6,0.23,0.29,14.45,0.057,29,144,0.99756,3.33,0.54,10.2,6d33bdb49756524d,quality_below_7
white_wine_2651,7,0.34,0.39,6.9,0.066,43,162,0.99561,3.11,0.53,9.5,5c9b64554a8ae1e1,quality_below_7
white_wine_2652,6.4,0.68,0.26,3.4,0.069,25,146,0.99347,3.18,0.4,9.3,228ee69baded1376,quality_below_7
white_wine_2653,7.3,0.22,0.31,2.3,0.018,45,80,0.98936,3.06,0.34,12.9,1b77a9321c7817d9,quality_7_plus
white_wine_2654,6.4,0.28,0.27,11,0.042,45,148,0.99786,3.14,0.46,8.7,338d3622c066bf51,quality_below_7
white_wine_2655,6.9,0.4,0.22,5.95,0.081,76,303,0.99705,3.4,0.57,9.4,87593fe1550cdba0,quality_below_7
white_wine_2656,6.8,0.19,0.23,5.1,0.034,71,204,0.9942,3.23,0.69,10.1,3510bcd514371890,quality_below_7
white_wine_2657,7.1,0.23,0.24,5.4,0.039,60,196,0.9948,3.19,0.78,10,8c2dc172fb260064,quality_below_7
white_wine_2658,6.45,0.14,0.42,1.2,0.05,51,129,0.99116,3.27,0.69,11.1,f0a474e94facfb5b,quality_7_plus
white_wine_2659,6.5,0.15,0.44,12.6,0.052,65,158,0.99688,3.26,0.7,10.3,9dc87dca2f730a2d,quality_7_plus
white_wine_2660,7.1,0.15,0.34,1,0.033,27,73,0.98974,3.24,0.41,12.2,2c76c08bd0b5bec0,quality_below_7
white_wine_2661,6.7,0.33,0.34,6.6,0.067,35,156,0.99542,3.11,0.48,9.3,176e639ff5fccbff,quality_below_7
white_wine_2662,7.2,0.3,0.26,1.5,0.041,46,178,0.99154,3.19,0.56,11.3,9bc1f55dc38b82ca,quality_below_7
white_wine_2663,7,0.23,0.33,1,0.043,46,110,0.99118,3.04,0.65,10.8,8dc745dc0e8f84c2,quality_below_7
white_wine_2664,8,0.13,0.25,1.1,0.033,15,86,0.99044,2.98,0.39,11.2,7c8b67c345e5bff3,quality_7_plus
white_wine_2665,6.2,0.21,0.34,6.6,0.03,36,91,0.9914,3.32,0.45,12.5,de3511dda9472423,quality_7_plus
white_wine_2666,8.3,0.4,0.41,8.2,0.05,15,122,0.9979,3.39,0.49,9.3,11ccea6d6581480d,quality_below_7
white_wine_2667,5.9,0.34,0.31,2,0.03,38,142,0.98892,3.4,0.41,12.9,9774df4777d6652c,quality_7_plus
white_wine_2668,6.6,0.12,0.25,1.4,0.039,21,131,0.99114,3.2,0.45,11.2,f61b6382316bdcb8,quality_7_plus
white_wine_2669,9.6,0.655,0.21,2,0.039,21,120,0.99188,3,1,12.6,a13cf14694cb3403,quality_below_7
white_wine_2670,6.8,0.26,0.4,7.5,0.046,45,179,0.99583,3.2,0.49,9.3,022e9912022418d6,quality_below_7
white_wine_2672,5.9,0.3,0.3,2,0.03,38,142,0.98892,3.41,0.41,12.9,1231038783f20bd4,quality_7_plus
white_wine_2673,7,0.15,0.3,13.3,0.049,46,120,0.99704,3.2,0.36,9.5,c47050c9c538c481,quality_7_plus
white_wine_2674,7.9,0.37,0.31,2.85,0.037,5,24,0.9911,3.19,0.36,11.9,b04678835c9c87a2,quality_below_7
white_wine_2675,7.2,0.35,0.25,5.6,0.032,23,120,0.99334,2.93,0.66,10.3,31c7235791f88048,quality_7_plus
white_wine_2676,7.2,0.32,0.24,5.6,0.033,23,120,0.99334,2.92,0.66,10.3,4a2db0c021bffe2a,quality_7_plus
white_wine_2677,7.6,0.1,0.33,1,0.031,33,93,0.99094,3.06,0.68,11.2,ded0a00b2a4614c8,quality_below_7
white_wine_2678,6.2,0.25,0.31,3.2,0.03,32,150,0.99014,3.18,0.31,12,275951a8a719f749,quality_below_7
white_wine_2679,7.1,0.31,0.17,1,0.042,21,144,0.99304,3.13,0.4,9.6,44523246213a0d43,quality_below_7
white_wine_2680,7.6,0.18,0.28,7.1,0.041,29,110,0.99652,3.2,0.42,9.2,35a373c33a767788,quality_below_7
white_wine_2681,8,0.17,0.29,2.4,0.029,52,119,0.98944,3.03,0.33,12.9,315fe3f77b0af37a,quality_below_7
white_wine_2682,7.2,0.19,0.27,11.2,0.061,46,149,0.99772,2.99,0.59,9.3,b91d76d5a40e2292,quality_below_7
white_wine_2683,7.6,0.32,0.25,9.5,0.03,15,136,0.99367,3.1,0.44,12.1,e2269a9034faf226,quality_below_7
white_wine_2685,6.6,0.21,0.29,1.8,0.026,35,128,0.99183,3.37,0.48,11.2,b6c77cd0dc9df3bb,quality_below_7
white_wine_2686,7,0.16,0.36,2.6,0.029,28,98,0.99126,3.11,0.37,11.2,c3918fad675e3d9f,quality_7_plus
white_wine_2688,6.6,0.24,0.38,8,0.042,56,187,0.99577,3.21,0.46,9.2,af6e8b4d53ae3a5e,quality_below_7
white_wine_2691,6.9,0.3,0.25,3.3,0.041,26,124,0.99428,3.18,0.5,9.3,712ab855d95f5e7a,quality_below_7
white_wine_2692,6.2,0.28,0.27,10.3,0.03,26,108,0.99388,3.2,0.36,10.7,d290843745a235d4,quality_below_7
white_wine_2693,6.9,0.31,0.32,1.2,0.024,20,166,0.99208,3.05,0.54,9.8,d8fe57618d87923d,quality_below_7
white_wine_2694,6.7,0.23,0.25,1.6,0.036,28,143,0.99256,3.3,0.54,10.3,1d935eea5cd6e00d,quality_below_7
white_wine_2696,5.7,0.23,0.28,9.65,0.025,26,121,0.9925,3.28,0.38,11.3,f8c8f3197bd75ebb,quality_below_7
white_wine_2697,6.5,0.22,0.5,16.4,0.048,36,182,0.99904,3.02,0.49,8.8,bccb569bd18bfb4a,quality_below_7
white_wine_2698,7,0.18,0.37,1.5,0.043,16,104,0.99216,3.18,0.5,10.8,d83b8b5452f151f5,quality_below_7
white_wine_2701,6.5,0.46,0.31,5,0.027,15,72,0.99165,3.26,0.6,11.5,d93786dc9a9e7a54,quality_7_plus
white_wine_2702,6.5,0.23,0.36,16.3,0.038,43,133,0.99924,3.26,0.41,8.8,e4b8103697c81068,quality_below_7
white_wine_2705,6.6,0.26,0.38,6.5,0.17,68,201,0.9956,3.19,0.38,9.4,a1fbc67133f390df,quality_below_7
white_wine_2706,6.7,0.26,0.39,6.4,0.171,64,200,0.99562,3.19,0.38,9.4,421139751096cbe1,quality_below_7
white_wine_2707,7.5,0.28,0.39,10.2,0.045,59,209,0.9972,3.16,0.63,9.6,e8556b0159bd055c,quality_below_7
white_wine_2709,6.8,0.23,0.42,7.4,0.044,56,189,0.9958,3.22,0.48,9.3,79a2428a3083e635,quality_below_7
white_wine_2710,7.8,0.25,0.34,13.7,0.044,66,184,0.99976,3.22,0.75,8.9,94a6efd019f2932e,quality_below_7
white_wine_2712,5.6,0.2,0.22,1.3,0.049,25,155,0.99296,3.74,0.43,10,7f50b8a5e5b3db3c,quality_below_7
white_wine_2713,6.4,0.21,0.44,7.4,0.045,47,182,0.9957,3.24,0.46,9.1,dccb1b300eed3ed3,quality_below_7
white_wine_2715,6.8,0.24,0.37,7.45,0.043,59,188,0.99579,3.2,0.5,9.4,8b4a9e85dda6a7ed,quality_below_7
white_wine_2716,7.8,0.25,0.28,7.2,0.04,46,179,0.99541,3.14,0.6,10.1,c7741b16ca880e31,quality_below_7
white_wine_2718,6.8,0.16,0.29,10.4,0.046,59,143,0.99518,3.2,0.4,10.8,842d4eaa2f0f0f6a,quality_below_7
white_wine_2719,5.2,0.28,0.29,1.1,0.028,18,69,0.99168,3.24,0.54,10,b5bf2cc513b27bae,quality_below_7
white_wine_2720,7.5,0.18,0.31,6.5,0.029,53,160,0.99276,3.03,0.38,10.9,ef9eb1ca24cb2c6c,quality_below_7
white_wine_2721,7.5,0.26,0.3,4.6,0.027,29,92,0.99085,3.15,0.38,12,e0cea31f7f4fe036,quality_7_plus
white_wine_2722,8.2,0.37,0.64,13.9,0.043,22,171,0.99873,2.99,0.8,9.3,9b7574578fe77d93,quality_below_7
white_wine_2723,7.6,0.4,0.27,5.2,0.03,32,101,0.99172,3.22,0.62,12.3,4945802ac1cdd4aa,quality_7_plus
white_wine_2724,7.5,0.26,0.25,1.7,0.038,29,129,0.99312,3.45,0.56,10.4,95ce39c33b2ee9a1,quality_below_7
white_wine_2726,6.9,0.23,0.32,16.4,0.045,62,153,0.9972,3.22,0.42,10.5,eed757434b5b0a7c,quality_below_7
white_wine_2727,5.3,0.2,0.31,3.6,0.036,22,91,0.99278,3.41,0.5,9.8,6eedfae88dd1ec8f,quality_below_7
white_wine_2728,6.5,0.17,0.31,1.5,0.041,34,121,0.99092,3.06,0.46,10.5,9788790e49453b1e,quality_below_7
white_wine_2729,6.5,0.35,0.28,12.4,0.051,86,213,0.9962,3.16,0.51,9.9,d25aeb6fdcd0cabe,quality_below_7
white_wine_2730,6.5,0.29,0.31,1.7,0.035,24,79,0.99053,3.27,0.69,11.4,7eb110099e7ffd3d,quality_7_plus
white_wine_2731,6.8,0.3,0.22,6.2,0.06,41,190,0.99858,3.18,0.51,9.2,4784b0be30058183,quality_below_7
white_wine_2732,7.9,0.51,0.36,6.2,0.051,30,173,0.9984,3.09,0.53,9.7,e36421752be231f2,quality_below_7
white_wine_2733,7.9,0.51,0.34,2.6,0.049,13,135,0.99335,3.09,0.51,10,e2b826c40556e721,quality_below_7
white_wine_2735,7.1,0.29,0.28,9.3,0.048,50,141,0.9949,3.13,0.49,10.3,714d6a5d3fbe7c73,quality_below_7
white_wine_2738,7.4,0.2,0.28,9.1,0.047,29,95,0.99532,3.16,0.47,9.8,65b6b3b264573585,quality_7_plus
white_wine_2739,6.9,0.615,0.42,12,0.067,24,131,0.99727,3.19,0.34,9.3,1a05127cdc3e1fea,quality_below_7
white_wine_2740,6.8,0.32,0.28,4.8,0.034,25,100,0.99026,3.08,0.47,12.4,9445ae36cf1b4265,quality_7_plus
white_wine_2741,6.3,0.2,0.19,12.3,0.048,54,145,0.99668,3.16,0.42,9.3,2c44f0833bf12e04,quality_below_7
white_wine_2743,8,0.23,0.28,2.7,0.048,49,165,0.9952,3.26,0.72,9.5,c2a97f0ab09c1e50,quality_below_7
white_wine_2744,6.7,0.27,0.33,3.6,0.034,9,45,0.99144,3.08,0.4,10.5,2ab7db49f65cd79f,quality_below_7
white_wine_2746,6.7,0.44,0.22,4.3,0.032,19,99,0.99015,3.26,0.53,12.8,3d60a6075bbf750b,quality_7_plus
white_wine_2747,7,0.34,0.3,1.8,0.045,44,142,0.9914,2.99,0.45,10.8,32a6cfaf757acdbe,quality_below_7
white_wine_2748,7.3,0.26,0.33,11.8,0.057,48,127,0.99693,3.1,0.55,10,73b4a1d9957b0f6d,quality_below_7
white_wine_2749,5.8,0.17,0.34,1.8,0.045,96,170,0.99035,3.38,0.9,11.8,1c0f9cdadb65f777,quality_7_plus
white_wine_2752,6.8,0.17,0.36,1.4,0.036,38,108,0.99006,3.19,0.66,12,27ff1e4b11576637,quality_below_7
white_wine_2753,7.1,0.43,0.3,6.6,0.025,15,138,0.99126,3.18,0.46,12.6,2110416ee8314274,quality_below_7
white_wine_2754,5.8,0.315,0.27,1.55,0.026,15,70,0.98994,3.37,0.4,11.9,35a725a2796456d4,quality_7_plus
white_wine_2755,5.9,0.17,0.28,0.7,0.027,5,28,0.98985,3.13,0.32,10.6,e4bc855da5c48e8c,quality_below_7
white_wine_2756,6.6,0.34,0.18,6.4,0.082,47,240,0.9971,3.42,0.48,9.2,8fe9f155056e89e8,quality_below_7
white_wine_2757,8.6,0.33,0.34,11.8,0.059,42,240,0.99882,3.17,0.52,10,697a8e552f0253eb,quality_below_7
white_wine_2758,5.6,0.12,0.26,4.3,0.038,18,97,0.99477,3.36,0.46,9.2,18003b6b0e0a64ce,quality_below_7
white_wine_2759,5.8,0.13,0.26,5.1,0.039,19,103,0.99478,3.36,0.47,9.3,ce69647332580409,quality_below_7
white_wine_2760,7.7,0.18,0.35,5.8,0.055,25,144,0.99576,3.24,0.54,10.2,c51f10ccf5d1d1ef,quality_below_7
white_wine_2761,7.7,0.16,0.36,5.9,0.054,25,148,0.99578,3.25,0.54,10.2,27805a039c4705cf,quality_below_7
white_wine_2762,6,0.26,0.15,1.3,0.06,51,154,0.99354,3.14,0.51,8.7,67a642dcbf879fdf,quality_below_7
white_wine_2763,7.3,0.32,0.35,1.4,0.05,8,163,0.99244,3.24,0.42,10.7,68661080d83d0000,quality_below_7
white_wine_2764,7.7,0.3,0.34,1.2,0.048,4,119,0.99084,3.18,0.34,12.1,e538638731742f26,quality_below_7
white_wine_2765,7.9,0.16,0.3,7.4,0.05,58,152,0.99612,3.12,0.37,9.5,7aa22caab264687a,quality_below_7
white_wine_2766,6.4,0.27,0.29,10.8,0.028,17,118,0.99356,3.18,0.37,11.2,dca1ac0da7ed909c,quality_below_7
white_wine_2767,6.9,0.16,0.37,1.8,0.034,36,95,0.98952,2.93,0.59,12,d925019ce427f1ff,quality_below_7
white_wine_2771,6.4,0.44,0.44,14.4,0.048,29,228,0.99955,3.26,0.54,8.8,8983f52750b89e55,quality_7_plus
white_wine_2772,6.3,0.2,0.24,1.7,0.052,36,135,0.99374,3.8,0.66,10.8,23a333d276bddce0,quality_below_7
white_wine_2773,6.2,0.29,0.32,3.6,0.026,39,138,0.9892,3.31,0.37,13.1,e9c02e5edbbadf12,quality_7_plus
white_wine_2774,7.6,0.39,0.32,3.6,0.035,22,93,0.99144,3.08,0.6,12.5,7e726b0af0d820c6,quality_7_plus
white_wine_2775,7,0.36,0.32,10.05,0.045,37,131,0.99352,3.09,0.33,11.7,ca4f5973f14d54e3,quality_7_plus
white_wine_2777,7,0.36,0.32,10.5,0.045,35,135,0.9935,3.09,0.33,11.6,0f9634f100912798,quality_7_plus
white_wine_2778,7.6,0.2,0.36,1.9,0.043,24,111,0.99237,3.29,0.54,11.3,ba5a265388e8ee09,quality_below_7
white_wine_2780,6.7,0.2,0.37,1.65,0.025,42,103,0.99022,3.11,0.45,11.4,7a2f4775d34dd89f,quality_below_7
white_wine_2781,6.2,0.235,0.34,1.9,0.036,4,117,0.99032,3.4,0.44,12.2,ab7c4796fd7d1c9b,quality_below_7
white_wine_2782,7.8,0.965,0.6,65.8,0.074,8,160,1.03898,3.39,0.69,11.7,6f2c13152a2015f5,quality_below_7
white_wine_2783,7.1,0.2,0.31,6.85,0.053,32,211,0.99587,3.31,0.59,10.4,a926056692d86918,quality_below_7
white_wine_2784,7.1,0.2,0.31,7.4,0.053,32,211,0.99587,3.31,0.59,10.4,d82b42e076408020,quality_below_7
white_wine_2786,6.4,0.24,0.25,20.2,0.083,35,157,0.99976,3.17,0.5,9.1,0acbfeca8fdc9268,quality_below_7
white_wine_2787,8,0.3,0.36,11,0.034,8,70,0.99354,3.05,0.41,12.2,ef80e734143cba20,quality_below_7
white_wine_2789,6.9,0.4,0.42,6.2,0.066,41,176,0.99552,3.12,0.54,9.4,154dad1658fa6a54,quality_below_7
white_wine_2790,6.9,0.4,0.43,6.2,0.065,42,178,0.99552,3.11,0.53,9.4,8421343a45cddc18,quality_below_7
white_wine_2792,6.6,0.25,0.51,8,0.047,61,189,0.99604,3.22,0.49,9.2,bc0323b4a2c325cc,quality_below_7
white_wine_2793,6.8,0.26,0.44,8.2,0.046,52,183,0.99584,3.2,0.51,9.4,7b5e72c6f2c9d7b4,quality_below_7
white_wine_2794,6.5,0.37,0.3,2.2,0.033,39,107,0.98894,3.22,0.53,13.5,ddc45a01f82d6574,quality_7_plus
white_wine_2795,6.8,0.35,0.53,10.1,0.053,37,151,0.9963,3.07,0.4,9.4,1490c487711d4fe8,quality_below_7
white_wine_2796,6.4,0.22,0.32,7.2,0.028,15,83,0.993,3.13,0.55,10.9,661f710c3e899893,quality_7_plus
white_wine_2799,6.9,0.31,0.32,1.6,0.036,34,114,0.99068,3.19,0.45,11.4,ebcdc4221f806a43,quality_7_plus
white_wine_2800,6.7,0.16,0.37,1.3,0.036,45,125,0.98964,3.19,0.51,12.4,278fc2786671924f,quality_7_plus
white_wine_2803,5.6,0.15,0.31,5.3,0.038,8,79,0.9923,3.3,0.39,10.5,f3e09ada8fddd73c,quality_below_7
white_wine_2804,5.5,0.15,0.32,14,0.031,16,99,0.99437,3.26,0.38,11.5,b86accd1a837e0c3,quality_7_plus
white_wine_2806,7.3,0.2,0.26,1.6,0.04,36,123,0.99238,3.34,0.44,10.8,003db7b8060ca114,quality_below_7
white_wine_2807,7.5,0.17,0.71,11.8,0.038,52,148,0.99801,3.03,0.46,8.9,5fe716409d9eb038,quality_below_7
white_wine_2808,7.5,0.18,0.72,9.6,0.039,53,151,0.99802,3.03,0.46,8.9,a80f5934663b70a9,quality_below_7
white_wine_2809,7,0.27,0.48,6.1,0.042,60,184,0.99566,3.2,0.5,9.4,1036c44974b08cd6,quality_below_7
white_wine_2810,5.8,0.32,0.31,2.7,0.049,25,153,0.99067,3.44,0.73,12.2,c6d34a1ce3fddce1,quality_7_plus
white_wine_2811,7.8,0.26,0.31,3.6,0.025,22,100,0.99066,2.99,0.47,12.1,37de556c7b467bab,quality_7_plus
white_wine_2812,7.4,0.3,0.32,1.7,0.03,23,128,0.9929,3.17,0.66,10.9,8a9b725d25515b65,quality_below_7
white_wine_2813,6.7,0.16,0.34,1.6,0.026,27,109,0.9934,3.34,0.58,10.1,f50065277c1567f7,quality_below_7
white_wine_2815,6.7,0.19,0.39,1,0.032,14,71,0.98912,3.31,0.38,13,b3ad9cbdf041ca4c,quality_7_plus
white_wine_2816,6.6,0.36,0.24,0.9,0.038,15,72,0.99066,3.23,0.39,11,ceb224f9073e5381,quality_below_7
white_wine_2817,7.2,0.17,0.41,1.6,0.052,24,126,0.99228,3.19,0.49,10.8,f941b206a22ea0c9,quality_below_7
white_wine_2819,6,0.11,0.47,10.6,0.052,69,148,0.9958,2.91,0.34,9.3,021912cd58787098,quality_below_7
white_wine_2820,6,0.21,0.34,2,0.042,63,123,0.99052,3.44,0.42,11.4,abe472daf99f916c,quality_below_7
white_wine_2821,6.7,0.325,0.82,1.2,0.152,49,120,0.99312,2.99,0.38,9.2,64ea8c5199a9890b,quality_below_7
white_wine_2822,6.6,0.4,0.46,6.2,0.056,42,241,0.9968,3.5,0.6,9.9,21c44900193597be,quality_below_7
white_wine_2823,6.5,0.2,0.24,9.2,0.044,25,150,0.99502,3.22,0.44,10.5,d1d8ffa058635d2a,quality_below_7
white_wine_2824,7.6,0.27,0.34,5,0.04,18,56,0.99084,3.06,0.48,12.4,2b39d76ce4196d16,quality_below_7
white_wine_2825,7.2,0.26,0.4,6.3,0.047,52,172,0.99573,3.18,0.53,9.5,24f2ed5b65658f59,quality_below_7
white_wine_2826,6.3,0.25,0.22,3.3,0.048,41,161,0.99256,3.16,0.5,10.5,7794fd4bbf7d9b95,quality_below_7
white_wine_2827,6.5,0.22,0.45,8,0.053,52,196,0.9959,3.23,0.48,9.1,755d4757a5c01029,quality_below_7
white_wine_2828,6.4,0.14,0.31,1.2,0.034,53,138,0.99084,3.38,0.35,11.5,32819b20e7a50c5d,quality_7_plus
white_wine_2830,7.1,0.26,0.32,16.2,0.044,31,170,0.99644,3.17,0.37,11.2,dc5c8c62eed0c511,quality_below_7
white_wine_2831,6.6,0.22,0.34,11.6,0.05,59,140,0.99526,3.22,0.4,10.8,364d6e6180d1d0e3,quality_below_7
white_wine_2832,6.6,0.45,0.43,7.2,0.064,31,186,0.9954,3.12,0.44,9.4,d8b4188aac650da4,quality_below_7
white_wine_2833,6.6,0.17,0.3,1.1,0.031,13,73,0.99095,3.17,0.58,11,7e050c49587c4096,quality_below_7
white_wine_2834,7.2,0.44,0.28,3.4,0.048,22,112,0.99188,3.21,0.37,11.3,6621ecdc2743147f,quality_7_plus
white_wine_2835,6.2,0.15,0.27,1.4,0.041,51,117,0.9909,3.28,0.38,11.2,db3aae65fa25633c,quality_below_7
white_wine_2838,7.3,0.26,0.3,9.3,0.05,35,154,0.99581,3.21,0.5,10.4,85d90851aeb0e4d2,quality_below_7
white_wine_2839,6.9,0.15,0.29,2.3,0.033,14,82,0.99132,3.1,0.58,11.2,6fbb8dccfb9a412c,quality_7_plus
white_wine_2840,5.8,0.22,0.29,0.9,0.034,34,89,0.98936,3.14,0.36,11.1,b4f223e1bd488582,quality_7_plus
white_wine_2841,6.5,0.37,0.33,3.5,0.036,23,92,0.99136,3.18,0.38,11.2,1f0f39084c669987,quality_below_7
white_wine_2842,5.5,0.375,0.38,1.7,0.036,17,98,0.99142,3.29,0.39,10.5,92b437d87261b522,quality_below_7
white_wine_2843,5.9,0.2,0.4,1.3,0.047,23,92,0.99232,3.2,0.45,10,b2d007c72f72bdb4,quality_below_7
white_wine_2844,5.9,0.22,0.38,1.3,0.046,24,90,0.99232,3.2,0.47,10,1a7d28befd6cbb47,quality_below_7
white_wine_2845,8,0.22,0.31,5.6,0.049,24,97,0.993,3.1,0.42,10.9,c36d73685fb56687,quality_below_7
white_wine_2846,6.5,0.22,0.29,7.4,0.028,16,87,0.99311,3.15,0.56,10.9,219f7d16bcab7a5c,quality_7_plus
white_wine_2848,5.8,0.2,0.34,1,0.035,40,86,0.98993,3.5,0.42,11.7,d83ce262da6586bb,quality_below_7
white_wine_2849,6.6,0.31,0.07,1.5,0.033,55,144,0.99208,3.16,0.42,10,bc02dbad155b83bd,quality_below_7
white_wine_2850,7.7,0.43,0.37,10,0.169,22,210,0.99776,3.02,0.64,9.5,35aa028f0965a17d,quality_below_7
white_wine_2851,6.7,0.24,0.29,14.9,0.053,55,136,0.99839,3.03,0.52,9,a85f4638f0c415b1,quality_below_7
white_wine_2852,7.3,0.23,0.34,9.3,0.052,19,86,0.99574,3.04,0.56,10,718a0b7dd7d582b7,quality_below_7
white_wine_2853,7.9,0.2,0.39,1,0.041,37,154,0.99093,3.08,0.43,11.9,633b568a6340ed4e,quality_below_7
white_wine_2854,5.3,0.16,0.39,1,0.028,40,101,0.99156,3.57,0.59,10.6,f36ff943947cac83,quality_below_7
white_wine_2855,6.4,0.21,0.28,5.9,0.047,29,101,0.99278,3.15,0.4,11,ca68b323377b3948,quality_below_7
white_wine_2856,6.9,0.33,0.26,5,0.027,46,143,0.9924,3.25,0.43,11.2,ba7ab56fe9b27190,quality_7_plus
white_wine_2857,5.6,0.18,0.58,1.25,0.034,29,129,0.98984,3.51,0.6,12,288ff301ccd25d7e,quality_7_plus
white_wine_2858,6.6,0.29,0.31,3.9,0.027,39,96,0.99035,3.24,0.6,12.6,4c6b5f693b4675fa,quality_7_plus
white_wine_2860,6.6,0.21,0.36,0.8,0.034,48,113,0.99165,3.24,0.68,10.5,322867ea14756962,quality_below_7
white_wine_2861,7.3,0.21,0.33,1,0.037,66,144,0.9923,3.11,0.52,10.2,fe7a602cc9835059,quality_below_7
white_wine_2863,5.1,0.11,0.32,1.6,0.028,12,90,0.99008,3.57,0.52,12.2,f8398d18c44e03a5,quality_below_7
white_wine_2864,6.5,0.15,0.32,1.3,0.036,19,76,0.98964,3.18,0.41,12.3,af2f81944416ef12,quality_below_7
white_wine_2866,5.6,0.19,0.46,1.1,0.032,33,115,0.9909,3.36,0.5,10.4,c8e53aa5dce2944c,quality_below_7
white_wine_2868,6.7,0.48,0.32,1.4,0.021,22,121,0.9889,3.15,0.53,12.7,c504314b8ee77961,quality_7_plus
white_wine_2869,6.2,0.23,0.23,1.2,0.018,18,128,0.99178,3.05,0.28,10.6,7e1c743690c6abe8,quality_below_7
white_wine_2870,6,0.17,0.29,5,0.028,25,108,0.99076,3.14,0.34,12.3,97607f2365014a6d,quality_below_7
white_wine_2872,6.7,0.15,0.38,1.7,0.037,20,84,0.99046,3.09,0.53,11.4,2d506f197d2d0812,quality_below_7
white_wine_2873,4.2,0.17,0.36,1.8,0.029,93,161,0.98999,3.65,0.89,12,d13e3ff783cab16c,quality_7_plus
white_wine_2874,5.8,0.21,0.32,1.6,0.045,38,95,0.98946,3.23,0.94,12.4,3792bdcf6603bb60,quality_7_plus
white_wine_2875,5.4,0.23,0.36,1.5,0.03,74,121,0.98976,3.24,0.99,12.1,ba69ca998efc5e6f,quality_7_plus
white_wine_2877,6.4,0.22,0.31,13.9,0.04,57,135,0.99672,3.21,0.38,10.7,9c7c254e1362e0bc,quality_below_7
white_wine_2878,6.5,0.15,0.55,5.9,0.045,75,162,0.99482,2.97,0.4,9.3,04da229e915038c9,quality_below_7
white_wine_2879,5.9,0.32,0.33,2.1,0.027,35,138,0.98945,3.37,0.42,12.7,48957f67e50c1681,quality_below_7
white_wine_2880,5.7,0.37,0.3,1.1,0.029,24,88,0.98883,3.18,0.39,11.7,a150446ce049b960,quality_below_7
white_wine_2881,7.9,0.25,0.35,6.7,0.039,22,64,0.99362,2.93,0.49,10.7,cfbcbfdb56434927,quality_below_7
white_wine_2882,7.2,0.21,0.28,2.7,0.033,38,94,0.99075,2.99,0.43,11.8,0abe261f95e916b5,quality_7_plus
white_wine_2883,7,0.24,0.3,6.7,0.039,37,125,0.99436,3.2,0.39,9.9,240e3862bc6cc497,quality_below_7
white_wine_2884,6.8,0.475,0.33,3.95,0.047,16,81,0.98988,3.23,0.53,13.4,d1b93ef3fa95c596,quality_7_plus
white_wine_2885,7,0.28,0.32,7.75,0.032,30,114,0.99158,3.12,0.64,12.8,bbbd6a1993c885e4,quality_7_plus
white_wine_2886,6.9,0.4,0.3,10.6,0.033,24,87,0.99265,3.15,0.45,12.8,b8afcdf7ce3e170a,quality_below_7
white_wine_2887,6.6,0.41,0.31,1.6,0.042,18,101,0.99195,3.13,0.41,10.5,90633344bb218e93,quality_below_7
white_wine_2888,6.4,0.2,0.28,2.5,0.032,24,84,0.99168,3.31,0.55,11.5,c05eb871f53ffe38,quality_below_7
white_wine_2889,8.5,0.22,0.34,0.7,0.04,5,25,0.9918,3.04,0.37,10.5,ba0448e90bddf668,quality_below_7
white_wine_2890,8.4,0.36,0.36,11.1,0.032,21,132,0.99313,2.95,0.39,13,a7f80d530666203d,quality_below_7
white_wine_2891,5.2,0.285,0.29,5.15,0.035,64,138,0.9895,3.19,0.34,12.4,01be1e129922620f,quality_7_plus
white_wine_2892,6.9,0.2,0.3,4.7,0.041,40,148,0.9932,3.16,0.35,10.2,24eb6ea980d58146,quality_below_7
white_wine_2893,6.7,0.42,0.46,9.7,0.054,67,234,0.99848,3.23,0.5,9,c88763ff90d13477,quality_below_7
white_wine_2894,6.2,0.16,0.34,1.7,0.038,85,153,0.9909,3.33,0.86,12,7c258926a315b549,quality_7_plus
white_wine_2895,6.4,0.125,0.36,1.4,0.044,22,68,0.99014,3.15,0.5,11.7,ff8d01fa51d5fa17,quality_7_plus
white_wine_2896,6.4,0.44,0.26,2,0.054,20,180,0.9952,3.58,0.57,10,e307e044b155173e,quality_below_7
white_wine_2897,7,0.31,0.39,7.5,0.055,42,218,0.99652,3.37,0.54,10.3,91172c77f14b41ff,quality_below_7
white_wine_2899,8.6,0.18,0.28,0.8,0.032,25,78,0.99104,2.99,0.38,11.1,30211fc57b370876,quality_below_7
white_wine_2900,6.2,0.21,0.26,13.1,0.05,59,150,0.99772,3.31,0.46,9,6bacc9a29e1bf92a,quality_below_7
white_wine_2901,6.1,0.16,0.37,1.1,0.031,37,97,0.9922,3.4,0.58,10.5,3b7d542f7df03bbc,quality_below_7
white_wine_2902,6.5,0.22,0.32,2.2,0.028,36,92,0.99076,3.27,0.59,11.9,d46fcfc9be3dd25f,quality_7_plus
white_wine_2903,6.2,0.36,0.14,8.9,0.036,38,155,0.99622,3.27,0.5,9.4,04c6bd662d80afa2,quality_below_7
white_wine_2904,5.7,0.21,0.25,1.1,0.035,26,81,0.9902,3.31,0.52,11.4,8592404c272a6390,quality_below_7
white_wine_2905,6.4,0.25,0.32,0.9,0.034,40,114,0.99114,3.31,0.58,10.8,f88fffea4692af2b,quality_7_plus
white_wine_2906,7.6,0.31,0.26,1.7,0.073,40,157,0.9938,3.1,0.46,9.8,5bec49ec151e8364,quality_below_7
white_wine_2907,6.6,0.26,0.46,6.9,0.047,59,183,0.99594,3.2,0.45,9.3,3c96151ce21cbb0f,quality_below_7
white_wine_2909,6.2,0.2,0.31,1,0.031,22,73,0.99035,3.24,0.52,11.3,c96add143cf4daa1,quality_below_7
white_wine_2910,6.2,0.18,0.3,1,0.031,23,73,0.99032,3.23,0.52,11.3,2ac0ce19cd240402,quality_below_7
white_wine_2911,6.1,0.37,0.2,7.6,0.031,49,170,0.99558,3.22,0.48,9.5,bd0fe68b7f55e430,quality_below_7
white_wine_2914,7.7,0.18,0.3,1.2,0.046,49,199,0.99413,3.03,0.38,9.3,0b7fa10c70066b39,quality_below_7
white_wine_2915,6.9,0.14,0.38,1,0.041,22,81,0.99043,3.03,0.54,11.4,8fccbb4d4c56e7e3,quality_below_7
white_wine_2917,6,0.44,0.26,3.1,0.053,57,128,0.98982,3.22,0.39,12.7,a8ac08e2875142cd,quality_below_7
white_wine_2918,7.1,0.36,0.4,1.95,0.033,26,118,0.98934,3.2,0.45,13.5,d94ed8239c728a70,quality_7_plus
white_wine_2919,5.7,0.28,0.28,2.2,0.019,15,65,0.9902,3.06,0.52,11.2,f0c9d2a72f4a92c2,quality_below_7
white_wine_2920,6.4,0.16,0.32,8.75,0.038,38,118,0.99449,3.19,0.41,10.7,48a6db3d0ce09c2f,quality_below_7
white_wine_2921,7.4,0.28,0.4,11.9,0.032,13,92,0.99629,3.01,0.46,10.8,ae38338b4f16aa0b,quality_below_7
white_wine_2922,6.7,0.39,0.31,2.7,0.054,27,202,0.9948,3.46,0.57,10.5,d7abc3155bf9b9c0,quality_below_7
white_wine_2923,6.5,0.44,0.47,5.45,0.014,44,137,0.98984,3.13,0.32,13,b31f04340b1ec418,quality_7_plus
white_wine_2924,6.9,0.22,0.31,6.3,0.029,41,131,0.99326,3.08,0.49,10.8,cf94453fcda4931d,quality_below_7
white_wine_2925,6.6,0.22,0.29,14.4,0.046,39,118,0.99834,3.05,0.5,9.1,e8cecfe600896e3d,quality_below_7
white_wine_2926,7.7,0.25,0.3,7.8,0.038,67,196,0.99555,3.1,0.5,10.1,3927b3e9c06b8537,quality_below_7
white_wine_2927,5.2,0.155,0.33,1.6,0.028,13,59,0.98975,3.3,0.84,11.9,cdf7488818b3c345,quality_7_plus
white_wine_2928,7,0.31,0.31,9.1,0.036,45,140,0.99216,2.98,0.31,12,dc7694aaf2869f8d,quality_7_plus
white_wine_2931,5.6,0.21,0.4,1.3,0.041,81,147,0.9901,3.22,0.95,11.6,b590fb5891d4517e,quality_7_plus
white_wine_2933,6.4,0.25,0.32,11.3,0.038,69,192,0.99573,3.14,0.5,10.2,d436b37aa748ea98,quality_below_7
white_wine_2935,5.3,0.21,0.29,0.7,0.028,11,66,0.99215,3.3,0.4,9.8,a9548ab101483784,quality_below_7
white_wine_2936,7.1,0.27,0.28,1.25,0.023,3,89,0.98993,2.95,0.3,11.4,b85db26247136e82,quality_below_7
white_wine_2937,5.2,0.17,0.27,0.7,0.03,11,68,0.99218,3.3,0.41,9.8,fb39f7e3dacf2317,quality_below_7
white_wine_2939,7,0.12,0.29,10.3,0.039,41,98,0.99564,3.19,0.38,9.8,dcfbfccd6bcaa66d,quality_7_plus
white_wine_2941,7.1,0.29,0.34,7.8,0.036,49,128,0.99397,3.21,0.4,10.7,43cdf2dcbae98983,quality_below_7
white_wine_2942,7.2,0.3,0.3,8.7,0.022,14,111,0.99576,3.11,0.61,10.6,1dc10ebeccae44e1,quality_below_7
white_wine_2943,6.8,0.26,0.46,8.3,0.037,49,173,0.99601,3.17,0.47,9.3,eb845f7e6d821a49,quality_below_7
white_wine_2946,4.9,0.33,0.31,1.2,0.016,39,150,0.98713,3.33,0.59,14,236cce187a0f54da,quality_7_plus
white_wine_2947,5.1,0.29,0.28,8.3,0.026,27,107,0.99308,3.36,0.37,11,1486789baa1522b7,quality_below_7
white_wine_2949,6.8,0.26,0.48,6.2,0.049,55,182,0.99582,3.21,0.45,9.4,ee69dd1df6c3d0e7,quality_below_7
white_wine_2950,6,0.28,0.52,5,0.078,30,139,0.99494,3.1,0.36,9,9eb9d35a06b22eac,quality_below_7
white_wine_2951,6,0.28,0.25,1.8,0.042,8,108,0.9929,3.08,0.55,9,2aec4453722983e2,quality_below_7
white_wine_2952,7.2,0.2,0.22,1.6,0.044,17,101,0.99471,3.37,0.53,10,abd5b67bd2c4ca00,quality_below_7
white_wine_2953,6.1,0.27,0.25,1.8,0.041,9,109,0.9929,3.08,0.54,9,c1eb14b1181ec6ca,quality_below_7
white_wine_2955,6.4,0.29,0.3,2.9,0.036,25,79,0.99037,3.29,0.6,12.4,8cdae7ed8b52e068,quality_7_plus
white_wine_2956,7.4,0.35,0.24,6,0.042,28,123,0.99304,3.14,0.44,11.3,fcc3a062f1a2e653,quality_below_7
white_wine_2957,8.1,0.12,0.38,0.9,0.034,36,86,0.99026,2.8,0.55,12,9338748e05c6dc93,quality_below_7
white_wine_2958,6.4,0.12,0.3,1.1,0.031,37,94,0.98986,3.01,0.56,11.7,b5e02e2bdb551c5e,quality_below_7
white_wine_2960,7.3,0.4,0.26,5.45,0.016,26,90,0.98951,2.84,0.54,13.2,b1d033eb0304d1ab,quality_7_plus
white_wine_2961,7.7,0.11,0.34,14.05,0.04,41,114,0.99634,3.07,0.59,11,932caa61dc310c9d,quality_7_plus
white_wine_2962,6.9,0.23,0.41,8,0.03,30,114,0.99368,3.22,0.54,11,6ee66551875ae22d,quality_below_7
white_wine_2963,6.9,0.38,0.38,13.1,0.112,14,94,0.99792,3.02,0.48,9.2,a8272598a982a6ae,quality_below_7
white_wine_2964,7.5,0.38,0.29,4.9,0.021,38,113,0.99026,3.08,0.48,13,4b0faf57101b683b,quality_7_plus
white_wine_2965,5.8,0.19,0.24,1.3,0.044,38,128,0.99362,3.77,0.6,10.6,49d8e3cfe65c128f,quality_below_7
white_wine_2966,5.5,0.34,0.26,2.2,0.021,31,119,0.98919,3.55,0.49,13,188e7a8e90012413,quality_7_plus
white_wine_2967,6.6,0.23,0.3,14.9,0.051,33,118,0.99835,3.04,0.54,9,ed9b548e8b961015,quality_below_7
white_wine_2969,8.4,0.31,0.31,0.95,0.021,52,148,0.99038,2.93,0.32,11.5,4ec3713fdc720526,quality_below_7
white_wine_2970,6.7,0.2,0.3,1.4,0.025,17,76,0.99104,3.11,0.44,11,5af3a02b11bf29b2,quality_below_7
white_wine_2972,7.3,0.26,0.24,1.7,0.05,10,112,0.99286,3.11,0.43,9.9,a7dd0bb6e1af3060,quality_below_7
white_wine_2973,6.3,0.22,0.22,5.6,0.039,31,128,0.99296,3.12,0.46,10.4,85895b9ffc233a6f,quality_below_7
white_wine_2975,7.5,0.19,0.4,7.1,0.056,50,110,0.9954,3.06,0.52,9.9,a64209eb1d93d79d,quality_below_7
white_wine_2976,8,0.14,0.33,1.2,0.045,71,162,0.9914,3.07,0.47,11,d78ae9c332f455c4,quality_below_7
white_wine_2977,6.8,0.32,0.39,9.6,0.026,34,124,0.99286,3.18,0.35,12.1,2712bc16246b0211,quality_below_7
white_wine_2978,6.6,0.23,0.2,11.4,0.044,45,131,0.99604,2.96,0.51,9.7,b421c6064ece0ec1,quality_below_7
white_wine_2980,6.7,0.36,0.26,7.9,0.034,39,123,0.99119,2.99,0.3,12.2,2554a5c5f0b772bd,quality_7_plus
white_wine_2981,6.1,0.38,0.42,5,0.016,31,113,0.99007,3.15,0.31,12.4,8373f1d4ad51a3a4,quality_7_plus
white_wine_2982,8.5,0.23,0.28,11.1,0.033,30,97,0.99507,3.03,0.39,10.5,8f9e409ffc6317cf,quality_7_plus
white_wine_2983,7,0.2,0.31,8,0.05,29,213,0.99596,3.28,0.57,10.4,0e5006b52ada1642,quality_below_7
white_wine_2984,6,0.26,0.32,3.8,0.029,48,180,0.99011,3.15,0.34,12,729fa5b91f638896,quality_below_7
white_wine_2985,6.9,0.3,0.3,10.55,0.037,4,28,0.99184,3.07,0.32,12.7,b2a8e833f3b76386,quality_below_7
white_wine_2986,6.7,0.18,0.28,10.2,0.039,29,115,0.99469,3.11,0.45,10.9,6365ff015db1e12c,quality_7_plus
white_wine_2988,6.8,0.18,0.28,9.8,0.039,29,113,0.99406,3.11,0.45,10.9,5a67a5db355e8a06,quality_7_plus
white_wine_2989,7.2,0.19,0.31,6.3,0.034,17,103,0.99305,3.15,0.52,11.4,8260b68c482007d8,quality_7_plus
white_wine_2990,6.2,0.16,0.32,1.1,0.036,74,184,0.99096,3.22,0.41,11,7697e2a29ba91759,quality_below_7
white_wine_2991,5,0.27,0.32,4.5,0.032,58,178,0.98956,3.45,0.31,12.6,d606dea3795bedde,quality_7_plus
white_wine_2992,6.3,0.37,0.28,6.3,0.034,45,152,0.9921,3.29,0.46,11.6,746cbc85c5390b64,quality_7_plus
white_wine_2993,6.6,0.2,0.27,10.9,0.038,29,130,0.99496,3.11,0.44,10.5,bf131efd79991e2c,quality_7_plus
white_wine_2996,6.6,0.28,0.34,0.8,0.037,42,119,0.9888,3.03,0.37,12.5,6579a682287991fe,quality_below_7
white_wine_2997,6.5,0.35,0.36,0.8,0.034,32,111,0.98942,3.11,0.5,12.1,e53e4a9aa06ab925,quality_7_plus
white_wine_2998,6.9,0.25,0.33,1.2,0.035,35,158,0.99082,3.02,0.58,11.3,646e1b2b797b7431,quality_below_7
white_wine_2999,6,0.32,0.3,1.3,0.025,18,112,0.98802,3.07,0.64,13.3,04f7245a1ec24f48,quality_7_plus
white_wine_3005,6.3,0.18,0.36,1.2,0.034,26,111,0.99074,3.16,0.51,11,20b2f35e5bf9b10b,quality_below_7
white_wine_3006,6.9,0.3,0.36,0.9,0.037,40,156,0.98968,3.08,0.36,12.1,6a8858e28c6b1b11,quality_below_7
white_wine_3009,5,0.3,0.33,3.7,0.03,54,173,0.9887,3.36,0.3,13,303311e3d3ee7b20,quality_7_plus
white_wine_3010,6.5,0.2,0.5,18.1,0.054,50,221,0.99941,2.94,0.64,8.8,578f1e143bd91d6f,quality_below_7
white_wine_3011,6.7,0.25,0.31,1.35,0.061,30.5,218,0.99388,3.16,0.53,9.5,97069d567fa4b0cd,quality_below_7
white_wine_3012,6.6,0.22,0.36,5.5,0.029,30,105,0.99206,3.2,0.47,11.8,495f63e117dbf5b3,quality_below_7
white_wine_3013,6.8,0.25,0.37,3.1,0.026,29,93,0.99035,3.14,0.45,12.2,5e3a4525c20c532d,quality_below_7
white_wine_3014,7,0.13,0.37,12.85,0.042,36,105,0.99581,3.05,0.55,10.7,d10fd362bfe76aaa,quality_below_7
white_wine_3015,7,0.45,0.34,19.8,0.04,12,67,0.9976,3.07,0.38,11,a410718cb7a41cc1,quality_below_7
white_wine_3016,7.2,0.32,0.3,8.25,0.02,14,104,0.99362,2.99,0.44,11.4,aaacbb6631371934,quality_below_7
white_wine_3018,5.9,0.34,0.3,3.8,0.035,57,135,0.99016,3.09,0.34,12,d3257c284af1d9a6,quality_below_7
white_wine_3019,6.8,0.22,0.31,6.9,0.037,33,121,0.99176,3.02,0.39,11.9,3cab6c5974684196,quality_7_plus
white_wine_3021,8.4,0.32,0.35,11.7,0.029,3,46,0.99439,3.02,0.34,11.8,52ce8d373816d784,quality_below_7
white_wine_3022,6.8,0.27,0.29,4.6,0.046,6,88,0.99458,3.34,0.48,10.6,7abaa95b3be6923a,quality_below_7
white_wine_3023,8,0.74,0.21,4,0.05,24,133,0.99418,3.06,0.38,9.7,8bc8dc341f17e8a7,quality_below_7
white_wine_3026,5.4,0.22,0.29,1.2,0.045,69,152,0.99178,3.76,0.63,11,51ff0717a59261b5,quality_7_plus
white_wine_3027,8.4,0.22,0.3,8.9,0.024,17,118,0.99456,2.99,0.34,10.5,b3f61cc493f55771,quality_below_7
white_wine_3028,7.4,0.32,0.22,11.7,0.035,44,150,0.99578,3.1,0.45,10.4,f2cbb95e095dde29,quality_below_7
white_wine_3029,7.5,0.18,0.37,6.2,0.05,21,138,0.99546,3.2,0.55,10.5,24112734cc81918a,quality_below_7
white_wine_3030,7.1,0.47,0.29,14.8,0.024,22,142,0.99518,3.12,0.48,12,8ce68dc7ed746fb2,quality_7_plus
white_wine_3032,5.8,0.19,0.25,10.8,0.042,33,124,0.99646,3.22,0.41,9.2,c1bfd1c68ed56c32,quality_below_7
white_wine_3033,6.7,0.14,0.46,1.6,0.036,15,92,0.99264,3.37,0.49,10.9,0732f5c2b698bf6a,quality_below_7
white_wine_3034,6.8,0.24,0.38,8.3,0.045,50,185,0.99578,3.15,0.5,9.5,a1efae3813dd50f0,quality_below_7
white_wine_3035,6.9,0.25,0.47,8.4,0.042,36,156,0.99604,3.15,0.55,9.4,fb863f571bd0a60b,quality_below_7
white_wine_3036,6,0.24,0.33,2.5,0.026,31,85,0.99014,3.13,0.5,11.3,5a8800906005325a,quality_7_plus
white_wine_3037,6.8,0.29,0.34,3.5,0.054,26,189,0.99489,3.42,0.58,10.4,952c86171276d7b0,quality_below_7
white_wine_3038,6.3,0.33,0.42,17.2,0.037,57,170,0.99884,3.26,0.57,9.4,be85c4f0660802d9,quality_below_7
white_wine_3039,6.5,0.23,0.45,2.1,0.027,43,104,0.99054,3.02,0.52,11.3,032999f40f3659cc,quality_below_7
white_wine_3040,6.3,0.27,0.29,12.2,0.044,59,196,0.99782,3.14,0.4,8.8,3d6df42c14909360,quality_below_7
white_wine_3041,6.3,0.2,0.37,11.8,0.045,58,130,0.99519,3.2,0.35,10.8,6647156a26b5889a,quality_below_7
white_wine_3042,6.2,0.33,0.41,16.8,0.037,58,173,0.99882,3.25,0.57,9.4,33579cc37ee70c92,quality_below_7
white_wine_3044,7.2,0.21,1,1.1,0.154,46,114,0.9931,2.95,0.43,9.2,7574716da62f47e0,quality_below_7
white_wine_3045,6,0.27,0.3,14.7,0.044,15,144,0.99666,3.12,0.53,10.3,06d7ce9899f79ff8,quality_below_7
white_wine_3046,5.7,0.12,0.26,5.5,0.034,21,99,0.99324,3.09,0.57,9.9,92ce6f0a0ed645a9,quality_below_7
white_wine_3047,6.9,0.24,0.37,6.1,0.027,38,112,0.99086,3.19,0.34,12.4,11e3e7a6bde707b4,quality_below_7
white_wine_3048,7.7,0.18,0.53,1.2,0.041,42,167,0.9908,3.11,0.44,11.9,dbd4f668a72b6239,quality_below_7
white_wine_3049,7.1,0.17,0.43,1.3,0.023,33,132,0.99067,3.11,0.56,11.7,fbe5b1c10aefca0f,quality_below_7
white_wine_3050,7.5,0.33,0.38,8.7,0.126,49,199,0.99711,2.98,0.57,9.4,f831956815ba79ea,quality_below_7
white_wine_3051,6.2,0.255,0.24,1.7,0.039,138.5,272,0.99452,3.53,0.53,9.6,4eca1f08f818a7fc,quality_below_7
white_wine_3053,5.6,0.2,0.66,10.2,0.043,78,175,0.9945,2.98,0.43,10.4,766759e329ef33ec,quality_7_plus
white_wine_3054,7.6,0.17,0.36,4.5,0.042,26,102,0.99427,3.09,0.47,9.5,e0d004448caaa189,quality_below_7
white_wine_3055,5.8,0.15,0.31,5.9,0.036,7,73,0.99152,3.2,0.43,11.9,260bdbfecee43049,quality_below_7
white_wine_3056,6.3,0.25,0.44,1.7,0.024,36,116,0.98935,3.18,0.4,12.5,b077c9261f3dcb39,quality_below_7
white_wine_3057,6.9,0.28,0.41,1.4,0.016,6,55,0.98876,3.16,0.4,13.4,753b293836102f1a,quality_below_7
white_wine_3058,7.2,0.27,0.37,5.4,0.026,27,114,0.99174,3.13,0.84,12.7,f4d0e83363ec989f,quality_below_7
white_wine_3059,6.2,0.25,0.38,7.9,0.045,54,208,0.99572,3.17,0.46,9.1,71c444fc84ee882a,quality_below_7
white_wine_3060,8.5,0.19,0.48,1.1,0.026,23,58,0.99184,2.9,0.5,10.5,edeb9c42d23b481d,quality_below_7
white_wine_3061,6.2,0.25,0.54,7,0.046,58,176,0.99454,3.19,0.7,10.4,1536233c06ac90e9,quality_below_7
white_wine_3063,6.8,0.28,0.43,7.6,0.03,30,110,0.99164,3.08,0.59,12.5,451f05c6e739e596,quality_7_plus
white_wine_3065,7.4,0.21,0.8,12.3,0.038,77,183,0.99778,2.95,0.48,9,38c91db626bb9e90,quality_below_7
white_wine_3066,7,0.15,0.38,15.3,0.045,54,120,0.9975,3.18,0.42,9.8,0bffd860b9b63a06,quality_below_7
white_wine_3068,7.3,0.28,0.42,1.2,0.033,29,142,0.99205,3.17,0.43,10.7,7b732597233bba0c,quality_below_7
white_wine_3069,6.1,0.18,0.38,2.3,0.033,28,111,0.98962,3.16,0.49,12.4,60d17f4cf6443a6d,quality_below_7
white_wine_3070,7,0.53,0.43,6.1,0.029,6,76,0.99118,3.08,0.5,12.5,439135ceac455fb9,quality_7_plus
white_wine_3072,6.5,0.36,0.38,10.2,0.028,20,82,0.99274,3.1,0.43,12.1,fad33c2dbc257843,quality_7_plus
white_wine_3073,7.5,0.25,0.47,4.1,0.041,95,163,0.99184,2.92,0.59,11.3,a8882bc2fea505ce,quality_below_7
white_wine_3074,6.7,0.24,0.41,2.9,0.039,48,122,0.99052,3.25,0.43,12,9992a65327ff893c,quality_below_7
white_wine_3075,6.6,0.25,0.33,8.5,0.042,29,141,0.99546,3.28,0.6,10.4,7592e670b6e20425,quality_below_7
white_wine_3076,6.4,0.15,0.4,1.5,0.042,23,87,0.98972,3.11,0.46,12.2,a40497866ec144c1,quality_7_plus
white_wine_3077,6.3,0.28,0.3,3.1,0.039,24,115,0.9942,3.05,0.43,8.6,6c75e324c5ef69f4,quality_below_7
white_wine_3079,7.1,0.28,0.35,3.5,0.028,35,91,0.99022,2.96,0.33,12.1,d003dd7bf80c5f00,quality_below_7
white_wine_3080,6.6,0.35,0.34,4.9,0.032,9,125,0.99253,3.32,0.81,12,5e352e7a93bb9833,quality_below_7
white_wine_3083,6,0.35,0.51,1.2,0.029,10,102,0.9903,3.46,0.42,11.9,0e02dfe9113243fd,quality_below_7
white_wine_3084,5.8,0.31,0.32,4.5,0.024,28,94,0.98906,3.25,0.52,13.7,9f7d902707cfa777,quality_7_plus
white_wine_3085,6.6,0.17,0.35,2.6,0.03,33,78,0.99146,3.22,0.72,11.3,8b223ee3cca1a77e,quality_below_7
white_wine_3086,8.5,0.23,0.4,9.9,0.036,24,88,0.9951,3.02,0.42,10.5,faee9f1f87cc94d4,quality_below_7
white_wine_3088,6.1,0.2,0.34,9.5,0.041,38,201,0.995,3.14,0.44,10.1,b9ed91b57e62c6e9,quality_below_7
white_wine_3089,6.3,0.37,0.37,1.5,0.024,12,76,0.98876,2.94,0.39,12.3,4ef8ae9f035ca9bf,quality_below_7
white_wine_3090,6.2,0.36,0.38,3.2,0.031,20,89,0.98956,3.06,0.33,12,2162a64c120bb93a,quality_7_plus
white_wine_3092,6.3,0.28,0.47,11.2,0.04,61,183,0.99592,3.12,0.51,9.5,d77b2c3a3ec45fd2,quality_below_7
white_wine_3093,7.6,0.27,0.52,3.2,0.043,28,152,0.99129,3.02,0.53,11.4,fd9f146759a22c32,quality_below_7
white_wine_3094,7,0.25,0.45,2.3,0.045,40,118,0.99064,3.16,0.48,11.9,ea69cf2585bef7e3,quality_7_plus
white_wine_3095,9.7,0.24,0.49,4.9,0.032,3,18,0.99368,2.85,0.54,10,f40b516d943cd6c4,quality_below_7
white_wine_3097,6.8,0.13,0.39,1.4,0.034,19,102,0.99121,3.23,0.6,11.3,d133a26ccbcd2937,quality_7_plus
white_wine_3098,6.6,0.78,0.5,1.5,0.045,30,133,0.99104,3.25,0.48,11.7,593ea15df86659dc,quality_below_7
white_wine_3099,5.1,0.33,0.27,6.7,0.022,44,129,0.99221,3.36,0.39,11,469ccd08cbf66775,quality_7_plus
white_wine_3100,6.7,0.34,0.4,2.1,0.033,34,111,0.98924,2.97,0.48,12.2,2e2814b4d80cc5fb,quality_7_plus
white_wine_3101,6.7,0.14,0.51,4.3,0.028,57,124,0.99176,2.91,0.54,10.7,93be9bb6f4ca4f61,quality_7_plus
white_wine_3102,7,0.26,0.34,10.9,0.038,25,84,0.99432,3.11,0.34,10.9,d5ac3f16ed6a0686,quality_below_7
white_wine_3103,6.5,0.29,0.26,7,0.04,18,113,0.99366,3.17,0.38,10.2,3fe2fb33e61c173a,quality_below_7
white_wine_3105,7.6,0.21,0.49,2.5,0.047,20,130,0.99178,3.15,0.48,11.1,24b4ff2a8f5bbb5c,quality_below_7
white_wine_3106,7.7,0.26,0.51,2.6,0.045,26,159,0.99126,3,0.5,11.2,aef74e329cfda6a3,quality_below_7
white_wine_3108,7.7,0.25,0.49,2.5,0.047,31,169,0.99252,3.07,0.57,10.6,56f48942b8566309,quality_below_7
white_wine_3109,7.6,0.35,0.46,14.7,0.047,33,151,0.99709,3.03,0.53,10.3,99ee2cdcb362c431,quality_below_7
white_wine_3110,6.9,0.3,0.36,4.5,0.054,31,203,0.99513,3.4,0.57,10.4,48d298b8d4ac2fe3,quality_below_7
white_wine_3111,6.7,0.24,0.46,2.2,0.033,19,111,0.99045,3.1,0.62,11.9,29cfaebc497859d8,quality_below_7
white_wine_3112,6.5,0.23,0.39,1.9,0.036,41,98,0.99,3.19,0.43,11.9,9631c30f84db6aae,quality_7_plus
white_wine_3113,7.6,0.23,0.34,1.6,0.043,24,129,0.99305,3.12,0.7,10.4,28d71a34703be956,quality_below_7
white_wine_3114,6.5,0.24,0.39,17.3,0.052,22,126,0.99888,3.11,0.47,9.2,8a6091e04273991f,quality_below_7
white_wine_3115,6.3,0.17,0.32,4.2,0.04,37,117,0.99182,3.24,0.43,11.3,444f4724a620d59d,quality_below_7
white_wine_3117,6.7,0.21,0.37,2.5,0.034,35,89,0.9913,3.25,0.5,11,f8202f030e13b241,quality_7_plus
white_wine_3119,5.9,0.28,0.39,1.4,0.031,47,147,0.98836,3.08,0.64,12.9,e73474611260d52e,quality_7_plus
white_wine_3120,5.9,0.19,0.37,0.8,0.027,3,21,0.9897,3.09,0.31,10.8,4e19bbd31eeb7524,quality_below_7
white_wine_3121,6.2,0.25,0.42,8,0.049,53,206,0.99586,3.16,0.47,9.1,67c933fe7ee4092c,quality_below_7
white_wine_3123,5.6,0.18,0.27,1.7,0.03,31,103,0.98892,3.35,0.37,12.9,148c30141c136325,quality_below_7
white_wine_3124,5.5,0.18,0.22,5.5,0.037,10,86,0.99156,3.46,0.44,12.2,ffcb28853841a431,quality_below_7
white_wine_3126,7.4,0.23,0.38,8.6,0.052,41,150,0.99534,3.06,0.46,10.3,d58c992ab38696d0,quality_below_7
white_wine_3127,7.2,0.17,0.37,6.9,0.059,47,128,0.99322,3.08,0.46,11,3a251df96ff7eae6,quality_7_plus
white_wine_3128,7.6,0.3,0.38,2.1,0.043,10,98,0.99296,3.17,0.65,11,e77cc5a6d7449ed0,quality_below_7
white_wine_3129,5,0.24,0.21,2.2,0.039,31,100,0.99098,3.69,0.62,11.7,6f1e5af34c3d1339,quality_below_7
white_wine_3130,6.1,0.21,0.38,1.5,0.039,37,122,0.98972,3.2,0.43,12,9aea7988ceb55cbe,quality_below_7
white_wine_3131,6.5,0.33,0.38,2.5,0.047,30,148,0.98964,3.17,0.43,12.7,0fd9c0653c3fe707,quality_below_7
white_wine_3132,6.3,0.35,0.26,17.6,0.061,59,198,0.99918,3.11,0.49,8.8,7d02bb13650956bf,quality_below_7
white_wine_3134,6.6,0.25,0.35,2.9,0.034,38,121,0.99008,3.19,0.4,12.8,c5d5c59e86a8a134,quality_below_7
white_wine_3135,6.5,0.16,0.33,4.8,0.043,45,114,0.992,3.18,0.44,11.2,af2168c72192ac90,quality_below_7
white_wine_3136,6.6,0.39,0.39,11.9,0.057,51,221,0.99851,3.26,0.51,8.9,6ce6fc73f145dc9e,quality_below_7
white_wine_3137,5.6,0.19,0.27,0.9,0.04,52,103,0.99026,3.5,0.39,11.2,788b77d346068adb,quality_below_7
white_wine_3138,6.2,0.25,0.39,1.3,0.051,42,135,0.9906,3.23,0.4,11.1,7df623d854e0bfb5,quality_below_7
white_wine_3139,6.9,0.22,0.43,6.4,0.042,34,115,0.99293,3.05,0.51,10.8,1fa183b6a433c416,quality_below_7
white_wine_3140,6.2,0.19,0.29,4.3,0.045,33,126,0.99658,3.18,0.42,9.3,e0d8164adbd360af,quality_below_7
white_wine_3142,5.9,0.33,0.32,8.1,0.038,9,34,0.9911,3.22,0.36,12.7,76d0831a1145b1fe,quality_7_plus
white_wine_3143,7.8,0.17,0.5,1.3,0.045,35,140,0.9904,3.16,0.4,12,fa0025f2a05c1a11,quality_below_7
white_wine_3144,5.5,0.19,0.27,0.9,0.04,52,103,0.99026,3.5,0.39,11.2,7304c5eb5c968697,quality_below_7
white_wine_3145,6.2,0.23,0.36,17.2,0.039,37,130,0.99946,3.23,0.43,8.8,d07f1d6b3e23e7f7,quality_below_7
white_wine_3148,7.2,0.32,0.4,8.7,0.038,45,154,0.99568,3.2,0.47,10.4,e4ef8c2eed6af1ed,quality_below_7
white_wine_3151,5.8,0.39,0.47,7.5,0.027,12,88,0.9907,3.38,0.45,14,ec793b43ec04dbf5,quality_below_7
white_wine_3153,7.6,0.25,1.23,4.6,0.035,51,294,0.99018,3.03,0.43,13.1,90fbe44b43f52119,quality_below_7
white_wine_3154,5.8,0.29,0.33,3.7,0.029,30,88,0.98994,3.25,0.42,12.3,6eb3ab1ad94095cb,quality_below_7
white_wine_3155,7.2,0.4,0.38,2.2,0.03,40,109,0.99075,3.27,0.46,12.6,1eaf58c0df958d3e,quality_below_7
white_wine_3156,6.8,0.39,0.34,7.4,0.02,38,133,0.99212,3.18,0.44,12,78d17a9a4889a57e,quality_7_plus
white_wine_3157,6.1,0.17,0.42,15.1,0.033,28,124,0.99684,2.87,0.47,9.5,f3d91cab3fed0130,quality_below_7
white_wine_3159,7.1,0.36,0.37,4.8,0.019,39,114,0.99036,3.08,0.49,12.7,f2436a9dc488263a,quality_7_plus
white_wine_3160,6.9,0.19,0.32,7.9,0.042,30,130,0.99456,3.4,0.39,10.5,4f0aa0576b10b2e6,quality_below_7
white_wine_3161,6.5,0.34,0.46,1,0.023,6,80,0.98865,3.15,0.54,12.9,122d2c9c32cac3c0,quality_below_7
white_wine_3165,7.8,0.3,0.36,4.6,0.024,20,198,0.99222,3.06,0.66,11.9,6236fb1411238332,quality_below_7
white_wine_3166,6.1,0.68,0.52,1.4,0.037,32,123,0.99022,3.24,0.45,12,c29d6ca87b1c0ff1,quality_below_7
white_wine_3167,5.2,0.34,0.37,6.2,0.031,42,133,0.99076,3.25,0.41,12.5,6c02b6dff1cd1490,quality_below_7
white_wine_3168,5.6,0.28,0.4,6.1,0.034,36,118,0.99144,3.21,0.43,12.1,882ad5af5e20b253,quality_7_plus
white_wine_3169,6.2,0.19,0.38,5.1,0.019,22,82,0.98961,3.05,0.36,12.5,a9f07a0142aaf480,quality_below_7
white_wine_3170,5.7,0.16,0.26,6.3,0.043,28,113,0.9936,3.06,0.58,9.9,4bac27226c46afa1,quality_below_7
white_wine_3171,7.6,0.17,0.46,0.9,0.036,63,147,0.99126,3.02,0.41,10.7,81c0dee4fbe3d3c3,quality_below_7
white_wine_3172,7.3,0.2,0.39,2.3,0.048,24,87,0.99044,2.94,0.35,12,3f3696bdd4ebac93,quality_below_7
white_wine_3173,6.7,0.33,0.36,6.6,0.042,34,116,0.99123,2.97,0.31,12.2,13c9031d436c8b4d,quality_7_plus
white_wine_3174,6.7,0.33,0.34,7.5,0.036,39,124,0.99123,2.99,0.32,12.4,d7689a7f2b51a5a5,quality_7_plus
white_wine_3175,6.9,0.36,0.35,8.6,0.038,37,125,0.9916,3,0.32,12.4,6dcd8843c2acb605,quality_7_plus
white_wine_3176,7.8,0.21,0.34,11.9,0.039,55,140,0.9959,3.02,0.31,10.3,0d56a9362a2f4d64,quality_below_7
white_wine_3178,5.6,0.41,0.22,7.1,0.05,44,154,0.9931,3.3,0.4,10.5,8029e0fe96810650,quality_below_7
white_wine_3179,7.6,0.15,0.35,4.3,0.051,23,98,0.99422,3.1,0.44,9.5,b7599828a246249e,quality_below_7
white_wine_3180,8.5,0.2,0.4,1.1,0.046,31,106,0.99194,3,0.35,10.5,ed7b94d7707e4676,quality_below_7
white_wine_3181,6.5,0.24,0.38,1,0.027,31,90,0.98926,3.24,0.36,12.3,631c06a237ead148,quality_below_7
white_wine_3182,8.3,0.16,0.37,7.9,0.025,38,107,0.99306,2.93,0.37,11.9,b82ba44b1062ec23,quality_below_7
white_wine_3183,5.5,0.12,0.33,1,0.038,23,131,0.99164,3.25,0.45,9.8,3cf3a2588e529bca,quality_below_7
white_wine_3185,6.2,0.1,0.41,1,0.04,17,76,0.98988,3.14,0.56,11.4,18acb229f7cd72d6,quality_7_plus
white_wine_3186,6.5,0.21,0.4,7.3,0.041,49,115,0.99268,3.21,0.43,11,5f632897510c60e1,quality_below_7
white_wine_3187,8.7,0.3,0.59,1.7,0.046,10,70,0.99373,3.06,0.56,10.8,49b60e82ca6a6e0c,quality_below_7
white_wine_3188,6.7,0.18,0.37,1.3,0.027,42,125,0.98939,3.24,0.37,12.8,ea1446190c5dffef,quality_7_plus
white_wine_3189,7,0.17,0.36,6.4,0.055,42,123,0.99318,3.11,0.5,11,110d95911daee3aa,quality_7_plus
white_wine_3190,6.6,0.19,0.33,1.8,0.035,42,148,0.99196,3.15,0.36,10.2,bb1bf20ecba94d33,quality_below_7
white_wine_3191,5.8,0.28,0.3,1.5,0.026,31,114,0.98952,3.32,0.6,12.5,82809072bb4081a8,quality_7_plus
white_wine_3192,7.6,0.24,0.44,3.8,0.037,49,146,0.9911,3.06,0.37,11.6,0581c55562d3a8e7,quality_below_7
white_wine_3195,5.7,0.16,0.32,1.2,0.036,7,89,0.99111,3.26,0.48,11,4873cb24e4bcd383,quality_below_7
white_wine_3196,7,0.21,0.42,5.3,0.037,36,123,0.99321,3.14,0.52,10.9,ac79e210ca9671d7,quality_below_7
white_wine_3197,6.4,0.22,0.38,9.1,0.044,35,127,0.99326,2.97,0.3,11,0aee085761fe7153,quality_7_plus
white_wine_3198,7.9,0.34,0.44,6.5,0.027,47,126,0.99124,2.96,0.37,12.5,70eb39011db3be77,quality_below_7
white_wine_3200,6.8,0.21,0.4,6.3,0.032,40,121,0.99214,3.18,0.53,12,b9e3a99376a65d66,quality_7_plus
white_wine_3201,5.2,0.31,0.36,5.1,0.031,46,145,0.9897,3.14,0.31,12.4,708eadd72df78b4d,quality_7_plus
white_wine_3203,5.6,0.42,0.34,2.4,0.022,34,97,0.98915,3.22,0.38,12.8,96b2ca08b8b7d999,quality_7_plus
white_wine_3205,6.8,0.28,0.34,7.5,0.035,34,177,0.99692,3.33,0.43,9.1,a613e916aa03a33e,quality_below_7
white_wine_3206,6.8,0.45,0.36,5,0.033,28,156,0.991,3.11,0.4,12.4,ed742e2c6ff63e29,quality_7_plus
white_wine_3207,6.6,0.29,0.39,6.75,0.031,22,98,0.9913,3.15,0.8,12.9,0a18d3d2c1bbd94d,quality_7_plus
white_wine_3208,6.8,0.21,0.42,1.2,0.045,24,126,0.99234,3.09,0.87,10.9,e68bcc4108e96e53,quality_below_7
white_wine_3209,6.8,0.25,0.24,1.6,0.045,39,164,0.99402,3.53,0.58,10.8,e4cb7c4120ab47d0,quality_below_7
white_wine_3210,6.4,0.21,0.34,16.05,0.04,56,142,0.99678,3.11,0.38,10.6,6d0560dc49ef73a4,quality_below_7
white_wine_3211,5.8,0.33,0.23,5,0.053,29,106,0.99458,3.13,0.52,9,d186653edc7a20a1,quality_below_7
white_wine_3212,8.2,0.3,0.44,12.4,0.043,52,154,0.99452,3.04,0.33,12,c8ed21f27fe91a75,quality_below_7
white_wine_3213,6.4,0.24,0.32,0.95,0.041,23,131,0.99033,3.25,0.35,11.8,1b79342704a077d1,quality_below_7
white_wine_3214,7.5,0.18,0.45,4.6,0.041,67,158,0.9927,3.01,0.38,10.6,287e3382a857ac82,quality_below_7
white_wine_3215,5.2,0.335,0.2,1.7,0.033,17,74,0.99002,3.34,0.48,12.3,ef1ef7a8dd449411,quality_below_7
white_wine_3216,7.1,0.14,0.33,1,0.104,20,54,0.99057,3.19,0.64,11.5,fd056a2b8d2bc729,quality_below_7
white_wine_3217,7.2,0.13,0.46,1.3,0.044,48,111,0.99127,2.97,0.45,11.1,21367add64df6bb5,quality_below_7
white_wine_3219,6.5,0.29,0.25,2.5,0.142,8,111,0.9927,3,0.44,9.9,3e2a9ff072aec536,quality_below_7
white_wine_3220,6.2,0.35,0.31,2.6,0.036,37,92,0.98938,3.27,0.53,12.8,0c0ee0edf9d50720,quality_7_plus
white_wine_3221,9,0.38,0.53,2.1,0.102,19,76,0.99001,2.93,0.57,12.9,a35ec93b8633b735,quality_below_7
white_wine_3222,6.6,0.24,0.38,12.75,0.034,8,74,0.99386,3.1,0.57,12.9,6aa8f25336ed1bda,quality_below_7
white_wine_3223,6.6,0.16,0.34,1.1,0.037,41,115,0.9899,3.01,0.68,12,10759789f38a9dc8,quality_below_7
white_wine_3225,5.7,0.15,0.28,3.7,0.045,57,151,0.9913,3.22,0.27,11.2,b5cbc7ffbf7db894,quality_below_7
white_wine_3226,6.6,0.33,0.4,2.65,0.041,35,86,0.98916,3.11,0.39,13.3,2f96f7e49c276945,quality_7_plus
white_wine_3227,5.7,0.2,0.3,2.5,0.046,38,125,0.99276,3.34,0.5,9.9,ac74543209fce34f,quality_below_7
white_wine_3228,6.8,0.27,0.37,8.2,0.055,52,192,0.99586,3.11,0.52,9.5,e840468dd620c492,quality_below_7
white_wine_3229,6.8,0.27,0.42,7.3,0.054,58,200,0.99556,3.12,0.49,9.4,15a7cdcf9fc81add,quality_below_7
white_wine_3230,6.2,0.2,0.26,1.1,0.047,42,119,0.99158,3.48,0.6,11,7e661355eae847cc,quality_7_plus
white_wine_3231,6.7,0.13,0.57,6.6,0.056,60,150,0.99548,2.96,0.43,9.4,f216ee52ec60af11,quality_below_7
white_wine_3232,6.8,0.21,0.37,7,0.038,27,107,0.99206,2.98,0.82,11.5,2141ffab16c52b95,quality_below_7
white_wine_3233,6.7,0.31,0.32,14.5,0.038,6,79,0.99412,3.14,0.34,12.5,fca0a959b5d96d53,quality_below_7
white_wine_3234,6.2,0.2,0.29,11.8,0.035,21,93,0.99364,3.18,0.34,11.9,7b43ce15fbb0255d,quality_below_7
white_wine_3235,6.6,0.25,0.34,3,0.054,22,141,0.99338,3.26,0.47,10.4,c4b1ab194b3927bb,quality_below_7
white_wine_3237,6.9,0.22,0.39,6,0.035,44,141,0.99123,3.11,0.33,12.5,68587cf5fc0a9364,quality_below_7
white_wine_3238,6.4,0.23,0.35,4.6,0.039,43,147,0.99216,3.18,0.4,11,7bd0797607dde26a,quality_7_plus
white_wine_3239,7.6,0.27,0.29,2.5,0.059,37,115,0.99328,3.09,0.37,9.8,d232bdf379eb1001,quality_below_7
white_wine_3240,6.6,0.34,0.24,3.3,0.034,29,99,0.99031,3.1,0.4,12.3,ddb45a4934f76546,quality_7_plus
white_wine_3241,6.4,0.16,0.42,1,0.036,29,113,0.9908,3.18,0.52,11,2af895d2fb342c2d,quality_below_7
white_wine_3242,5.8,0.3,0.42,1.1,0.036,19,113,0.98871,3.1,0.46,12.6,c98a846e240476f6,quality_7_plus
white_wine_3243,7,0.29,0.35,1.4,0.036,42,109,0.99119,3.31,0.62,11.6,cb3f51601dc5cd2d,quality_below_7
white_wine_3245,6.7,0.21,0.36,8.55,0.02,20,86,0.99146,3.19,0.22,13.4,85b6218853a501a9,quality_7_plus
white_wine_3247,6.8,0.22,0.41,6.7,0.034,39,116,0.99245,3.18,0.46,11.5,fc4b33a7c62e970b,quality_below_7
white_wine_3248,7.7,0.27,0.49,3.8,0.037,46,139,0.99116,3.04,0.38,11.6,5b61d6dc83effbda,quality_below_7
white_wine_3249,6.4,0.25,0.37,4.5,0.039,41,147,0.9921,3.18,0.4,11.1,c659d29b76941e91,quality_7_plus
white_wine_3251,6.7,0.13,0.45,4.2,0.043,52,131,0.99162,3.06,0.54,11.3,a7c783301a1d5f80,quality_below_7
white_wine_3252,6.7,0.24,0.37,11.3,0.043,64,173,0.99632,3.08,0.53,9.9,2619454f88aef1a3,quality_below_7
white_wine_3253,7.1,0.26,0.37,5.5,0.025,31,105,0.99082,3.06,0.33,12.6,fdc61a6ef8662cad,quality_7_plus
white_wine_3254,5.3,0.3,0.16,4.2,0.029,37,100,0.9905,3.3,0.36,11.8,084166dfcc58e7c8,quality_7_plus
white_wine_3255,7.1,0.38,0.4,2.2,0.042,54,201,0.99177,3.03,0.5,11.4,097d443b44019d02,quality_below_7
white_wine_3256,7.4,0.19,0.31,14.5,0.045,39,193,0.9986,3.1,0.5,9.2,5b6c73db817b806b,quality_below_7
white_wine_3262,6.3,0.32,0.32,1.5,0.03,24,101,0.98923,3.21,0.42,13,36a531e552f959cd,quality_below_7
white_wine_3263,7.6,0.19,0.32,18.75,0.047,32,193,1.00014,3.1,0.5,9.3,43af8e5a736e44f5,quality_7_plus
white_wine_3264,6.5,0.26,0.31,3.6,0.03,36,92,0.99026,3.22,0.62,12.6,ea292fc46acd754f,quality_7_plus
white_wine_3265,5.9,0.24,0.12,1.4,0.035,60,247,0.99358,3.34,0.44,9.6,36776f10385e7994,quality_below_7
white_wine_3266,4.2,0.215,0.23,5.1,0.041,64,157,0.99688,3.42,0.44,8.0,9947713fa12332ac,quality_below_7
white_wine_3267,8.1,0.24,0.32,10.5,0.03,34,105,0.99407,3.11,0.42,11.8,7b425c81281ea7e2,quality_below_7
white_wine_3268,5.8,0.23,0.2,2,0.043,39,154,0.99226,3.21,0.39,10.2,ef47249699260227,quality_below_7
white_wine_3269,7.5,0.33,0.36,2.6,0.051,26,126,0.99097,3.32,0.53,12.7,4ed98f9af1c34948,quality_below_7
white_wine_3270,6.6,0.38,0.36,9.2,0.061,42,214,0.9976,3.31,0.56,9.4,3b770a3f8e7fd9cf,quality_below_7
white_wine_3271,6.4,0.15,0.29,1.8,0.044,21,115,0.99166,3.1,0.38,10.2,c4ff5de6fb883eb7,quality_below_7
white_wine_3272,6.5,0.32,0.34,5.7,0.044,27,91,0.99184,3.28,0.6,12,cbda036014e45b8a,quality_7_plus
white_wine_3273,7.5,0.22,0.32,2.4,0.045,29,100,0.99135,3.08,0.6,11.3,cef7ab7fa445e073,quality_7_plus
white_wine_3274,6.4,0.23,0.32,1.9,0.038,40,118,0.99074,3.32,0.53,11.8,7b21f08bcb6be398,quality_7_plus
white_wine_3275,6.1,0.22,0.31,1.4,0.039,40,129,0.99193,3.45,0.59,10.9,49bb920b302c71da,quality_below_7
white_wine_3276,6.5,0.48,0.02,0.9,0.043,32,99,0.99226,3.14,0.47,9.8,dca5766f3b8a7b8c,quality_below_7
white_wine_3277,6.6,0.23,0.3,4.6,0.06,29,154,0.99142,3.23,0.49,12.2,16f3860352f274b9,quality_7_plus
white_wine_3278,6.4,0.16,0.25,1.4,0.057,21,125,0.99091,3.23,0.44,11.1,9f714b60cc6a431b,quality_7_plus
white_wine_3280,7.4,0.16,0.32,1.4,0.065,23,140,0.99134,3.06,0.47,11.4,80c19ea35dbb87f0,quality_below_7
white_wine_3282,6.5,0.32,0.3,2.3,0.051,20,127,0.98964,3.13,0.52,12.8,7054afd1f68ba3c7,quality_below_7
white_wine_3283,6.7,0.12,0.36,2.3,0.039,43,125,0.99229,3.07,0.67,10.1,c08165d9c2a6c974,quality_7_plus
white_wine_3284,6.6,0.2,0.14,4.4,0.184,35,168,0.99396,2.93,0.45,9.4,fbb82bf605f6d578,quality_below_7
white_wine_3285,8,0.34,0.25,6.4,0.035,38,103,0.99148,2.91,0.23,12.2,441385f72ed0259e,quality_below_7
white_wine_3286,6.8,0.21,0.31,2.9,0.046,40,121,0.9913,3.07,0.65,10.9,c90d79609ab0d9c1,quality_7_plus
white_wine_3287,6.8,0.23,0.31,2.8,0.047,40,122,0.99126,3.06,0.64,10.9,1bda3c4f9d8c9c59,quality_7_plus
white_wine_3290,6.6,0.28,0.42,8.2,0.044,60,196,0.99562,3.14,0.48,9.4,7fad54f9f364b9e5,quality_below_7
white_wine_3291,7.8,0.25,0.37,1,0.043,10,80,0.99128,3.08,0.38,11.4,127964436f769d39,quality_below_7
white_wine_3292,5.6,0.12,0.33,2.9,0.044,21,73,0.98896,3.17,0.32,12.9,7549d422d96a1b9e,quality_7_plus
white_wine_3293,6.6,0.28,0.41,7,0.046,59,194,0.99558,3.14,0.48,9.4,a2de6fde719724be,quality_below_7
white_wine_3294,6.8,0.17,0.35,1.8,0.04,29,84,0.98961,2.91,0.57,12,6b3b791b3695d66b,quality_7_plus
white_wine_3295,7.3,0.25,0.28,1.5,0.043,19,113,0.99338,3.38,0.56,10.1,7e29b7e0bc3d3257,quality_below_7
white_wine_3298,6.5,0.25,0.5,7.6,0.047,54,184,0.99572,3.17,0.45,9.2,49e4f24f36fc0f8f,quality_below_7
white_wine_3299,6.3,0.24,0.35,2.3,0.039,43,109,0.99056,3.34,0.44,11.8,e539dc6c22a4f85b,quality_below_7
white_wine_3300,6.8,0.32,0.32,8.7,0.029,31,105,0.99146,3,0.34,12.3,14defa4e5974c27d,quality_7_plus
white_wine_3303,6.6,0.24,0.28,6.7,0.032,26,91,0.99172,3.13,0.32,12.3,d08cf381a735dada,quality_below_7
white_wine_3304,6.3,0.22,0.34,5,0.032,36,93,0.99012,3.27,0.36,13.5,308a00fd70cbf86d,quality_7_plus
white_wine_3305,6,0.32,0.3,1.9,0.033,41,142,0.98912,3.29,0.42,12.8,7719bcca1dfe96e7,quality_7_plus
white_wine_3306,6.3,0.19,0.29,2,0.022,33,96,0.98902,3.04,0.54,12.8,4639a37a7f2dcac7,quality_7_plus
white_wine_3308,9.4,0.24,0.29,8.5,0.037,124,208,0.99395,2.9,0.38,11,433b85dd7b5644c1,quality_below_7
white_wine_3309,6.4,0.35,0.28,12.6,0.039,19,124,0.99539,3.2,0.43,10.6,fec7a138c2eb852a,quality_below_7
white_wine_3310,6.7,0.46,0.27,5.2,0.039,35,96,0.99129,3.16,0.44,12.4,5955e5a5146f607f,quality_7_plus
white_wine_3311,6.3,0.3,0.29,2.1,0.048,33,142,0.98956,3.22,0.46,12.9,c30bb5e8d62233f9,quality_7_plus
white_wine_3312,6,0.19,0.29,1.1,0.047,67,152,0.9916,3.54,0.59,11.1,14ef6b94b1aaa26d,quality_7_plus
white_wine_3313,5.9,0.24,0.28,1.3,0.032,36,95,0.98889,3.08,0.64,12.9,56575c55da8485e9,quality_7_plus
white_wine_3314,7.3,0.145,0.33,1.1,0.042,14,64,0.99012,3.1,0.37,11.8,fe607142f6a30c57,quality_7_plus
white_wine_3315,6.6,0.435,0.38,9.2,0.058,66,243,0.99833,3.23,0.54,9.1,36cd02fa3f9bf34c,quality_below_7
white_wine_3316,5.8,0.18,0.37,1.2,0.036,19,74,0.98853,3.09,0.49,12.7,9d93240378993bc9,quality_7_plus
white_wine_3317,5.8,0.18,0.37,1.1,0.036,31,96,0.98942,3.16,0.48,12,53626953c64cd0ec,quality_below_7
white_wine_3318,5.6,0.32,0.32,8.3,0.043,32,105,0.99266,3.24,0.47,11.2,6043d83b4d940674,quality_below_7
white_wine_3319,6.6,0.16,0.35,1.8,0.042,26,105,0.98962,3.19,0.75,12.4,5a8a37df63fc6244,quality_7_plus
white_wine_3320,5.1,0.21,0.28,1.4,0.047,48,148,0.99168,3.5,0.49,10.4,9cb4602d5c29994e,quality_below_7
white_wine_3321,7.5,0.29,0.36,15.7,0.05,29,124,0.9968,3.06,0.54,10.4,8c252c561ced6774,quality_below_7
white_wine_3322,6,0.26,0.33,4.35,0.04,15,80,0.98934,3.29,0.5,12.7,d615993c7d38eb62,quality_below_7
white_wine_3323,5.7,0.26,0.3,1.8,0.039,30,105,0.98995,3.48,0.52,12.5,2652b0311b62484e,quality_7_plus
white_wine_3324,7.1,0.17,0.31,1.6,0.037,15,103,0.991,3.14,0.5,12,06d077d919381fbc,quality_below_7
white_wine_3325,6.9,0.17,0.3,2,0.047,13,117,0.99152,3.16,0.51,11.6,12547f576aa7d651,quality_below_7
white_wine_3326,6.8,0.25,0.28,5,0.035,42,126,0.99048,3.12,0.38,12.6,0ad025dcd7024bd2,quality_7_plus
white_wine_3327,6.6,0.17,0.28,1.8,0.042,62,178,0.99204,3.15,0.42,10.2,2c4b57cdf27ef8f8,quality_below_7
white_wine_3328,5.8,0.17,0.36,1.3,0.036,11,70,0.99202,3.43,0.68,10.4,08bf6f2f6c9781b3,quality_7_plus
white_wine_3329,6.4,0.24,0.29,1,0.038,18,122,0.9906,3.3,0.42,11.5,08150e5de9570749,quality_below_7
white_wine_3330,6.7,0.21,0.34,1.4,0.049,36,112,0.99091,3.02,0.5,11,2480e0aa4160a513,quality_below_7
white_wine_3331,6.7,0.23,0.33,8.1,0.048,45,176,0.99472,3.11,0.52,10.1,b076e6db7325bbf7,quality_below_7
white_wine_3332,6.8,0.23,0.32,8.6,0.046,47,159,0.99452,3.08,0.52,10.5,af9ba4c9800b08e8,quality_below_7
white_wine_3333,6.5,0.22,0.28,3.7,0.059,29,151,0.99177,3.23,0.41,12.1,f2aead9bfb880284,quality_7_plus
white_wine_3334,5.1,0.165,0.22,5.7,0.047,42,146,0.9934,3.18,0.55,9.9,0ecaa91b833d0fd7,quality_below_7
white_wine_3335,6.6,0.425,0.25,2.35,0.034,23,87,0.99082,3.05,0.41,11.4,847776a8de43728c,quality_below_7
white_wine_3336,6.9,0.38,0.29,13.65,0.048,52,189,0.99784,3,0.6,9.5,04197b6911f0715e,quality_below_7
white_wine_3339,7.2,0.27,0.28,15.2,0.046,6,41,0.99665,3.17,0.39,10.9,69cc6a4c36bf2526,quality_below_7
white_wine_3340,7.6,0.17,0.27,4.6,0.05,23,98,0.99422,3.08,0.47,9.5,910cdbac5b28da52,quality_below_7
white_wine_3341,6.2,0.3,0.31,1.2,0.048,19,125,0.98999,3.32,0.54,12.6,3774339617f299e3,quality_below_7
white_wine_3343,6.5,0.26,0.32,6.65,0.059,34,104,0.99254,3.18,0.42,11.1,a026265a1e003b4f,quality_below_7
white_wine_3344,6.9,0.36,0.28,13.55,0.048,51,189,0.99782,3,0.6,9.5,b257c99ae7abb5fa,quality_7_plus
white_wine_3346,6.8,0.18,0.24,9.8,0.058,64,188,0.9952,3.13,0.51,10.6,69965bc262e2b152,quality_below_7
white_wine_3347,6.7,0.18,0.24,10.3,0.057,64,185,0.99519,3.12,0.5,10.6,5eef31c070f0e4cb,quality_below_7
white_wine_3348,6.6,0.16,0.21,6.7,0.055,43,157,0.99384,3.15,0.52,10.8,f443ad960e8c8c29,quality_below_7
white_wine_3350,6.4,0.17,0.27,9.9,0.047,26,101,0.99596,3.34,0.5,9.9,28611ed23243a938,quality_below_7
white_wine_3351,7.2,0.22,0.28,7.2,0.06,41,132,0.9935,3.08,0.59,11.3,2479fbe57a791f8a,quality_below_7
white_wine_3352,6,0.22,0.28,1.1,0.034,47,90,0.98862,3.22,0.38,12.6,b49d88958ffcabb0,quality_below_7
white_wine_3353,6.7,0.36,0.28,8.3,0.034,29,81,0.99151,2.96,0.39,12.5,318855645113efd3,quality_below_7
white_wine_3354,6.5,0.43,0.28,11.25,0.032,31,87,0.9922,3.02,0.38,12.4,aab7c0e16a1c8995,quality_below_7
white_wine_3355,5.9,0.2,0.28,12.8,0.038,29,132,0.99426,3.31,0.57,11.8,c008f6a6feefd9a4,quality_7_plus
white_wine_3356,5.3,0.32,0.23,9.65,0.026,26,119,0.99168,3.18,0.53,12.2,8d54e3a20a09ea30,quality_below_7
white_wine_3357,6.8,0.2,0.28,12.6,0.048,54,136,0.99556,3.19,0.37,10.7,f80230672cc7c792,quality_below_7
white_wine_3358,6,0.22,0.33,12.2,0.033,25,97,0.99356,3.17,0.42,11.3,5c3144990e1070c9,quality_7_plus
white_wine_3361,7.1,0.18,0.49,1.3,0.033,12,72,0.99072,3.05,0.53,11.3,c6a85589f4a56ff2,quality_7_plus
white_wine_3365,6,0.2,0.26,1.1,0.033,38,67,0.98954,3.14,0.38,11.5,35f3b6ab6f2bf30a,quality_below_7
white_wine_3366,7.6,0.2,0.26,4.8,0.033,26,76,0.99076,2.98,0.49,12.3,6892b48eb1af60b5,quality_7_plus
white_wine_3367,6.2,0.3,0.21,1.1,0.032,31,111,0.9889,2.97,0.42,12.2,02cd67e59f88fcd0,quality_below_7
white_wine_3368,6,0.29,0.25,1.4,0.033,30,114,0.98794,3.08,0.43,13.2,c5077d8b01b8218c,quality_below_7
white_wine_3369,6.6,0.18,0.28,1.7,0.041,53,161,0.99207,3.13,0.45,10.2,7de4aaa97139201d,quality_below_7
white_wine_3370,7,0.22,0.28,10.6,0.039,32,117,0.99355,3.05,0.55,11.5,e1f24b21defefed8,quality_7_plus
white_wine_3373,5.6,0.15,0.26,5.55,0.051,51,139,0.99336,3.47,0.5,11,9444b58414bb8ec7,quality_below_7
white_wine_3374,6.9,0.28,0.24,2.1,0.034,49,121,0.98882,2.98,0.43,13.2,57ae6d81b666661d,quality_7_plus
white_wine_3375,5.9,0.19,0.21,1.7,0.045,57,135,0.99341,3.32,0.44,9.5,9f68af4733411f8f,quality_below_7
white_wine_3376,7.8,0.22,0.26,9,0.047,38,132,0.997,3.25,0.53,10.2,2c6032bbea828fb5,quality_below_7
white_wine_3378,7,0.4,0.25,1.8,0.05,51,189,0.99174,3,0.55,11.4,6ffd8cab033314c4,quality_below_7
white_wine_3379,6.1,0.28,0.27,4.7,0.03,56,140,0.99042,3.16,0.42,12.5,aac35553df75f0a6,quality_7_plus
white_wine_3380,7.6,0.36,0.49,11.3,0.046,87,221,0.9984,3.01,0.43,9.2,0d9bfb49065816a9,quality_below_7
white_wine_3381,6.5,0.28,0.34,3.6,0.04,29,121,0.99111,3.28,0.48,12.1,187cdd7bd297b95f,quality_7_plus
white_wine_3382,6.9,0.19,0.35,6.9,0.045,51,125,0.9933,3.1,0.44,10.7,d3b8035790b2fcf8,quality_7_plus
white_wine_3384,6.4,0.22,0.32,4.9,0.046,50,156,0.99316,3.38,0.55,11.2,489eaf48f80eb461,quality_below_7
white_wine_3385,6.8,0.23,0.3,6.95,0.044,42,179,0.9946,3.25,0.56,10.6,aebbebf1e78af28a,quality_below_7
white_wine_3386,6.4,0.32,0.31,1.9,0.037,34,126,0.99,3.06,0.45,11.8,37811fe259db8d89,quality_below_7
white_wine_3389,8.8,0.39,0.35,1.8,0.096,22,80,0.99016,2.95,0.54,12.6,d55bd675349b79f4,quality_below_7
white_wine_3390,6.6,0.24,0.3,11.3,0.026,11,77,0.99381,3.13,0.55,12.8,6ba411da29de4f9c,quality_7_plus
white_wine_3391,6.9,0.29,0.3,8.2,0.026,35,112,0.99144,3,0.37,12.3,8c664e9c4b88edb9,quality_below_7
white_wine_3392,6.9,0.28,0.3,8.3,0.026,37,113,0.99139,2.99,0.38,12.3,878f7ae082bf4206,quality_7_plus
white_wine_3393,6.7,0.38,0.26,9.55,0.036,35,91,0.9919,2.98,0.37,12.4,9a34c44a56586711,quality_below_7
white_wine_3394,8,0.28,0.3,8.4,0.03,35,115,0.99192,2.93,0.42,12.3,e98638972a3f8342,quality_below_7
white_wine_3395,6.5,0.25,0.45,7.8,0.048,52,188,0.99576,3.2,0.53,9.1,9b6b579b4524f7a6,quality_below_7
white_wine_3396,6.6,0.26,0.46,7.8,0.047,48,186,0.9958,3.2,0.54,9.1,00f3acb09ae7a3bc,quality_below_7
white_wine_3397,7.4,0.29,0.28,10.2,0.032,43,138,0.9951,3.1,0.47,10.6,5f87b1103e5779a5,quality_below_7
white_wine_3398,6.3,0.19,0.29,5.5,0.042,44,189,0.99304,3.19,0.47,10.3,44181c278c8668cb,quality_below_7
white_wine_3399,6.1,0.33,0.32,7.8,0.052,52,183,0.99657,3.39,0.65,9.5,b047b73fcd88d485,quality_below_7
white_wine_3400,5.6,0.32,0.33,7.4,0.037,25,95,0.99268,3.25,0.49,11.1,248d58d18b55ad42,quality_below_7
white_wine_3401,7.7,0.46,0.18,3.3,0.054,18,143,0.99392,3.12,0.51,10.8,4120231d97c6f9df,quality_below_7
white_wine_3402,8.8,0.19,0.3,5,0.028,34,120,0.99242,2.94,0.47,11.2,50529a4866da7137,quality_below_7
white_wine_3404,8.8,0.27,0.25,5,0.024,52,99,0.9925,2.87,0.49,11.4,405befa920e44b36,quality_below_7
white_wine_3405,5.8,0.18,0.28,1.3,0.034,9,94,0.99092,3.21,0.52,11.2,f4ef98130c652de6,quality_below_7
white_wine_3406,5.8,0.15,0.32,1.2,0.037,14,119,0.99137,3.19,0.5,10.2,40c774e2a48c629a,quality_below_7
white_wine_3409,7.1,0.32,0.3,9.9,0.041,63,192,0.99642,3.12,0.49,10.2,f62fe13e174cc67f,quality_below_7
white_wine_3410,6.2,0.23,0.35,0.7,0.051,24,111,0.9916,3.37,0.43,11,27cb2997ae2652f6,quality_below_7
white_wine_3411,8.9,0.3,0.35,4.6,0.032,32,148,0.99458,3.15,0.45,11.5,e51232b96e95aa0b,quality_7_plus
white_wine_3412,6,0.14,0.17,5.6,0.036,37,127,0.99373,3.05,0.57,9.8,dce5342e59937898,quality_below_7
white_wine_3413,6.8,0.24,0.29,9.5,0.042,56,157,0.99586,3.11,0.51,10.1,5ed5a13c762348f0,quality_below_7
white_wine_3414,6.7,0.21,0.48,14.8,0.05,31,195,0.99942,2.95,0.75,8.8,c3724330e10b6644,quality_below_7
white_wine_3416,6.1,0.3,0.3,2.1,0.031,50,163,0.9895,3.39,0.43,12.7,bc575fab8d95a74a,quality_7_plus
white_wine_3417,7.2,0.37,0.4,11.6,0.032,34,214,0.9963,3.1,0.51,9.8,c8c5d1cd5a417368,quality_below_7
white_wine_3418,6.7,0.64,0.3,1.2,0.03,18,76,0.9892,3.16,0.6,12.9,d4063f6237899e36,quality_below_7
white_wine_3421,7.6,0.28,0.49,20.15,0.06,30,145,1.00196,3.01,0.44,8.5,3f28ead1bc5e0c05,quality_below_7
white_wine_3422,6.3,0.29,0.28,4.7,0.059,28,81,0.99036,3.24,0.56,12.7,ff833c1490c9468a,quality_7_plus
white_wine_3423,6.2,0.28,0.28,4.3,0.026,22,105,0.989,2.98,0.64,13.1,5e1e5ed0921c5773,quality_7_plus
white_wine_3424,7.1,0.18,0.39,14.5,0.051,48,156,0.99947,3.35,0.78,9.1,92bfacece981ed8c,quality_below_7
white_wine_3425,6.4,0.32,0.27,4.9,0.034,18,122,0.9916,3.36,0.71,12.5,e00ba83f66607bdf,quality_below_7
white_wine_3426,7.1,0.17,0.4,14.55,0.047,47,156,0.99945,3.34,0.78,9.1,39d66cda978a0ee6,quality_below_7
white_wine_3428,5.8,0.24,0.26,10.05,0.039,63,162,0.99375,3.33,0.5,11.2,e79c84a31c5f23ac,quality_below_7
white_wine_3432,7.1,0.18,0.39,15.25,0.047,45,158,0.99946,3.34,0.77,9.1,2c3d41ed80d91f8c,quality_below_7
white_wine_3433,7.8,0.29,0.29,3.15,0.044,41,117,0.99153,3.24,0.35,11.5,60bb21cbe1b717de,quality_below_7
white_wine_3434,6.2,0.255,0.27,1.3,0.037,30,86,0.98834,3.05,0.59,12.9,7b8550d50f6df24b,quality_7_plus
white_wine_3435,8.2,0.34,0.29,5.2,0.076,19,92,0.99138,2.95,0.39,12.5,7ce7866ed5b08798,quality_below_7
white_wine_3436,6.5,0.24,0.28,1.1,0.034,26,83,0.98928,3.25,0.33,12.3,899e35180cc82e82,quality_below_7
white_wine_3437,6.9,0.24,0.23,7.1,0.041,20,97,0.99246,3.1,0.85,11.4,448438c538d460cd,quality_below_7
white_wine_3438,6.7,0.4,0.22,8.8,0.052,24,113,0.99576,3.22,0.45,9.4,b23ce8bdd6a508d6,quality_below_7
white_wine_3439,6.7,0.3,0.44,18.5,0.057,65,224,0.99956,3.11,0.53,9.1,38d10dfa47f4fd05,quality_below_7
white_wine_3441,6.8,0.17,0.32,1.4,0.04,35,106,0.99026,3.16,0.66,12,8ef8b2797f0c4f39,quality_below_7
white_wine_3442,7.1,0.25,0.28,1.2,0.04,31,111,0.99174,3.18,0.53,11.1,506ab2dbe9d19456,quality_below_7
white_wine_3443,5.9,0.27,0.27,5,0.035,14,97,0.99058,3.1,0.33,11.8,e7eb28815d37ca67,quality_7_plus
white_wine_3444,6,0.16,0.22,1.6,0.042,36,106,0.9905,3.24,0.32,11.4,9a7baa8da4c20921,quality_below_7
white_wine_3445,6.7,0.3,0.44,18.75,0.057,65,224,0.99956,3.11,0.53,9.1,fa28f83f13a3694a,quality_below_7
white_wine_3446,6.6,0.15,0.32,6,0.033,59,128,0.99192,3.19,0.71,12.1,e516957c536992c0,quality_7_plus
white_wine_3447,7.3,0.34,0.3,9.4,0.057,34,178,0.99554,3.15,0.44,10.4,afb934b57deeb18a,quality_below_7
white_wine_3448,6,0.17,0.29,9.7,0.044,33,98,0.99536,3.12,0.36,9.2,ae229de992e12725,quality_below_7
white_wine_3449,6.7,0.47,0.29,4.75,0.034,29,134,0.99056,3.29,0.46,13,4018dedfef9e69db,quality_7_plus
white_wine_3451,6.6,0.21,0.29,5.35,0.029,43,106,0.99112,2.93,0.43,11.5,8eef299783df30fd,quality_7_plus
white_wine_3453,8,0.24,0.48,6.8,0.047,13,134,0.99616,3.23,0.7,10,48ccfebb177a8100,quality_below_7
white_wine_3454,5.6,0.34,0.3,6.9,0.038,23,89,0.99266,3.25,0.49,11.1,1ec4c762d6a6b49a,quality_below_7
white_wine_3455,5.8,0.54,0,1.4,0.033,40,107,0.98918,3.26,0.35,12.4,c0d93f381994a4b6,quality_below_7
white_wine_3456,7.3,0.23,0.24,0.9,0.031,29,86,0.98926,2.9,0.38,12.2,9188bb53c47a7e4a,quality_below_7
white_wine_3457,6,0.39,0.13,1.2,0.042,60,172,0.99114,3.06,0.52,10.6,d43fe6f2e809c31d,quality_below_7
white_wine_3458,6.1,0.105,0.31,1.3,0.037,55,145,0.9912,3.41,0.41,11.1,39009eaef7495e27,quality_7_plus
white_wine_3459,5.8,0.32,0.2,2.6,0.027,17,123,0.98936,3.36,0.78,13.9,bc3707e6959e2dcf,quality_7_plus
white_wine_3460,7.6,0.22,0.28,12,0.056,68,143,0.9983,2.99,0.3,9.2,d846b46a9d844f35,quality_below_7
white_wine_3461,6.8,0.19,0.4,9.85,0.055,41,103,0.99532,2.98,0.56,10.5,d12e700dfdf6c040,quality_below_7
white_wine_3462,6.7,0.24,0.3,3.85,0.042,105,179,0.99189,3.04,0.59,11.3,cd55269f012cca72,quality_7_plus
white_wine_3463,6.8,0.17,0.34,2,0.04,38,111,0.99,3.24,0.45,12.9,14511789a3e7217c,quality_below_7
white_wine_3464,6.2,0.3,0.31,1.6,0.035,40,106,0.98914,3.26,0.39,12.9,10087ee558965f55,quality_7_plus
white_wine_3465,6.9,0.29,0.41,7.8,0.046,52,171,0.99537,3.12,0.51,9.6,9b3560785887623f,quality_below_7
white_wine_3466,6.8,0.19,0.34,1.9,0.04,41,108,0.99,3.25,0.45,12.9,d7672998839977db,quality_below_7
white_wine_3468,6.6,0.24,0.27,10.3,0.047,54,219,0.99742,3.04,0.45,8.8,fb295624edcaa951,quality_below_7
white_wine_3469,6.6,0.16,0.36,1.1,0.031,27,93,0.98884,3.23,0.34,13.2,cbf26bcc877b1954,quality_7_plus
white_wine_3473,6.7,0.16,0.36,2,0.045,24,131,0.99284,3.3,0.59,10.5,33a30d04aef90951,quality_below_7
white_wine_3474,6.5,0.3,0.27,4,0.038,37,97,0.99026,3.2,0.6,12.6,d9a6dadb813c5c12,quality_7_plus
white_wine_3475,6.5,0.22,0.19,1.1,0.064,36,191,0.99297,3.05,0.5,9.5,ee16731b7d5181bc,quality_below_7
white_wine_3476,6.2,0.36,0.45,10.4,0.06,22,184,0.99711,3.31,0.56,9.8,07b95f714917177e,quality_below_7
white_wine_3477,6.2,0.37,0.24,6.1,0.032,19,86,0.98934,3.04,0.26,13.4,042b91bbea46ca50,quality_7_plus
white_wine_3478,7.6,0.31,0.24,1.8,0.037,39,150,0.9913,3.05,0.44,11.8,15e6fc7c311cc417,quality_7_plus
white_wine_3480,5.9,0.32,0.28,4.7,0.039,34,94,0.98964,3.22,0.57,13.1,06531a5c550d8fd4,quality_7_plus
white_wine_3482,5.8,0.22,0.3,1.1,0.047,36,131,0.992,3.26,0.45,10.4,63286fa61b87a461,quality_below_7
white_wine_3483,5.4,0.45,0.27,6.4,0.033,20,102,0.98944,3.22,0.27,13.4,ef5456daa332b377,quality_7_plus
white_wine_3484,6.1,0.36,0.26,8.15,0.035,14,88,0.99031,3.06,0.27,13,07bcd6314ee27a8c,quality_7_plus
white_wine_3486,7.5,0.21,0.32,4.8,0.056,39,113,0.99393,3.11,0.52,10.2,a684634a7f40b252,quality_7_plus
white_wine_3487,6.9,0.28,0.33,1.2,0.039,16,98,0.9904,3.07,0.39,11.7,853016a5eac2f829,quality_below_7
white_wine_3489,7.8,0.2,0.2,1.4,0.036,25,83,0.99088,3.03,0.46,11.7,863ec2589d7147e0,quality_below_7
white_wine_3490,6.7,0.28,0.31,7.4,0.041,7,81,0.99254,3.04,0.47,11.4,3c27cd24cc3ccc03,quality_7_plus
white_wine_3492,8,0.2,0.44,1,0.057,24,111,0.99158,3.09,0.32,11.2,f63439925ef1b377,quality_below_7
white_wine_3493,6,0.28,0.27,15.5,0.036,31,134,0.99408,3.19,0.44,13,539d8a6a740b85c0,quality_7_plus
white_wine_3495,6.7,0.24,0.36,8.4,0.042,42,123,0.99473,3.34,0.52,10.9,5761639ddfe5a427,quality_below_7
white_wine_3496,6.3,0.22,0.28,2.4,0.042,38,102,0.98998,3.14,0.37,11.6,609a534e6babafe2,quality_7_plus
white_wine_3497,6,0.24,0.28,3.95,0.038,61,134,0.99146,3.3,0.54,11.3,b2b487c7ed4949fd,quality_7_plus
white_wine_3498,7.7,0.43,1,19.95,0.032,42,164,0.99742,3.29,0.5,12,0c290471eefabffe,quality_below_7
white_wine_3499,6.4,0.3,0.36,2,0.052,18,141,0.99273,3.38,0.53,10.5,51762f3d65fb0753,quality_below_7
white_wine_3500,6.1,0.33,0.3,3,0.036,30,124,0.98922,3.31,0.4,13.1,93a6c41f1d3c6213,quality_7_plus
white_wine_3503,6.7,0.29,0.45,14.3,0.054,30,181,0.99869,3.14,0.57,9.1,ab8e4430c1cbc907,quality_below_7
white_wine_3504,6.9,0.33,0.31,4.2,0.04,21,93,0.9896,3.18,0.48,13.4,3624628deddbfb28,quality_7_plus
white_wine_3505,6.5,0.16,0.34,1.4,0.029,29,133,0.99108,3.33,0.64,11.5,888d8766f9296afd,quality_7_plus
white_wine_3506,6,0.2,0.32,3,0.031,26,118,0.99134,3.38,0.68,11.2,b5c17ed5312bc7a2,quality_7_plus
white_wine_3507,7.5,0.33,0.28,4.9,0.042,21,155,0.99385,3.36,0.57,10.9,83ea54b396e1ce41,quality_below_7
white_wine_3508,7.1,0.36,0.28,2.4,0.036,35,115,0.98936,3.19,0.44,13.5,f6943487f25ce60a,quality_7_plus
white_wine_3510,6.4,0.26,0.25,10.7,0.046,66,179,0.99606,3.17,0.55,9.9,7d314568e0ab6c1f,quality_below_7
white_wine_3511,7,0.22,0.24,11,0.041,75,167,0.99508,2.98,0.56,10.5,68f876f0b7220604,quality_below_7
white_wine_3512,6.5,0.19,0.28,1.4,0.046,22,90,0.99038,3.18,0.51,11.7,8056e805b74e491d,quality_7_plus
white_wine_3513,6.3,0.21,0.31,1.2,0.043,30,117,0.99158,3.49,0.68,11,e820ccfc95a846dc,quality_below_7
white_wine_3514,7.9,0.35,0.28,12.9,0.032,13,63,0.9932,2.99,0.43,13,bd4e3eda28eae615,quality_below_7
white_wine_3515,7.7,0.38,0.23,10.8,0.03,28,95,0.99164,2.93,0.41,13.6,7c3f8ec1a1445688,quality_below_7
white_wine_3516,6.8,0.19,0.33,1.3,0.031,22,87,0.98987,3.08,0.62,12.3,1b2b3998a8708f44,quality_7_plus
white_wine_3517,7.2,0.33,0.34,2,0.044,61,171,0.98947,3.25,0.53,13.3,cdb3456e374f7bcf,quality_7_plus
white_wine_3518,6.6,0.29,0.29,1.8,0.036,38,102,0.98819,3.08,0.42,13.7,49ca9ad2f19e700a,quality_7_plus
white_wine_3519,7.5,0.2,0.41,1.2,0.05,26,131,0.99133,3.19,0.52,11.1,89ae3dd6d3d0dda3,quality_below_7
white_wine_3520,6.9,0.33,0.62,7.5,0.038,46,132,0.99143,3.23,0.43,13.4,c938c94233469613,quality_7_plus
white_wine_3521,6,0.23,0.15,9.7,0.048,101,207,0.99571,3.05,0.3,9.1,c0339f2442ad4732,quality_below_7
white_wine_3522,5.9,0.23,0.24,3.8,0.038,61,152,0.99139,3.31,0.5,11.3,58fb880d4b448b67,quality_7_plus
white_wine_3523,6.6,0.32,0.41,7.2,0.048,55,178,0.99537,3.2,0.46,9.4,03eb179ca9fc02fd,quality_below_7
white_wine_3525,5.3,0.36,0.27,6.3,0.028,40,132,0.99186,3.37,0.4,11.6,3b202e3e175e7308,quality_below_7
white_wine_3527,8.9,0.27,0.28,0.8,0.024,29,128,0.98984,3.01,0.35,12.4,236e1f9575adde2e,quality_below_7
white_wine_3528,7.6,0.23,0.29,8.6,0.053,65,146,0.9963,3.11,0.32,9.8,c02eca2556b78cd0,quality_below_7
white_wine_3529,6.9,0.75,0.13,6.3,0.036,19,50,0.99312,3.09,0.25,11.1,8ef837f62f3ef101,quality_below_7
white_wine_3530,7.1,0.35,0.27,3.1,0.034,28,134,0.9897,3.26,0.38,13.1,f3d34e4e0fb73d1d,quality_7_plus
white_wine_3531,7.2,0.31,0.35,7.2,0.046,45,178,0.9955,3.14,0.53,9.7,c4256bca22d8d067,quality_below_7
white_wine_3532,6.4,0.28,0.44,7.1,0.048,49,179,0.99528,3.15,0.48,9.2,9f6e0ee4efd95e8f,quality_below_7
white_wine_3533,7.2,0.23,0.46,6.4,0.036,17,85,0.99279,3.1,0.78,11.7,c83e9073bd143298,quality_below_7
white_wine_3534,6.6,0.22,0.3,14.7,0.045,50,136,0.99704,3.14,0.37,10.6,46782dc4a6e564c8,quality_below_7
white_wine_3537,7.2,0.24,0.28,1.9,0.032,30,92,0.9914,3.1,0.39,10.9,8f36ca4ad3b5f1e5,quality_below_7
white_wine_3538,6.2,0.27,0.47,1.2,0.146,28,105,0.99224,3.23,0.51,10.1,cd10c54e5ca3d7ac,quality_below_7
white_wine_3539,6.5,0.28,0.25,4.8,0.029,54,128,0.99074,3.17,0.44,12.2,e5217d66de42b4eb,quality_7_plus
white_wine_3540,7.2,0.27,0.31,1.2,0.031,27,80,0.98892,3.03,0.33,12.7,cb7ac44c8ecd1cdb,quality_below_7
white_wine_3541,7.8,0.28,0.25,3.4,0.024,27,99,0.98959,2.98,0.37,13,42910e29dbbd5bfa,quality_below_7
white_wine_3542,8.1,0.26,0.27,4.3,0.03,43,123,0.99212,3.16,0.33,11.2,ac6aa7155562c953,quality_below_7
white_wine_3543,6.6,0.23,0.37,8.5,0.036,46,153,0.99576,3.2,0.48,9.4,87b6f2b58a8a59c2,quality_below_7
white_wine_3544,6,0.33,0.2,1.8,0.031,49,159,0.9919,3.41,0.53,11,6e0b9b4e1e9c667b,quality_below_7
white_wine_3546,7.3,0.2,0.29,19.5,0.039,69,237,1.00037,3.1,0.48,9.2,cc028357782c0b6a,quality_below_7
white_wine_3548,7.3,0.2,0.29,19.9,0.039,69,237,1.00037,3.1,0.48,9.2,27886144d833eace,quality_below_7
white_wine_3549,6.2,0.47,0.19,8.3,0.029,24,142,0.992,3.22,0.45,12.3,a76612bfa31ad862,quality_below_7
white_wine_3551,7.2,0.14,0.32,1.1,0.022,48,116,0.99218,3.04,0.67,10,042019819d0b8dac,quality_below_7
white_wine_3552,5.7,0.22,0.22,16.65,0.044,39,110,0.99855,3.24,0.48,9,9443e19da1e6b186,quality_below_7
white_wine_3555,8.1,0.2,0.28,0.9,0.023,49,87,0.99062,2.92,0.36,11.1,8c4e8c4642b9e201,quality_below_7
white_wine_3556,5.8,0.14,0.15,6.1,0.042,27,123,0.99362,3.06,0.6,9.9,44efb688e1434b23,quality_below_7
white_wine_3557,4.8,0.21,0.21,10.2,0.037,17,112,0.99324,3.66,0.48,12.2,9ff4c09bec6794ee,quality_7_plus
white_wine_3560,7.5,0.34,0.24,3.85,0.031,5,34,0.99098,3.01,0.36,11.8,05d818e9586598eb,quality_below_7
white_wine_3561,6.6,0.64,0.28,4.4,0.032,19,78,0.99036,3.11,0.62,12.9,31343c7fbf6fd7c7,quality_below_7
white_wine_3562,7,0.48,0.12,4.5,0.05,23,86,0.99398,2.86,0.35,9,a2a14b574e359952,quality_below_7
white_wine_3563,7.6,0.37,0.34,3.2,0.028,42,162,0.9903,3.01,0.33,12.4,5a68a55035f033b7,quality_below_7
white_wine_3566,8,0.25,0.27,9.7,0.036,15,85,0.99406,2.99,0.36,11.2,e45e7fe281099c64,quality_below_7
white_wine_3567,7.6,0.38,0.28,4.2,0.029,7,112,0.9906,3,0.41,12.6,4d65d0e52d609a72,quality_below_7
white_wine_3568,6.9,0.26,0.27,4.2,0.031,20,80,0.99089,3.12,0.39,11.5,2141199039ffd089,quality_below_7
white_wine_3569,7.8,0.15,0.34,1.1,0.035,31,93,0.99096,3.07,0.72,11.3,369f20e8a7971781,quality_7_plus
white_wine_3572,5.9,0.655,0,5.6,0.033,8,31,0.9936,3.32,0.51,10.5,0556c94978cfc0f2,quality_below_7
white_wine_3574,7.8,0.31,0.4,1.6,0.027,20,87,0.9911,3.15,0.48,11.9,2d4275a54676e3b7,quality_below_7
white_wine_3575,8.1,0.17,0.21,1.6,0.036,24,119,0.99396,3.18,0.52,10.1,23b094a5e9a05277,quality_below_7
white_wine_3576,6.8,0.18,0.28,1.1,0.027,32,112,0.99089,3.15,0.45,11,bd8dd39d269bc1cc,quality_7_plus
white_wine_3577,7.4,0.28,0.36,14.6,0.048,35,161,0.9968,3.14,0.56,10.6,0bfa35b92ad5ca1d,quality_below_7
white_wine_3578,7.3,0.23,0.27,2.6,0.035,39,120,0.99138,3.04,0.59,11.3,cfa38578b39de232,quality_7_plus
white_wine_3579,6.7,0.22,0.22,1.2,0.038,5,124,0.99098,3.1,0.37,11.2,60081882b9d9b105,quality_below_7
white_wine_3580,7.4,0.25,0.28,7.25,0.028,14,78,0.99238,2.94,0.37,11.5,2207388c213b2328,quality_7_plus
white_wine_3581,7.5,0.3,0.21,6.55,0.026,33,143,0.99244,2.92,0.35,11.1,8aedfb37ebda67bf,quality_below_7
white_wine_3582,7.2,0.26,0.24,7,0.023,19,130,0.99176,3.14,0.49,12.8,a960add12e39e450,quality_7_plus
white_wine_3583,6.3,0.32,0.32,1.5,0.037,12,76,0.98993,3.3,0.46,12.3,f7545e46ac401109,quality_below_7
white_wine_3584,7.7,0.24,0.3,1.4,0.041,15,102,0.9929,3.26,0.53,10.4,9f42091bbe4165e2,quality_below_7
white_wine_3586,7,0.24,0.35,1,0.032,42,104,0.98988,3.16,0.37,11.7,5325685e5d2162c6,quality_7_plus
white_wine_3587,5.8,0.28,0.28,4.2,0.044,52,158,0.992,3.35,0.44,10.7,9a19c209e2c81a95,quality_7_plus
white_wine_3588,6.8,0.19,0.71,17.5,0.042,21,114,0.99784,2.85,0.5,9.5,6ad00d1a24745dd2,quality_below_7
white_wine_3591,6.6,0.19,0.35,1.5,0.037,37,107,0.99006,3.18,0.68,12,b6e1e6cdef8fe8ac,quality_7_plus
white_wine_3592,6.4,0.28,0.36,1.3,0.053,28,186,0.99211,3.31,0.45,10.8,34eafd1e5043c3f6,quality_below_7
white_wine_3593,5.6,0.28,0.27,3.9,0.043,52,158,0.99202,3.35,0.44,10.7,1be370a6b51e53f3,quality_7_plus
white_wine_3594,5.6,0.28,0.28,4.2,0.044,52,158,0.992,3.35,0.44,10.7,5438d061b2f604fb,quality_7_plus
white_wine_3595,6.8,0.19,0.32,7.6,0.049,37,107,0.99332,3.12,0.44,10.7,2e60bd642cfce7c9,quality_7_plus
white_wine_3596,7.2,0.16,0.29,1,0.031,40,123,0.98958,3.12,0.4,12.1,e17495d8d60c3edc,quality_7_plus
white_wine_3597,6.6,0.17,0.28,1.1,0.034,55,108,0.98939,3,0.52,11.9,64c507ed1f1ebd60,quality_7_plus
white_wine_3598,6.6,0.19,0.28,11.8,0.042,54,137,0.99492,3.18,0.37,10.8,c8e7e7ee4c6c53eb,quality_below_7
white_wine_3599,5.8,0.2,0.24,1.4,0.033,65,169,0.99043,3.59,0.56,12.3,1fbc4fff059f722b,quality_7_plus
white_wine_3600,6.6,0.39,0.38,9.7,0.053,49,226,0.99787,3.3,0.57,9.4,21ec6f4a94d38600,quality_below_7
white_wine_3601,6.8,0.12,0.3,12.9,0.049,32,88,0.99654,3.2,0.35,9.9,b1e6f83871eaee26,quality_below_7
white_wine_3602,6.6,0.295,0.24,1.6,0.039,29,140,0.99304,3.35,0.61,10.4,8501b35d5baa2c1b,quality_7_plus
white_wine_3603,6.6,0.26,0.24,7.2,0.038,28,137,0.9952,3.35,0.6,10.4,63d39b3a69f33445,quality_below_7
white_wine_3604,7,0.32,0.27,7.1,0.027,37,122,0.99165,3.15,0.6,12.6,7315193629665fa1,quality_7_plus
white_wine_3605,7.4,0.36,0.23,1.9,0.017,31,69,0.9892,2.93,0.36,12.5,66e38ac3e30dd5ba,quality_below_7
white_wine_3606,6.7,0.35,0.48,8.8,0.056,35,167,0.99628,3.04,0.47,9.4,48af62e9d1dd879f,quality_below_7
white_wine_3607,6.4,0.38,0.24,7.2,0.047,41,151,0.99604,3.11,0.6,9.2,e44e9488db73a190,quality_below_7
white_wine_3608,6.8,0.14,0.18,1.4,0.047,30,90,0.99164,3.27,0.54,11.2,ee981952d4c898b2,quality_below_7
white_wine_3609,7,0.16,0.25,14.3,0.044,27,149,0.998,2.91,0.46,9.2,41c32d9a8c2083b7,quality_below_7
white_wine_3613,6.8,0.16,0.18,1.8,0.046,31,114,0.99226,3.27,0.55,10.8,1143b1fd96a69854,quality_below_7
white_wine_3616,7.2,0.24,0.3,1.2,0.037,11,95,0.98914,2.96,0.36,12.5,f6d5f7682d10f5ad,quality_below_7
white_wine_3617,7.7,0.32,0.61,11.8,0.041,66,188,0.99794,3,0.54,9.3,051b95a02ba306c2,quality_below_7
white_wine_3618,7,0.29,0.33,0.9,0.041,20,117,0.99048,3.21,0.5,11.4,557217191c2791b2,quality_below_7
white_wine_3619,7.1,0.27,0.24,12.6,0.044,48,118,0.99726,3.04,0.56,10,68e6dfaa61fcd294,quality_7_plus
white_wine_3620,6.8,0.45,0.28,26.05,0.031,27,122,1.00295,3.06,0.42,10.6,f1335292bb04fc8f,quality_below_7
white_wine_3621,6.3,0.2,0.26,4.7,0.04,108,168,0.99278,3.07,0.75,10.7,1e9113c9856c600f,quality_7_plus
white_wine_3625,6.6,0.36,0.28,6.1,0.029,12,93,0.99054,3.19,0.27,12.8,e5d3ee3e4654bb21,quality_7_plus
white_wine_3628,6.4,0.37,0.2,5.6,0.117,61,183,0.99459,3.24,0.43,9.5,64f319ab25aaf4a1,quality_below_7
white_wine_3629,6.4,0.38,0.2,5.3,0.117,57,181,0.99459,3.24,0.43,9.5,949aa90a8ce9c629,quality_below_7
white_wine_3630,6.4,0.36,0.2,5.7,0.118,61,172,0.9946,3.24,0.43,9.5,e3ffe15b551db9aa,quality_below_7
white_wine_3631,6.6,0.3,0.25,8,0.036,21,124,0.99362,3.06,0.38,10.8,449f20691fd74a76,quality_below_7
white_wine_3633,6.5,0.21,0.51,17.6,0.045,34,125,0.99966,3.2,0.47,8.8,797baef100127f8c,quality_below_7
white_wine_3635,7.6,0.31,0.27,8.8,0.021,57,156,0.99442,3.08,0.38,11,f90e60cce164a023,quality_7_plus
white_wine_3636,5.8,0.58,0,1.5,0.02,33,96,0.98918,3.29,0.38,12.4,3f8345dc41d58c0f,quality_below_7
white_wine_3637,6.5,0.26,0.39,1.4,0.02,12,66,0.99089,3.25,0.75,11.3,d2f82a2765f83b15,quality_7_plus
white_wine_3638,8.7,0.3,0.34,4.8,0.018,23,127,0.99474,3.12,0.49,11.2,4d32a11941d82efd,quality_7_plus
white_wine_3639,6.4,0.29,0.32,2.4,0.014,34,89,0.99008,3.24,0.66,12.5,07efca9010e4a4fc,quality_7_plus
white_wine_3640,6.7,0.13,0.32,3.7,0.017,32,99,0.99348,3.12,0.44,10,ba714b48229be669,quality_below_7
white_wine_3641,6.8,0.19,0.33,4.9,0.047,42,130,0.99283,3.12,0.56,11,4373917fb80aeb40,quality_below_7
white_wine_3642,6,0.25,0.4,5.7,0.052,56,152,0.99398,3.16,0.88,10.5,a09a98400ea27bb8,quality_below_7
white_wine_3645,6.4,0.24,0.23,2,0.046,30,133,0.9908,3.12,0.54,11.4,baa0e0137160ae10,quality_7_plus
white_wine_3646,5.9,0.18,0.28,5.1,0.039,50,139,0.99165,3.16,0.44,11.3,2e15c7653c444552,quality_below_7
white_wine_3647,7.2,0.33,0.22,4.5,0.031,10,73,0.99076,2.97,0.52,12.2,59ae04f244534592,quality_7_plus
white_wine_3648,6.4,0.29,0.24,3.2,0.037,31,95,0.98942,2.9,0.66,12.6,6cf33919aaed7bc6,quality_7_plus
white_wine_3649,7.3,0.31,0.25,6.65,0.032,30,138,0.99244,2.9,0.37,11.1,c3a7fa9fc0a243b7,quality_below_7
white_wine_3650,7,0.29,0.37,1.6,0.035,34,126,0.99058,3.26,0.47,12.3,533791f230a3a408,quality_below_7
white_wine_3651,6.9,0.19,0.6,4,0.037,6,122,0.99255,2.92,0.59,10.4,9319970f3381cc9d,quality_below_7
white_wine_3652,6.3,0.32,0.17,17.75,0.06,51,190,0.99916,3.13,0.48,8.8,748cf8be7add6c73,quality_below_7
white_wine_3653,6.6,0.085,0.33,1.4,0.036,17,109,0.99306,3.27,0.61,9.5,026e16efd950eda7,quality_below_7
white_wine_3655,6.8,0.18,0.32,7.2,0.047,17,109,0.99498,3.42,0.44,10.4,8ff1aa8b8f3ab3f1,quality_below_7
white_wine_3656,6.8,0.52,0.26,5.7,0.038,27,130,0.99,3.11,0.27,13,3c0773cc4edc3690,quality_7_plus
white_wine_3657,7.1,0.28,0.28,8.5,0.03,25,191,0.99338,3.16,0.46,12.2,e18def3438ac391b,quality_7_plus
white_wine_3658,5.7,0.15,0.47,11.4,0.035,49,128,0.99456,3.03,0.34,10.5,8be2e77a250f4412,quality_7_plus
white_wine_3659,5.8,0.275,0.3,5.4,0.043,41,149,0.9926,3.33,0.42,10.8,04216a27aba51a73,quality_7_plus
white_wine_3660,5.4,0.53,0.16,2.7,0.036,34,128,0.98856,3.2,0.53,13.2,84ccc8acda53c0ca,quality_7_plus
white_wine_3661,5.8,0.32,0.28,4.3,0.032,46,115,0.98946,3.16,0.57,13,f9b42507bc63b31c,quality_7_plus
white_wine_3662,6.7,0.22,0.39,1.2,0.049,26,152,0.99346,3.5,0.47,10,d8d1a8d5fbb63470,quality_below_7
white_wine_3663,6.1,0.6,0.12,1.8,0.05,11,76,0.99268,3.42,0.48,10.4,c1d501e008813234,quality_below_7
white_wine_3664,6.5,0.26,0.31,1.3,0.034,59,145,0.98944,3.16,0.54,12.4,3465edace632bd44,quality_below_7
white_wine_3665,5,0.29,0.54,5.7,0.035,54,155,0.98976,3.27,0.34,12.9,fda8a7f753473c63,quality_7_plus
white_wine_3667,6.8,0.21,0.26,11.7,0.038,61,152,0.99523,3.02,0.56,10.5,fec3fb8f2a53e806,quality_7_plus
white_wine_3669,6.5,0.27,0.26,11,0.03,2,82,0.99402,3.07,0.36,11.2,cd47e58f21968c72,quality_below_7
white_wine_3670,5.9,0.37,0.32,1.6,0.029,41,102,0.98916,3.41,0.55,12.7,36649da4a3c63911,quality_7_plus
white_wine_3671,6.2,0.21,0.18,11.6,0.044,61,155,0.99655,3.14,0.52,9.4,babeccf1c5a67d2b,quality_below_7
white_wine_3672,6.8,0.3,0.29,6.2,0.025,29,95,0.99071,3.03,0.32,12.9,9e8b160740cc5097,quality_7_plus
white_wine_3673,7.3,0.41,0.29,1.8,0.032,26,74,0.98889,2.96,0.35,13,a5bec843041809bc,quality_7_plus
white_wine_3674,5.4,0.3,0.3,1.2,0.029,25,93,0.98742,3.31,0.4,13.6,d58862a99c7f991d,quality_7_plus
white_wine_3675,6.6,0.34,0.2,1,0.053,26,112,0.99336,3.32,0.55,9.1,6d8a62cdeea52eec,quality_below_7
white_wine_3676,5.6,0.25,0.19,2.4,0.049,42,166,0.992,3.25,0.43,10.4,0c27cdd74c755d5b,quality_below_7
white_wine_3677,5.3,0.3,0.3,1.2,0.029,25,93,0.98742,3.31,0.4,13.6,2fac8ba020082e52,quality_7_plus
white_wine_3678,6.9,0.58,0.58,8.2,0.032,29,169,0.99275,3.28,0.44,12.2,72464f1c6c363af7,quality_below_7
white_wine_3679,7.2,0.23,0.25,18.8,0.085,19,111,1.00044,3.1,0.51,8.7,1fd1e7611294c253,quality_below_7
white_wine_3680,7.1,0.2,0.27,9.6,0.037,19,105,0.99444,3.04,0.37,10.5,3ab3a4d62e634abe,quality_7_plus
white_wine_3681,6.8,0.15,0.41,12.9,0.044,79.5,183,0.99742,3.24,0.78,10.2,f2f2b760c46c7dd6,quality_below_7
white_wine_3682,7,0.22,0.26,9.2,0.027,37,122,0.99228,3.06,0.34,12.5,7f9999057acca297,quality_7_plus
white_wine_3683,6.4,0.16,0.44,1.2,0.051,39,122,0.99058,3.11,0.75,11.3,35b66de4cfc7e602,quality_7_plus
white_wine_3685,6.8,0.31,0.3,8,0.028,33,122,0.99164,3.13,0.63,12.6,746d4d0a4d7ae0e9,quality_7_plus
white_wine_3687,7.6,0.3,0.37,1.6,0.087,27,177,0.99438,3.09,0.5,9.8,e0156f5e42fba50b,quality_below_7
white_wine_3688,6,0.16,0.27,12,0.03,39,98,0.99402,3.15,0.34,10.8,cdb05d40276719cf,quality_below_7
white_wine_3689,7.1,0.21,0.35,2.5,0.04,41,186,0.99128,3.32,0.56,12.5,b965aa7d8cffca46,quality_below_7
white_wine_3691,5.6,0.21,0.24,4.4,0.027,37,150,0.991,3.3,0.31,11.5,a6e43202efaf7e1b,quality_7_plus
white_wine_3692,7.4,0.22,0.26,8.8,0.027,23,112,0.9931,2.98,0.41,11.4,c07a1c4430439360,quality_below_7
white_wine_3696,6.4,0.15,0.4,1.3,0.053,61,146,0.99112,3.17,0.68,11,c674bc26cb95d6e4,quality_below_7
white_wine_3698,6.8,0.15,0.41,12.9,0.044,79.5,182,0.99742,3.24,0.78,10.2,5ba985bdb9053670,quality_below_7
white_wine_3699,6.3,0.22,0.34,1.2,0.036,32,96,0.98961,3.06,0.74,11.6,dd7e004597aefb45,quality_below_7
white_wine_3701,7,0.3,0.27,1.5,0.076,24,145,0.99344,3.1,0.52,10.1,b303bbc8217ccd1e,quality_below_7
white_wine_3702,6.6,0.26,0.22,18.15,0.05,23,139,0.99904,3.06,0.5,9.2,92f0efe60ae47df7,quality_below_7
white_wine_3703,7.5,0.24,0.31,13.1,0.05,26,180,0.99884,3.05,0.53,9.1,43321fbe25be87bb,quality_below_7
white_wine_3707,6.6,0.15,0.34,1,0.037,45,79,0.98949,2.96,0.5,11.7,8790a47fcd6e77f6,quality_below_7
white_wine_3708,6.7,0.34,0.43,1.6,0.041,29,114,0.99014,3.23,0.44,12.6,072d6b751bc6acbb,quality_below_7
white_wine_3709,7.7,0.35,0.46,11.8,0.088,61,183,0.99786,2.86,0.47,9,e8be776d8c57c74e,quality_below_7
white_wine_3710,6.7,0.31,0.09,1.4,0.039,53,141,0.99206,3.12,0.44,10.1,95607a492aa11a68,quality_below_7
white_wine_3711,4.7,0.67,0.09,1,0.02,5,9,0.98722,3.3,0.34,13.6,355b31feab594f6f,quality_below_7
white_wine_3713,6.3,0.2,0.18,10.6,0.045,57,159,0.99666,3.09,0.54,9.2,a83908818d2494d8,quality_below_7
white_wine_3714,6.6,0.28,0.23,10.4,0.049,45,190,0.99754,3.12,0.51,8.8,9c5d6724f2300e27,quality_below_7
white_wine_3715,8.5,0.18,0.3,1.1,0.028,34,95,0.99272,2.83,0.36,10,cf80796ba915cdf3,quality_below_7
white_wine_3716,6.5,0.35,0.38,7.4,0.036,20,196,0.99712,3.47,0.48,9.1,efd6d38c60ad623d,quality_below_7
white_wine_3717,6.8,0.22,0.26,1.2,0.041,29,182,0.99104,3.04,0.35,11.2,2ae3217fbbf4d6e9,quality_below_7
white_wine_3718,6.3,0.18,0.24,3.4,0.053,20,119,0.99373,3.11,0.52,9.2,b402395a1f3c154f,quality_below_7
white_wine_3720,6.6,0.3,0.45,8,0.038,54,200,0.9956,3.18,0.48,9.5,8ca9f00e92b3ef8a,quality_below_7
white_wine_3721,6.3,0.34,0.27,2.5,0.024,40,152,0.99095,3.35,0.6,11.9,6d666a1b45868fdf,quality_7_plus
white_wine_3722,7.7,0.3,0.23,2,0.068,28,138,0.99382,3.11,0.62,9.8,39a651586f347ee2,quality_below_7
white_wine_3723,7.7,0.31,0.23,2,0.069,29,134,0.99382,3.11,0.62,9.8,872a06ace38860bb,quality_below_7
white_wine_3724,5.7,0.265,0.28,6.9,0.036,46,150,0.99299,3.36,0.44,10.8,93aae5cef7104462,quality_7_plus
white_wine_3725,5.4,0.255,0.33,1.2,0.051,29,122,0.99048,3.37,0.66,11.3,873b5f11e523d935,quality_below_7
white_wine_3726,6.6,0.26,0.28,9.4,0.028,13,121,0.99254,3.17,0.34,12.1,c94d9b12e9478e87,quality_below_7
white_wine_3727,4.8,0.17,0.28,2.9,0.03,22,111,0.9902,3.38,0.34,11.3,abb531def6a04a54,quality_7_plus
white_wine_3729,6.2,0.2,0.33,5.4,0.028,21,75,0.99012,3.36,0.41,13.5,002a87bceea273ce,quality_7_plus
white_wine_3730,7.5,0.28,0.41,1.3,0.044,11,126,0.99293,3.28,0.45,10.3,b0d45063b42964bf,quality_below_7
white_wine_3731,6.2,0.22,0.2,20.8,0.035,58,184,1.00022,3.11,0.53,9,330004251b54e744,quality_below_7
white_wine_3732,7,0.34,0.26,10.3,0.041,51,166,0.99382,3.08,0.35,11.6,d1c31d1cf3c1b067,quality_below_7
white_wine_3734,6.5,0.19,0.34,1.6,0.029,39,116,0.98954,3.21,0.68,12.5,a10d5af4fee8bb75,quality_below_7
white_wine_3735,6,0.21,0.29,13.1,0.042,28,125,0.99936,3.39,0.45,8.6,f13991e430df590d,quality_below_7
white_wine_3736,6.1,0.22,0.46,1.8,0.16,34,74,0.9884,3.19,0.33,13.4,a0a7b273dda4edbb,quality_below_7
white_wine_3737,6.5,0.32,0.48,8,0.026,18,88,0.99144,3.22,0.79,12.7,1b2e5dd480368ce3,quality_below_7
white_wine_3738,7.1,0.21,0.72,1.6,0.167,65,120,0.99324,2.97,0.51,9.2,cf291cc423cd7fcf,quality_below_7
white_wine_3739,5.6,0.26,0.18,1.4,0.034,18,135,0.99174,3.32,0.35,10.2,27478e4cb6a2c9b6,quality_below_7
white_wine_3740,7,0.15,0.28,14.7,0.051,29,149,0.99792,2.96,0.39,9,aea9e00cc4f096bd,quality_7_plus
white_wine_3747,7.4,0.27,0.28,1.8,0.04,45,121,0.99043,3.02,0.4,11.9,cbd16efc68afceed,quality_below_7
white_wine_3748,6.8,0.22,0.3,10.6,0.07,67,194,0.99654,2.89,0.42,9,0911745a5e96b1c5,quality_below_7
white_wine_3749,6.2,0.24,0.25,12.5,0.055,47,134,0.99758,3.3,0.51,9,b77bcbc163ec303c,quality_below_7
white_wine_3750,6.3,0.28,0.29,6.8,0.051,40,143,0.99374,3.43,0.59,11,f9a0201cf976e165,quality_below_7
white_wine_3752,5.5,0.17,0.23,2.9,0.039,10,108,0.99243,3.28,0.5,10,d5ecf1d6e26a6e51,quality_below_7
white_wine_3753,6.5,0.26,0.34,1.4,0.04,25,184,0.99216,3.29,0.46,10.7,3b34cc492c49dba3,quality_below_7
white_wine_3754,6.6,0.27,0.33,1.4,0.042,24,183,0.99215,3.29,0.46,10.7,4d9959692c7f8e3b,quality_below_7
white_wine_3755,5.4,0.46,0.15,2.1,0.026,29,130,0.98953,3.39,0.77,13.4,68368f07ef79850e,quality_7_plus
white_wine_3756,7.8,0.19,0.32,7.4,0.015,47,124,0.99278,2.99,0.39,11,df35a1eeda302fd8,quality_below_7
white_wine_3761,7.8,0.2,0.32,5,0.016,31,101,0.99186,2.99,0.39,11,dcb9f5ac756a31c6,quality_below_7
white_wine_3762,6.1,0.17,0.28,2.5,0.028,22,98,0.99072,3.16,0.37,11.1,e8c887fa39551c64,quality_7_plus
white_wine_3763,7.4,0.2,0.35,6.1,0.025,10,40,0.99244,2.79,0.52,10.9,272eb72068952484,quality_below_7
white_wine_3764,6.7,0.39,0.24,2.7,0.017,22,80,0.99084,3.03,0.37,11.5,67980e1c94a11d64,quality_below_7
white_wine_3766,6.9,0.4,0.17,12.9,0.033,59,186,0.99754,3.08,0.49,9.4,c93550e20bd58847,quality_below_7
white_wine_3769,6.3,0.24,0.29,13.7,0.035,53,134,0.99567,3.17,0.38,10.6,ad7d07a0426ad19d,quality_below_7
white_wine_3771,7.4,0.27,0.31,2.4,0.014,15,143,0.99094,3.03,0.65,12,4195570d082b3e32,quality_below_7
white_wine_3772,6.1,0.27,0.28,9.8,0.042,61,125,0.99532,3.14,0.42,10.2,b177c3461a279125,quality_below_7
white_wine_3774,5,0.61,0.12,1.3,0.009,65,100,0.9874,3.26,0.37,13.5,002c2eaccfdaa5ed,quality_below_7
white_wine_3775,6.7,0.42,0.39,12.1,0.04,61,248,0.99794,3.31,0.58,9.7,c79da4a5faee27d5,quality_below_7
white_wine_3776,6.5,0.33,0.28,6.1,0.018,41,103,0.99122,3.24,0.32,12.2,80aa28e93ab9b419,quality_below_7
white_wine_3777,6.9,0.33,0.31,7.7,0.04,29,135,0.99226,3.11,0.57,12.3,a78cada138aed6fa,quality_below_7
white_wine_3779,6.3,0.15,0.3,1.4,0.022,38,100,0.99099,3.42,0.57,11.4,c2a5f40362c6add2,quality_7_plus
white_wine_3780,6.5,0.32,0.45,7.7,0.022,31,97,0.99134,3.2,0.7,12.7,d6b66e1b03ccc1c5,quality_7_plus
white_wine_3782,7.4,0.25,0.29,6.8,0.02,31,113,0.99338,3.13,0.29,10.8,f70ce3559da78999,quality_below_7
white_wine_3783,7.6,0.27,0.3,9.2,0.018,23,96,0.9938,3.08,0.29,11,f88034254bd439f4,quality_below_7
white_wine_3784,6.4,0.27,0.45,8.3,0.05,52,196,0.9955,3.18,0.48,9.5,0281bfa7a856bff7,quality_below_7
white_wine_3785,6.5,0.25,0.27,17.4,0.064,29,140,0.99776,3.2,0.49,10.1,9c2544a16efdc63b,quality_below_7
white_wine_3786,5.6,0.19,0.31,2.7,0.027,11,100,0.98964,3.46,0.4,13.2,3dc9343365db6705,quality_7_plus
white_wine_3787,7.4,0.29,0.48,12.8,0.037,61.5,182,0.99808,3.02,0.34,8.8,60dcd7542dd91ea5,quality_below_7
white_wine_3788,6.4,0.34,0.44,8.2,0.043,54,201,0.99551,3.18,0.48,9.5,1b5fb92cd524dc70,quality_below_7
white_wine_3789,6.6,0.27,0.52,8.1,0.044,53,202,0.99548,3.18,0.48,9.5,f92b6721a2bffd5f,quality_below_7
white_wine_3790,6.6,0.26,0.52,8.2,0.047,52,191,0.99541,3.16,0.47,9.5,d1a47a7bfa81a51b,quality_below_7
white_wine_3792,6.5,0.26,0.5,8,0.051,46,197,0.99536,3.18,0.47,9.5,33c78e4123e6156d,quality_below_7
white_wine_3793,6.8,0.25,0.3,11.8,0.043,53,133,0.99524,3.03,0.58,10.4,a937e660665605fe,quality_below_7
white_wine_3794,6.3,0.32,0.26,12,0.049,63,170,0.9961,3.14,0.55,9.9,ab17a8164f45290a,quality_below_7
white_wine_3795,5.5,0.24,0.45,1.7,0.046,22,113,0.99224,3.22,0.48,10,e13c9d3ae47b2092,quality_below_7
white_wine_3797,6.6,0.13,0.29,13.9,0.056,33,95,0.99702,3.17,0.39,9.4,dcd44368bdd6c15b,quality_below_7
white_wine_3798,7,0.39,0.21,10.7,0.098,13,91,0.99657,3.03,0.47,9.3,bed52dd985015e7d,quality_below_7
white_wine_3799,7.9,0.21,0.39,2,0.057,21,138,0.99176,3.05,0.52,10.9,32f7b40241eb7059,quality_below_7
white_wine_3800,7,0.3,0.28,2.2,0.042,21,177,0.99166,3.2,0.57,11.4,059d05e07d4c9fda,quality_below_7
white_wine_3801,8.1,0.2,0.3,1.3,0.036,7,49,0.99242,2.99,0.73,10.3,281c0ddc4156b719,quality_below_7
white_wine_3802,8.3,0.18,0.3,1.1,0.033,20,57,0.99109,3.02,0.51,11,2e247f75922ae78f,quality_below_7
white_wine_3804,7.2,0.17,0.34,6.4,0.042,16,111,0.99278,2.99,0.4,10.8,3f5e00337fd1113b,quality_below_7
white_wine_3808,6.8,0.21,0.62,6.4,0.041,7,113,0.99358,2.96,0.59,10.2,da849acc722b70c5,quality_below_7
white_wine_3809,6.9,0.21,0.62,6.3,0.042,7,109,0.99358,2.96,0.59,10.2,efc62bb5adc61dc1,quality_below_7
white_wine_3811,6.8,0.26,0.34,15.1,0.06,42,162,0.99705,3.24,0.52,10.5,4b1be8595133b24b,quality_below_7
white_wine_3812,7.2,0.28,0.38,2,0.052,23,156,0.9912,3.13,0.52,11.1,c4b928fe57cde9ea,quality_below_7
white_wine_3815,7.4,0.34,0.28,12.1,0.049,31,149,0.99677,3.22,0.49,10.3,de842da3eed151d2,quality_below_7
white_wine_3816,6.3,0.43,0.32,8.8,0.042,18,106,0.99172,3.28,0.33,12.9,f8fc5b11219578b6,quality_7_plus
white_wine_3817,6.8,0.41,0.3,8.8,0.045,28,131,0.9953,3.12,0.59,9.9,51eb3a8aa3bc6b56,quality_below_7
white_wine_3818,6.3,0.4,0.24,5.1,0.036,43,131,0.99186,3.24,0.44,11.3,9f2b68ac1ec5794e,quality_below_7
white_wine_3819,5.1,0.35,0.26,6.8,0.034,36,120,0.99188,3.38,0.4,11.5,12df0ba159e84730,quality_below_7
white_wine_3821,6.3,0.3,0.2,3.7,0.039,34,132,0.99158,3,0.38,10.7,1fc982d4e482d8ac,quality_below_7
white_wine_3822,6.9,0.28,0.28,12.2,0.042,52,139,0.99522,3.03,0.56,10.4,60d90a5bf649a62d,quality_below_7
white_wine_3823,7,0.33,0.28,5.7,0.033,39,204,0.99176,3.17,0.64,12.5,445564bb4fb5629a,quality_below_7
white_wine_3824,6.7,0.26,0.49,8.1,0.052,48,197,0.99558,3.19,0.48,9.5,067b27698f890e63,quality_below_7
white_wine_3825,7.3,0.24,0.3,2.5,0.042,31,104,0.9911,3.05,0.56,11.3,48660352a90f3258,quality_7_plus
white_wine_3826,6.7,0.46,0.21,4,0.034,12,88,0.99016,3.26,0.54,13,e034f9611c7cc62a,quality_below_7
white_wine_3828,5.1,0.23,0.18,1,0.053,13,99,0.98956,3.22,0.39,11.5,81e7aa558152333c,quality_below_7
white_wine_3830,7.1,0.44,0.23,5.8,0.035,24,100,0.99062,3.15,0.57,13.2,0ec376a71161b1e8,quality_7_plus
white_wine_3831,4.8,0.26,0.23,10.6,0.034,23,111,0.99274,3.46,0.28,11.5,147879c18877bd7a,quality_7_plus
white_wine_3832,6.8,0.31,0.19,3.5,0.086,30,130,0.993,2.83,0.44,9.6,fb4ba4bbbe16d819,quality_below_7
white_wine_3834,7,0.15,0.29,16.4,0.058,45,110,0.9978,3.15,0.37,9.7,478121e1de5d5651,quality_below_7
white_wine_3835,6.5,0.41,0.22,4.8,0.052,49,142,0.9946,3.14,0.62,9.2,59e8a4643dd2a272,quality_below_7
white_wine_3836,6.2,0.31,0.23,3.3,0.052,34,113,0.99429,3.16,0.48,8.4,dcd1d5e9a1cd4ab0,quality_below_7
white_wine_3837,8,0.27,0.33,1.2,0.05,41,103,0.99002,3,0.45,12.4,26dad88d1b406fbf,quality_below_7
white_wine_3841,6.7,0.37,0.25,2.5,0.028,24,84,0.9909,3.14,0.36,11.7,7fd666bd2671fbb9,quality_below_7
white_wine_3842,6.6,0.21,0.5,8.7,0.036,41,191,0.99294,2.96,0.56,11,971e8e3bf8a87e2d,quality_below_7
white_wine_3843,7.5,0.26,0.31,1.6,0.032,36,109,0.99044,2.97,0.43,11.9,e22d1665efaddc86,quality_below_7
white_wine_3844,7.5,0.34,0.28,4,0.028,46,100,0.98958,3.2,0.5,13.2,33ce6f0b7cb46d64,quality_7_plus
white_wine_3846,6.4,0.32,0.23,16.2,0.055,36,176,0.9986,3.26,0.54,9.1,7d145f29b78c610f,quality_below_7
white_wine_3847,6.7,0.24,0.32,9,0.023,20,109,0.99262,3.34,0.35,12.6,9105422c3218261d,quality_below_7
white_wine_3849,7.1,0.39,0.79,1.4,0.194,23,90,0.99212,3.17,0.46,10.5,1390130fb75d690d,quality_below_7
white_wine_3850,8.2,0.31,0.43,7,0.047,18,87,0.99628,3.23,0.64,10.6,f8c83e2711b3de99,quality_below_7
white_wine_3852,5.9,0.17,0.29,3.1,0.03,32,123,0.98913,3.41,0.33,13.7,90a94ae092d8f114,quality_7_plus
white_wine_3853,5.9,0.2,0.23,1.5,0.037,38,93,0.99021,3.36,0.49,12,dff24f2100d6633e,quality_below_7
white_wine_3854,6.6,0.32,0.26,4.6,0.031,26,120,0.99198,3.4,0.73,12.5,71589edb4f1ab47d,quality_7_plus
white_wine_3855,5.9,0.12,0.27,4.8,0.03,40,110,0.99226,3.55,0.68,12.1,4d1a4196ea58e5bb,quality_below_7
white_wine_3856,5.9,0.18,0.29,4.6,0.032,68,137,0.99159,3.21,0.38,11.3,d320cffc8066c95c,quality_below_7
white_wine_3858,5.4,0.17,0.27,2.7,0.049,28,104,0.99224,3.46,0.55,10.3,a80c4a14c60d87a4,quality_below_7
white_wine_3859,6.1,0.21,0.3,6.3,0.039,47,136,0.99068,3.27,0.31,12.7,7e24893f3537f9bf,quality_below_7
white_wine_3860,7.3,0.25,0.26,7.2,0.048,52,207,0.99587,3.12,0.37,9.2,d08db307af9dd4b6,quality_below_7
white_wine_3862,6.2,0.22,0.3,12.4,0.054,108,152,0.99728,3.1,0.47,9.5,80224a26c895be36,quality_below_7
white_wine_3863,6.5,0.27,0.19,6.6,0.045,98,175,0.99364,3.16,0.34,10.1,e482546e65cd807f,quality_below_7
white_wine_3865,6.6,0.39,0.22,4,0.038,17,98,0.99018,3.25,0.53,13,d17fcdaa165cf644,quality_7_plus
white_wine_3866,6,0.31,0.38,4.8,0.04,41,101,0.98968,3.24,0.56,13.1,0c42eb0fc06ed73b,quality_below_7
white_wine_3867,8.4,0.23,0.32,1.3,0.048,59,113,0.99178,3.1,0.55,11,31c92036228f95e2,quality_below_7
white_wine_3869,6,0.22,0.25,11.1,0.056,112,177,0.9961,3.08,0.36,9.4,f680417110ac5ce5,quality_below_7
white_wine_3871,6.1,0.23,0.27,9.8,0.055,74,134,0.99534,3.16,0.4,10.2,b59134c9e5a9dff3,quality_below_7
white_wine_3873,7.3,0.36,0.54,13.3,0.054,63,193,0.99864,3.06,0.49,8.6,208eb1c050161d69,quality_below_7
white_wine_3874,7.6,0.37,0.51,11.7,0.094,58,181,0.99776,2.91,0.51,9,61d33a47f2d533b4,quality_below_7
white_wine_3875,6.7,0.26,0.51,8,0.062,50,194,0.99545,3.13,0.5,9.6,14d83a75a95c5d83,quality_below_7
white_wine_3876,7.4,0.22,0.27,1.6,0.057,45,98,0.99299,3.29,0.44,9.9,8995c6b5eb418b83,quality_7_plus
white_wine_3877,6.1,0.22,0.28,16.55,0.059,54,135,0.99665,3.2,0.38,10.5,00b17a6323489cb8,quality_below_7
white_wine_3878,7.1,0.28,0.31,1.5,0.053,20,98,0.99069,3.15,0.5,11.4,7e74b194fce4c972,quality_below_7
white_wine_3879,6.5,0.35,0.31,10.2,0.069,58,170,0.99692,3.18,0.49,9.4,fb7c0f2fe437b0fb,quality_below_7
white_wine_3880,6.8,0.73,0.2,6.6,0.054,25,65,0.99324,3.12,0.28,11.1,0e6c9ed8afb1cea5,quality_below_7
white_wine_3881,6,0.28,0.24,17.8,0.047,42,111,0.99896,3.1,0.45,8.9,41e90e4a6b3004cf,quality_below_7
white_wine_3883,7.1,0.2,0.37,1.5,0.049,28,129,0.99226,3.15,0.52,10.8,a7185fcfb81f08d9,quality_below_7
white_wine_3884,6.8,0.33,0.31,7.4,0.045,34,143,0.99226,3.06,0.55,12.2,9123d4237a55bad9,quality_below_7
white_wine_3886,7.2,0.24,0.36,2,0.029,21,63,0.99076,3.13,0.63,12.5,7548ce7e672957b1,quality_below_7
white_wine_3890,6.2,0.27,0.26,12.1,0.046,43,127,0.9951,3.16,0.37,10.8,b3cc201ca5a31052,quality_below_7
white_wine_3891,6.4,0.38,0.26,8.2,0.043,28,98,0.99234,2.99,0.31,11.4,63f961a17830fee1,quality_below_7
white_wine_3893,6,0.21,0.3,8.7,0.036,47,127,0.99368,3.18,0.39,10.6,7b66be8d808462a1,quality_below_7
white_wine_3894,7,0.34,0.1,3.5,0.044,17,63,0.9937,3.01,0.39,9.2,c99904ab48e01238,quality_below_7
white_wine_3895,5.9,0.435,0.16,6.4,0.031,21,134,0.99151,3.24,0.46,12.2,401d0265e1c89a4c,quality_below_7
white_wine_3896,7,0.25,0.33,2.1,0.021,17,76,0.99021,3.26,0.45,12.3,017c8011f0f871a5,quality_below_7
white_wine_3897,6.7,0.26,0.29,7.7,0.038,40,179,0.99479,3.23,0.56,10.4,5c62ebe33c6356c2,quality_below_7
white_wine_3898,7,0.24,0.3,12.3,0.035,72,172,0.9954,2.99,0.57,10.4,0c17bf28f1327d1e,quality_below_7
white_wine_3899,8.5,0.23,0.34,1.3,0.035,54,110,0.99176,3.07,0.55,11,bd493c34971104a5,quality_7_plus
white_wine_3902,4.8,0.65,0.12,1.1,0.013,4,10,0.99246,3.32,0.36,13.5,628371e7af504415,quality_below_7
white_wine_3903,6.1,0.22,0.38,2.8,0.144,12,65,0.9908,2.95,0.64,11.4,c42af2d0f001b04f,quality_below_7
white_wine_3904,5.8,0.27,0.26,3.5,0.071,26,69,0.98994,3.1,0.38,11.5,4c3a7ee38c52181b,quality_below_7
white_wine_3905,5,0.455,0.18,1.9,0.036,33,106,0.98746,3.21,0.83,14,7b7c8906a0215edf,quality_7_plus
white_wine_3906,6.5,0.33,0.3,3.8,0.036,34,88,0.99028,3.25,0.63,12.5,b1a087f30af8b494,quality_7_plus
white_wine_3908,6.7,0.31,0.3,2.4,0.038,30,83,0.98867,3.09,0.36,12.8,a75bf8981935cce2,quality_7_plus
white_wine_3909,6.2,0.39,0.24,4.8,0.037,45,138,0.99174,3.23,0.43,11.2,af6eca9690975ddb,quality_7_plus
white_wine_3911,7.1,0.37,0.3,6.2,0.04,49,139,0.99021,3.17,0.27,13.6,63d5eb84d551d25b,quality_below_7
white_wine_3912,7.2,0.23,0.82,1.3,0.149,70,109,0.99304,2.93,0.42,9.2,c45f013861033ea0,quality_below_7
white_wine_3914,7.2,0.25,0.32,1.5,0.054,24,105,0.99154,3.17,0.48,11.1,78f57f7e0efe980d,quality_below_7
white_wine_3916,4.7,0.455,0.18,1.9,0.036,33,106,0.98746,3.21,0.83,14,da1b1fb221ee77ff,quality_7_plus
white_wine_3918,6.2,0.28,0.51,7.9,0.056,49,206,0.9956,3.18,0.52,9.4,ac1b41418e7ec868,quality_below_7
white_wine_3919,6.4,0.35,0.28,1.6,0.037,31,113,0.98779,3.12,0.4,14.2,9adc21c0a97ec638,quality_7_plus
white_wine_3920,6.6,0.31,0.28,1.4,0.035,28,107,0.98836,3,0.4,13.2,fbb6311f1ddb555d,quality_below_7
white_wine_3921,7.4,0.25,0.37,2.6,0.05,24,132,0.99138,3.04,0.53,11.2,52c754f0c4d5edf3,quality_below_7
white_wine_3922,7.3,0.36,0.34,14.8,0.057,46,173,0.99751,3.14,0.57,10.2,827f24ceac07e5d1,quality_below_7
white_wine_3924,8.6,0.31,0.3,0.9,0.045,16,109,0.99249,2.95,0.39,10.1,6cc3be591b722d82,quality_below_7
white_wine_3926,8.6,0.22,0.33,1.2,0.031,38,95,0.99239,2.83,0.31,10.3,548330b2854e004d,quality_below_7
white_wine_3927,6.9,0.14,0.29,9.9,0.056,30,91,0.99512,3.19,0.33,9.9,e16e1f4ef81b09a4,quality_below_7
white_wine_3928,6.5,0.22,0.31,3.9,0.046,17,106,0.99098,3.15,0.31,11.5,ffc4b1d9ed8635e0,quality_below_7
white_wine_3929,6.6,0.32,0.47,15.6,0.063,27,173,0.99872,3.18,0.56,9,b39e2b232fa84832,quality_below_7
white_wine_3931,6.1,0.28,0.26,1.5,0.03,25,101,0.98894,3.03,0.41,12.1,0f794745550b3d76,quality_below_7
white_wine_3932,6.2,0.3,0.28,1.6,0.036,28,106,0.988245,3.14,0.41,13.3,3f359f615ea7164f,quality_below_7
white_wine_3933,6.9,0.22,0.28,7.8,0.05,43,116,0.99326,3.22,0.6,11.5,cb2489a4c1ca6002,quality_7_plus
white_wine_3934,8.7,0.31,0.21,5.6,0.039,28,67,0.99328,2.96,0.52,11,e533c229be559f40,quality_below_7
white_wine_3935,7.3,0.27,0.3,1.3,0.04,26,84,0.99222,3.28,0.53,10.7,a6b7e269b5ec4b99,quality_below_7
white_wine_3936,7,0.46,0.2,16.7,0.046,50,184,0.99898,3.08,0.56,9.4,4165aa4bd4f88842,quality_below_7
white_wine_3937,5.7,0.23,0.25,7.95,0.042,16,108,0.99486,3.44,0.61,10.3,0f05b8f3e5f2ad0b,quality_below_7
white_wine_3938,6.5,0.36,0.36,6.7,0.185,51.5,151,0.99528,3.17,0.42,9.3,6be8d595fc88a826,quality_below_7
white_wine_3939,8.2,0.18,0.38,1.1,0.04,41,92,0.99062,2.88,0.6,12,b8b3adc737cbbcf4,quality_below_7
white_wine_3940,6.2,0.27,0.32,6.3,0.048,47,159,0.99282,3.21,0.6,11,b7c416127b839640,quality_below_7
white_wine_3941,6.9,0.4,0.37,8.9,0.053,36,148,0.996,3.16,0.5,9.3,2275725bd0523e97,quality_below_7
white_wine_3942,4.9,0.345,0.34,1,0.068,32,143,0.99138,3.24,0.4,10.1,ca24eec4d723253a,quality_below_7
white_wine_3943,7.2,0.23,0.39,1.5,0.053,26,106,0.99166,3.18,0.47,11.1,ed7fddf88f26b731,quality_below_7
white_wine_3944,6.4,0.2,0.15,6.6,0.046,26,113,0.99408,2.99,0.58,9.9,1bacfcda67a9c7a7,quality_below_7
white_wine_3945,6.1,0.27,0.32,6.2,0.048,47,161,0.99281,3.22,0.6,11,442089ebd9d1eeba,quality_below_7
white_wine_3947,6,0.3,0.33,2.1,0.042,31,127,0.98964,3.32,0.42,12.5,0ab99fa625698431,quality_below_7
white_wine_3948,6.1,0.3,0.32,2.2,0.042,41,142,0.98952,3.31,0.44,12.7,bc0a344c4d6953be,quality_7_plus
white_wine_3949,5.7,0.14,0.3,5.4,0.045,26,105,0.99469,3.32,0.45,9.3,acd1a22a93c96259,quality_below_7
white_wine_3952,6.3,0.33,0.2,17.9,0.066,36,161,0.9991,3.14,0.51,8.8,29553b7143c7ebf8,quality_below_7
white_wine_3953,7,0.16,0.3,2.6,0.043,34,90,0.99047,2.88,0.47,11.2,5b1cf6dfe1309b22,quality_below_7
white_wine_3954,8.4,0.22,0.3,1.3,0.038,45,122,0.99178,3.13,0.54,10.8,94fe4767f3820f15,quality_7_plus
white_wine_3957,5.4,0.24,0.18,2.3,0.05,22,145,0.99207,3.24,0.46,10.3,24060d7e1132abf1,quality_below_7
white_wine_3958,7.7,0.31,0.36,4.3,0.026,15,87,0.99152,3.11,0.48,12,2084f164f43770a5,quality_below_7
white_wine_3959,5.6,0.185,0.19,7.1,0.048,36,110,0.99438,3.26,0.41,9.5,4d3a373693749d82,quality_below_7
white_wine_3961,6.6,0.43,0.24,11.9,0.04,54,159,0.99622,3.14,0.54,9.8,72a9f5eb01826b61,quality_below_7
white_wine_3962,7.6,0.39,0.46,11.7,0.084,55,170,0.99773,2.91,0.51,9,93b02a60a2d041d1,quality_below_7
white_wine_3963,7.2,0.58,0.27,5.8,0.032,40,118,0.99088,3.17,0.53,13,8b8f116dc69d66de,quality_7_plus
white_wine_3964,6,0.34,0.32,3.8,0.044,13,116,0.99108,3.39,0.44,11.8,78559b46240a7e72,quality_7_plus
white_wine_3965,7.5,0.35,0.48,12.4,0.056,61,176.5,0.99803,2.97,0.52,8.8,d3e461c6707f9e9c,quality_below_7
white_wine_3966,7.3,0.38,0.23,6.5,0.05,18,102,0.99304,3.1,0.55,11.2,168179b8c091a107,quality_below_7
white_wine_3967,5.4,0.185,0.19,7.1,0.048,36,110,0.99438,3.26,0.41,9.5,39f38de2e8b5ec99,quality_below_7
white_wine_3968,6.3,0.27,0.51,7.6,0.049,35,200,0.99548,3.16,0.54,9.4,1543ecfd75d270ec,quality_below_7
white_wine_3969,6.5,0.29,0.52,7.9,0.049,35,192,0.99551,3.16,0.51,9.5,0adb0a994a7eb0a8,quality_below_7
white_wine_3970,6.4,0.17,0.3,2.8,0.034,33,125,0.99152,3.03,0.49,10.4,7b7b5a75515e043f,quality_below_7
white_wine_3971,6.7,0.18,0.31,10.6,0.035,42,143,0.99572,3.08,0.49,9.8,d4808a1aa93fbcb9,quality_7_plus
white_wine_3973,6.8,0.37,0.67,1.5,0.175,16,98,0.99244,3.06,0.56,10.3,bf3e22e313d01178,quality_below_7
white_wine_3976,6.1,0.24,0.26,1.7,0.033,61,134,0.9903,3.19,0.81,11.9,d4d18465d62169fc,quality_7_plus
white_wine_3977,7,0.32,0.29,7.6,0.025,35,124,0.99162,3.15,0.65,12.8,13622cd3cd8b2f0e,quality_7_plus
white_wine_3978,6.9,0.27,0.25,7.5,0.03,18,117,0.99116,3.09,0.38,13,3508dcdab4d8556d,quality_below_7
white_wine_3979,6.5,0.29,0.53,1.7,0.04,41,192,0.9922,3.26,0.59,10.4,eb15e1bd0d992efe,quality_7_plus
white_wine_3980,6.5,0.29,0.52,1.7,0.034,41,193,0.99223,3.25,0.59,10.4,ac8ed82ec0ab2c6a,quality_below_7
white_wine_3981,6.1,0.22,0.25,12.1,0.035,54,135,0.99481,3.21,0.4,10.7,3c785f786a4baf64,quality_below_7
white_wine_3982,6.3,0.22,0.27,4.5,0.036,81,157,0.9928,3.05,0.76,10.7,3246270382b64e28,quality_7_plus
white_wine_3984,5.6,0.23,0.25,8,0.043,31,101,0.99429,3.19,0.42,10.4,8284cb0a8c3db9e0,quality_below_7
white_wine_3986,6.8,0.11,0.27,8.6,0.044,45,104,0.99454,3.2,0.37,9.9,b6ee0a73c2cf7f1d,quality_below_7
white_wine_3988,7.3,0.23,0.41,14.6,0.048,73,223,0.99863,3.16,0.71,9.4,d5073d83ce68da9a,quality_below_7
white_wine_3989,6.1,0.2,0.17,1.6,0.048,46,129,0.991,3.3,0.43,11.4,e11a11976d80ff56,quality_below_7
white_wine_3992,6.9,0.2,0.41,1.1,0.06,36,104,0.99317,2.99,0.39,9.2,ae79dc0a9fe75bd5,quality_below_7
white_wine_3993,6.7,0.19,0.32,3.7,0.041,26,76,0.99173,2.9,0.57,10.5,fd0fd3ca75ca5a34,quality_7_plus
white_wine_3994,6.7,0.28,0.34,8.9,0.048,32,111,0.99455,3.25,0.54,11,dc1d8d1f59d5ee6b,quality_7_plus
white_wine_3996,8,0.37,0.31,4.7,0.038,3,127,0.99186,2.9,0.72,12.1,4c49bebe06887905,quality_below_7
white_wine_3998,6,0.26,0.29,3.1,0.041,37,144,0.98944,3.22,0.39,12.8,8a36e0248d28a9ad,quality_7_plus
white_wine_3999,6.4,0.24,0.49,5.8,0.053,25,120,0.9942,3.01,0.98,10.5,d055e3c34664bedd,quality_below_7
white_wine_4002,6.4,0.25,0.57,1,0.062,21,122,0.99238,3,0.4,9.5,f6d6045faedbf3ce,quality_below_7
white_wine_4003,6.1,0.25,0.48,15.8,0.052,25,94,0.99782,3.07,0.45,9.2,f93243eac1cb027f,quality_below_7
white_wine_4004,6.8,0.14,0.35,1.5,0.047,40,117,0.99111,3.07,0.72,11.1,877c451a9dc56a32,quality_below_7
white_wine_4005,6.5,0.38,0.26,5.2,0.042,33,112,0.99067,3.06,0.5,12.3,d7a0bb4b80f40342,quality_7_plus
white_wine_4007,5.4,0.15,0.32,2.5,0.037,10,51,0.98878,3.04,0.58,12.6,8f75313e21a212f7,quality_below_7
white_wine_4010,6.8,0.22,0.32,5.9,0.054,40,152,0.9938,3.2,0.57,10.8,a929ca56a334cf98,quality_below_7
white_wine_4011,7.2,0.21,0.29,3.1,0.044,39,122,0.99143,3,0.6,11.3,4ee7909e408cacb2,quality_below_7
white_wine_4014,6.5,0.46,0.24,11.5,0.051,56,171,0.99588,3.08,0.56,9.8,b9645b7758edece4,quality_below_7
white_wine_4015,6.5,0.18,0.48,18,0.054,56,183,1.00038,2.98,0.61,8.5,1d58394945a6325a,quality_below_7
white_wine_4016,6.2,0.32,0.12,4.8,0.054,6,97,0.99424,3.16,0.5,9.3,5aa0c62c0eed45fd,quality_below_7
white_wine_4017,7.2,0.4,0.24,8.5,0.055,45,151,0.99626,3.2,0.52,9.2,21f79225a7961428,quality_below_7
white_wine_4018,5.9,0.23,0.24,1.6,0.037,32,115,0.99076,3.21,0.51,11.4,873d45eed4a65d7c,quality_below_7
white_wine_4019,6.4,0.18,0.48,18,0.054,56,183,1.00038,2.98,0.61,8.5,447614b75e97c8b4,quality_below_7
white_wine_4021,6.4,0.37,0.12,5.9,0.056,6,91,0.99536,3.06,0.46,8.4,661c42c4f5433184,quality_below_7
white_wine_4022,7,0.23,0.42,1.1,0.062,35,100,0.99318,3.04,0.4,9.2,c95139b1c0e941d9,quality_below_7
white_wine_4024,7.6,0.19,0.37,13.1,0.033,52,151,0.99726,3.18,0.79,10.4,ae18c1090698ae0c,quality_below_7
white_wine_4025,6,0.28,0.27,4.1,0.046,50,147,0.99126,3.27,0.56,11.6,9a1210ad6bcbb7dc,quality_below_7
white_wine_4026,6.2,0.32,0.45,2.9,0.029,37,94,0.98998,3.25,0.6,12.4,3bc3a2db9a05e86a,quality_below_7
white_wine_4028,6.4,0.26,0.26,1.1,0.052,22,176,0.99304,3.09,0.54,9.3,af79fedecb5bc0db,quality_below_7
white_wine_4029,5.9,0.25,0.27,1.5,0.029,37,81,0.9892,3.2,0.46,12.2,35f9e4515a7ae68b,quality_below_7
white_wine_4030,6.1,0.28,0.3,7.75,0.031,33,139,0.99296,3.22,0.46,11,18fea4fc415a88ad,quality_below_7
white_wine_4031,6.9,0.19,0.38,1.15,0.023,30,105,0.99047,3.11,0.38,11.4,248083588800fc0b,quality_below_7
white_wine_4032,6.4,0.29,0.57,1,0.06,15,120,0.9924,3.06,0.41,9.5,f080a914ef66dcd2,quality_below_7
white_wine_4033,6.8,0.27,0.22,17.8,0.034,16,116,0.9989,3.07,0.53,9.2,c5be5efdc3671f72,quality_below_7
white_wine_4034,7.5,0.26,0.38,5.7,0.021,23,125,0.99338,3.13,0.62,11.1,b4a9856ada88b73d,quality_below_7
white_wine_4036,6.4,0.2,0.22,7.4,0.032,53,172,0.99404,3.24,0.58,11,67f56eaa6e999b78,quality_below_7
white_wine_4037,7.3,0.33,0.22,1.4,0.041,40,177,0.99287,3.14,0.48,9.9,5143a5994ac8e884,quality_below_7
white_wine_4038,7.3,0.34,0.22,1.4,0.044,43,176,0.99286,3.14,0.46,9.9,fd97075d49b994fc,quality_below_7
white_wine_4040,6.1,1.1,0.16,4.4,0.033,8,109,0.99058,3.35,0.47,12.4,27fa48b90fdae158,quality_below_7
white_wine_4041,6.3,0.24,0.29,1.6,0.052,48,185,0.9934,3.21,0.5,9.4,59d9fd57a9f7dca5,quality_below_7
white_wine_4042,6.2,0.24,0.22,7.9,0.053,45,149,0.99545,3.23,0.52,9.3,f1d3579385d636c5,quality_below_7
white_wine_4043,7.4,0.16,0.27,15.5,0.05,25,135,0.9984,2.9,0.43,8.7,a58635d8d17536d6,quality_7_plus
white_wine_4047,7.2,0.17,0.28,17.55,0.05,33,154,0.99971,2.94,0.43,9,b5a348b5bda206f4,quality_7_plus
white_wine_4048,6.9,0.19,0.35,13.5,0.038,49,118,0.99546,3,0.63,10.7,6934e68926e3c7eb,quality_below_7
white_wine_4050,6.8,0.16,0.36,1.3,0.034,32,98,0.99058,3.02,0.58,11.3,31f41127fc4d249d,quality_below_7
white_wine_4052,6.8,0.3,0.27,11.6,0.028,22,97,0.99314,2.96,0.38,11.7,914b70b68fe46b56,quality_below_7
white_wine_4057,6.5,0.43,0.18,13.15,0.032,25,131,0.99565,3.23,0.51,10.7,9a430e17cd14e2b5,quality_below_7
white_wine_4058,6.6,0.17,0.36,1.9,0.036,38,110,0.99056,3.05,0.54,11.4,bebb2193a58a42f0,quality_below_7
white_wine_4061,6.4,0.41,0.01,6.1,0.048,20,70,0.99362,3.19,0.42,10,04143c606a0bbfd2,quality_below_7
white_wine_4063,7.4,0.36,0.32,1.9,0.036,27,119,0.99196,3.15,0.49,11.2,f37f159a9011ce26,quality_below_7
white_wine_4064,6.1,0.17,0.21,1.9,0.09,44,130,0.99255,3.07,0.41,9.7,4019f1105a2e6b55,quality_below_7
white_wine_4065,5.5,0.28,0.21,1.6,0.032,23,85,0.99027,3.42,0.42,12.5,6785f8f55f4bcc78,quality_below_7
white_wine_4066,6.6,0.5,0.26,11.3,0.029,32,110,0.99302,3.27,0.78,12.9,430ec8c66dd92574,quality_7_plus
white_wine_4067,7.1,0.44,0.27,8.4,0.057,60,160,0.99257,3.16,0.36,11.8,703ac987540eeba1,quality_below_7
white_wine_4068,6.9,0.38,0.28,8.3,0.062,22,166,0.99506,3.16,0.72,10.6,b988e39a0c52864b,quality_below_7
white_wine_4070,6.2,0.24,0.28,12.2,0.049,54,133,0.9952,3.19,0.37,10.7,41183d608d4a8c0d,quality_below_7
white_wine_4071,6.1,0.28,0.27,8,0.048,41,162,0.99498,3.21,0.51,9.9,438c2479709b7dfb,quality_below_7
white_wine_4072,7.6,0.26,0.32,1.3,0.048,23,76,0.9903,2.96,0.46,12,019bc99888dcb885,quality_below_7
white_wine_4073,7.5,0.16,0.38,12.7,0.043,70.5,163,0.99706,3.15,0.82,10.4,c12e2179d8a9977c,quality_7_plus
white_wine_4074,6.5,0.36,0.16,1.3,0.054,11,107,0.99398,3.19,0.39,8.5,22d9e96de8051cbd,quality_below_7
white_wine_4075,6.6,0.35,0.19,10.5,0.06,15,82,0.99588,3.13,0.38,9.9,cbbf706f5571da2c,quality_below_7
white_wine_4076,5.7,0.25,0.26,12.5,0.049,52.5,120,0.99691,3.08,0.45,9.4,d409f78764683404,quality_below_7
white_wine_4077,7.4,0.37,0.26,9.6,0.05,33,134,0.99608,3.13,0.46,10.4,9a72d4d019839517,quality_below_7
white_wine_4078,5.7,0.25,0.21,1.5,0.044,21,108,0.99142,3.3,0.59,11,f5e7b7b408daa736,quality_below_7
white_wine_4079,5.8,0.23,0.21,1.5,0.044,21,110,0.99138,3.3,0.57,11,ee51353e18f557c2,quality_below_7
white_wine_4080,5.4,0.265,0.28,7.8,0.052,27,91,0.99432,3.19,0.38,10.4,15201957a79fdf2f,quality_below_7
white_wine_4081,5.7,0.25,0.27,10.8,0.05,58,116,0.99592,3.1,0.5,9.8,ef9c2dada6ab1f60,quality_below_7
white_wine_4082,5.7,0.25,0.26,12.5,0.049,52.5,106,0.99691,3.08,0.45,9.4,dffce613e63ce4f5,quality_below_7
white_wine_4083,5.9,0.23,0.28,8.6,0.046,37,142,0.99432,3.23,0.53,10.6,4ff17693a83bbfda,quality_below_7
white_wine_4084,6.2,0.3,0.32,1.2,0.052,32,185,0.99266,3.28,0.44,10.1,a1bf853a681e22dc,quality_below_7
white_wine_4085,6.5,0.33,0.24,14.5,0.048,20,96,0.99456,3.06,0.3,11.5,46563b2ef7ccafdb,quality_7_plus
white_wine_4086,7.4,0.26,0.29,3.7,0.048,14,73,0.9915,3.06,0.45,11.4,55a75753d715ee10,quality_below_7
white_wine_4087,7,0.2,0.4,1.1,0.058,30,93,0.99322,3.03,0.38,9.2,a924bdd8e5d12610,quality_below_7
white_wine_4088,6.5,0.21,0.42,1.1,0.059,33,101,0.9927,3.12,0.38,9.7,35b005d8e8176ce1,quality_below_7
white_wine_4089,7.3,0.25,0.27,3.8,0.047,16,79,0.99173,3.07,0.46,11.3,64c45c3cb59bfc54,quality_below_7
white_wine_4090,6.8,0.27,0.24,4.6,0.098,36,127,0.99412,3.15,0.49,9.6,501a16c994b46281,quality_below_7
white_wine_4091,6.7,0.24,0.3,10.2,0.07,44,179,0.99666,2.86,0.46,8.9,b337fb55dfe77bda,quality_below_7
white_wine_4092,6.4,0.14,0.28,7.9,0.057,21,82,0.99425,3.26,0.36,10,44408fa5abe7add4,quality_below_7
white_wine_4093,6.4,0.5,0.2,2.4,0.059,19,112,0.99314,3.18,0.4,9.2,29ac9fff32076894,quality_below_7
white_wine_4094,6.6,0.41,0.27,10.7,0.11,20,103,0.99672,3.08,0.41,9,b3fa859a90b21354,quality_below_7
white_wine_4095,6.4,0.25,0.28,4.9,0.03,29,98,0.99024,3.09,0.58,12.8,0ff366424d08ddc7,quality_7_plus
white_wine_4097,8,0.25,0.35,1.1,0.054,13,136,0.99366,3.08,0.55,9.5,5326bb3e49e54d72,quality_below_7
white_wine_4099,6.6,0.21,0.34,5.6,0.046,30,140,0.99299,3.22,0.38,11,6b16a7fabb1c6a7c,quality_below_7
white_wine_4101,6.3,0.29,0.23,14.2,0.037,24,99,0.99528,3.08,0.38,10.6,fe2080a41719cea1,quality_below_7
white_wine_4102,6.9,0.37,0.23,9.5,0.057,54,166,0.99568,3.23,0.42,10,f5394366c70d72f3,quality_below_7
white_wine_4104,5.7,0.31,0.28,4.1,0.03,22,86,0.99062,3.31,0.38,11.7,a49afb5650a72de1,quality_7_plus
white_wine_4105,6.9,0.45,0.27,4.7,0.035,17,80,0.99058,3.12,0.36,12.5,639715894f8c5cac,quality_7_plus
white_wine_4106,6.9,0.3,0.45,1.4,0.039,36,122,0.99059,3.07,0.47,11.1,e4060d502d53feb6,quality_7_plus
white_wine_4107,5.3,0.23,0.56,0.9,0.041,46,141,0.99119,3.16,0.62,9.7,3b0e897ea358393a,quality_below_7
white_wine_4108,6.8,0.3,0.26,20.3,0.037,45,150,0.99727,3.04,0.38,12.3,2a759925ddf1ec5e,quality_below_7
white_wine_4109,6.7,0.28,0.42,3.5,0.035,43,105,0.99021,3.18,0.38,12.2,42ebf8a869765d37,quality_below_7
white_wine_4110,5,0.255,0.22,2.7,0.043,46,153,0.99238,3.75,0.76,11.3,70c6b47cadc7a813,quality_below_7
white_wine_4111,7.6,0.4,0.27,1.2,0.053,23,193,0.99164,3.22,0.38,11.6,3e3b481a932ef675,quality_below_7
white_wine_4112,5.5,0.21,0.25,1.2,0.04,18,75,0.99006,3.31,0.56,11.3,a50ecc985ecaad52,quality_below_7
white_wine_4113,6,0.2,0.25,2,0.041,30,95,0.99078,3.27,0.56,11.1,360d2904d81521f9,quality_below_7
white_wine_4114,6.1,0.17,0.29,1.1,0.041,32,92,0.99036,3.26,0.57,11.2,ab2d09c36b65cf05,quality_below_7
white_wine_4115,7.5,0.21,0.29,1.5,0.046,35,107,0.99123,3.15,0.45,11.3,4f48e5a087d24ab9,quality_below_7
white_wine_4116,7.3,0.26,0.32,1.2,0.041,29,94,0.98978,3.07,0.45,12,a6bc44e538cb8a88,quality_below_7
white_wine_4117,6.2,0.35,0.2,18.1,0.069,33,158,0.99908,3.15,0.5,8.8,6b96e3ab7760f5bd,quality_below_7
white_wine_4119,6.5,0.43,0.31,3.6,0.046,19,143,0.99022,3.15,0.34,12,a8790fe1b01c076a,quality_7_plus
white_wine_4120,6.5,0.4,0.31,3.5,0.046,22,147,0.99024,3.15,0.31,12,9071e7b88b2171e5,quality_7_plus
white_wine_4121,7.4,0.28,0.5,12.1,0.049,48,122,0.9973,3.01,0.44,9,ca8e5e119b4a362b,quality_below_7
white_wine_4122,6.3,0.23,0.22,17.45,0.054,42,151,0.99853,3.12,0.6,9.3,cf61205402f62510,quality_below_7
white_wine_4123,6.2,0.34,0.25,12.1,0.059,33,171,0.99769,3.14,0.56,8.7,04ff8603a228b43b,quality_below_7
white_wine_4124,6.6,0.44,0.32,3,0.095,13,75,0.98954,3.1,0.63,12.8,904db3e0c451cff7,quality_below_7
white_wine_4125,6,0.13,0.36,1.6,0.052,23,72,0.98974,3.1,0.5,11.5,40fb095af0947f67,quality_7_plus
white_wine_4126,6.3,0.17,0.23,5.7,0.048,44,147,0.99382,3.08,0.54,10,c77148501bc98740,quality_below_7
white_wine_4127,6.3,0.18,0.22,5.6,0.047,45,147,0.99383,3.09,0.54,10,27690e5bc4cf8926,quality_below_7
white_wine_4128,6.7,0.31,0.34,6.8,0.059,51,215,0.99538,3.33,0.56,10.3,996df7d7b06e802d,quality_below_7
white_wine_4129,6.6,0.33,0.32,15.6,0.054,62,227,0.99734,3.25,0.56,10.4,dab0f7e4ca6161a7,quality_below_7
white_wine_4130,6.3,0.34,0.31,6,0.02,18,68,0.98981,3.22,0.29,13.4,ec89ce543f9703a1,quality_7_plus
white_wine_4131,6.8,0.29,0.32,1.8,0.032,18,130,0.99095,3.05,0.62,11.2,9e266385648ed22d,quality_below_7
white_wine_4132,7.4,0.31,0.26,8.6,0.048,47,206,0.9964,3.26,0.36,9.1,6f0fd688fb3ae976,quality_below_7
white_wine_4134,5.7,0.25,0.27,11.5,0.04,24,120,0.99411,3.33,0.31,10.8,6d54a73374aed60e,quality_below_7
white_wine_4135,6.8,0.27,0.28,7.8,0.038,26,89,0.9915,3.24,0.34,12.5,7184b265f84d2d59,quality_below_7
white_wine_4136,5.9,0.26,0.24,2.4,0.046,27,132,0.99234,3.63,0.73,11.3,f2959dfa47a9e008,quality_below_7
white_wine_4137,5.9,0.65,0.23,5,0.035,20,128,0.99016,3.46,0.48,12.8,ee123bc2b9ca642e,quality_below_7
white_wine_4139,6.6,0.23,0.32,1.5,0.041,8,72,0.98949,3.22,0.39,12.7,af9433d9dcf5b2a2,quality_below_7
white_wine_4140,6.8,0.18,0.35,5.4,0.054,53,143,0.99287,3.1,0.54,11,0ad4d92a07d49f78,quality_7_plus
white_wine_4141,6.8,0.28,0.29,11.9,0.052,51,149,0.99544,3.02,0.58,10.4,990bc2683abae020,quality_below_7
white_wine_4143,5.9,0.27,0.27,9,0.051,43,136,0.9941,3.25,0.53,10.7,b6ec3ee5f688992d,quality_below_7
white_wine_4144,6.1,0.25,0.28,10,0.055,56,131,0.994,3.22,0.35,10.9,4074f03858f80d95,quality_below_7
white_wine_4146,6.8,0.26,0.29,11.9,0.052,54,160,0.99546,3.03,0.58,10.4,2557e8899bdd41ce,quality_below_7
white_wine_4147,7.1,0.13,0.29,15.5,0.064,56,115.5,0.99737,3.16,0.41,9.7,24330c3007a2aa62,quality_7_plus
white_wine_4149,6.2,0.2,0.25,15,0.055,8,120,0.99767,3.19,0.53,9.6,26dc44a3d7863ea5,quality_below_7
white_wine_4150,5.8,0.24,0.28,1.4,0.038,40,76,0.98711,3.1,0.29,13.9,54f786974fc3599c,quality_7_plus
white_wine_4151,7.6,0.48,0.31,9.4,0.046,6,194,0.99714,3.07,0.61,9.4,9fcc8952657f3bd8,quality_below_7
white_wine_4152,7.4,0.26,0.32,3.7,0.032,29,193,0.99134,3.1,0.67,12.5,340b4c5a5f1a6021,quality_below_7
white_wine_4154,6.1,0.3,0.47,1.4,0.049,50,187,0.9927,3.19,0.45,9.5,5ae6fa698ec9ff99,quality_below_7
white_wine_4155,6.2,0.32,0.5,6.5,0.048,61,186,0.9948,3.19,0.45,9.6,839b903dc7040306,quality_below_7
white_wine_4157,6.3,0.34,0.52,6.3,0.047,63,186,0.99481,3.18,0.44,9.6,1c8b5c066d527f85,quality_below_7
white_wine_4158,7.4,0.16,0.3,13.7,0.056,33,168,0.99825,2.9,0.44,8.7,5f3cfefed7fcbc22,quality_7_plus
white_wine_4164,7.2,0.26,0.38,1.5,0.061,12,120,0.99192,3.18,0.46,10.4,8dccfe1eef44e618,quality_below_7
white_wine_4165,7,0.31,0.35,1.6,0.063,13,119,0.99184,3.22,0.5,10.7,76a4421980db8bc7,quality_below_7
white_wine_4166,6.6,0.22,0.35,1.4,0.05,23,83,0.99019,3.17,0.48,12,0a56f0a8b627e133,quality_7_plus
white_wine_4167,5.8,0.23,0.31,3.5,0.044,35,158,0.98998,3.19,0.37,12.1,ab4a4bf4caa34118,quality_7_plus
white_wine_4168,6.3,0.17,0.32,1,0.04,39,118,0.98886,3.31,0.4,13.1,8ad4531ed7977c10,quality_7_plus
white_wine_4169,6,0.19,0.26,1.4,0.039,30,104,0.98998,3.32,0.41,12.4,04372a145d0192fc,quality_below_7
white_wine_4170,6.7,0.21,0.34,1.5,0.035,45,123,0.98949,3.24,0.36,12.6,4f451315c6b7d41a,quality_7_plus
white_wine_4172,6.6,0.22,0.37,1.6,0.04,31,101,0.99009,3.15,0.66,12,f78aef8e690e890b,quality_below_7
white_wine_4173,6.8,0.34,0.27,5.2,0.06,14,169,0.99252,3.27,0.57,11.6,8aa1dc14ea867444,quality_below_7
white_wine_4174,7.1,0.34,0.86,1.4,0.174,36,99,0.99288,2.92,0.5,9.3,c0de41320e161de4,quality_below_7
white_wine_4175,6.3,0.24,0.22,11.9,0.05,65,179,0.99659,3.06,0.58,9.3,382441479b6ae02e,quality_below_7
white_wine_4176,6.9,0.35,0.39,2.4,0.048,25,157,0.99133,3.2,0.54,11.1,dadb5a4528d3eedd,quality_7_plus
white_wine_4177,6.8,0.24,0.33,3.2,0.049,68,161,0.99324,3.1,0.69,10.2,241b5d6f339b97a3,quality_below_7
white_wine_4178,6.4,0.25,0.33,1.7,0.037,35,113,0.99164,3.23,0.66,10.6,8b92b09ea4c22838,quality_below_7
white_wine_4179,5.8,0.19,0.33,4.2,0.038,49,133,0.99107,3.16,0.42,11.3,cee3f5acb87b8f07,quality_7_plus
white_wine_4180,6.9,0.24,0.4,15.4,0.052,81,198,0.9986,3.2,0.69,9.4,755b4f6749f7da66,quality_below_7
white_wine_4181,6.5,0.31,0.61,13,0.053,31,123,0.99708,3.09,0.5,9.3,66239a370b31806b,quality_below_7
white_wine_4182,6.6,0.25,0.32,5.6,0.039,15,68,0.99163,2.96,0.52,11.1,78874257267223a0,quality_below_7
white_wine_4183,7.5,0.38,0.56,9.7,0.055,15,170,0.99605,3.13,0.65,9.9,e900024975784ab7,quality_below_7
white_wine_4184,6.2,0.3,0.3,2.5,0.041,29,82,0.99065,3.31,0.61,11.8,09a2af69d2c34ae8,quality_7_plus
white_wine_4185,6.4,0.33,0.28,4,0.04,24,81,0.9903,3.26,0.64,12.6,d0c2d21c63cc86ce,quality_7_plus
white_wine_4187,7.6,0.27,0.32,1.2,0.043,23,72,0.99236,3.06,0.68,10.5,a685f03f918c8acd,quality_below_7
white_wine_4188,5.9,0.24,0.34,2,0.037,40,108,0.98948,3.19,0.5,12.3,ccaeff167669b19f,quality_below_7
white_wine_4189,5.3,0.33,0.3,1.2,0.048,25,119,0.99045,3.32,0.62,11.3,26aef60f9e6a4cc7,quality_below_7
white_wine_4190,6.4,0.21,0.21,5.1,0.097,21,105,0.9939,3.07,0.46,9.6,812d6462b9161565,quality_below_7
white_wine_4191,7,0.22,0.3,1.4,0.04,14,63,0.98985,3.2,0.33,12,c9ab18abfde9db65,quality_below_7
white_wine_4192,7.8,0.27,0.35,1.2,0.05,36,140,0.99138,3.09,0.45,11.2,a84d604aef29d7d9,quality_below_7
white_wine_4193,6.7,0.2,0.24,6.5,0.044,28,100,0.99348,3.12,0.33,10.2,bcea8f25d195b15c,quality_below_7
white_wine_4194,8.1,0.27,0.33,1.3,0.045,26,100,0.99066,2.98,0.44,12.4,c728507cd84f925c,quality_below_7
white_wine_4196,7.1,0.45,0.24,2.7,0.04,24,87,0.98862,2.94,0.38,13.4,47986601f37783c2,quality_7_plus
white_wine_4197,5.8,0.22,0.29,1.3,0.036,25,68,0.98865,3.24,0.35,12.6,c9fa5d0336951c40,quality_below_7
white_wine_4198,6.3,0.3,0.48,7.4,0.053,34,149,0.99472,3.18,0.53,9.8,6db2edbe979ebf5f,quality_below_7
white_wine_4199,7.9,0.36,0.53,12.9,0.049,63,139,0.99792,2.94,0.45,9.1,043a45cc7e2eb6ae,quality_below_7
white_wine_4201,8,0.24,0.33,1.2,0.044,28,101,0.99035,3.03,0.43,12.5,c9256cf9fa8f42da,quality_below_7
white_wine_4202,6.7,0.41,0.27,2.6,0.033,25,85,0.99086,3.05,0.34,11.7,1e75215299a1ac12,quality_below_7
white_wine_4203,6.7,0.24,0.31,2.3,0.044,37,113,0.99013,3.29,0.46,12.9,77c3c6e3f8d6b6b1,quality_below_7
white_wine_4204,6.2,0.3,0.32,1.3,0.054,27,183,0.99266,3.3,0.43,10.1,79bb849a1d61f21a,quality_below_7
white_wine_4205,6.9,0.26,0.38,10.5,0.044,33,139,0.99517,3.06,0.5,10.3,df9ac3d18b88a639,quality_below_7
white_wine_4207,5.9,0.32,0.2,14.4,0.05,29,144,0.99666,3.24,0.41,10.3,99f28a081df8d468,quality_below_7
white_wine_4208,6.1,0.25,0.3,1.2,0.036,42,107,0.991,3.34,0.56,10.8,a041bfa0612f3e2d,quality_7_plus
white_wine_4209,5.6,0.23,0.29,3.1,0.023,19,89,0.99068,3.25,0.51,11.2,0ebef9ecb42ba1cb,quality_below_7
white_wine_4210,6.6,0.23,0.32,1.7,0.024,26,102,0.99084,3.29,0.6,11.8,686c2b0c158839c4,quality_below_7
white_wine_4211,6,0.17,0.21,6,0.05,26,134,0.9939,3.08,0.54,9.8,b0fcbc03e04aa7be,quality_below_7
white_wine_4212,7.1,0.38,0.42,11.8,0.041,32,193,0.99624,3.04,0.49,10,689733a2761e5903,quality_below_7
white_wine_4213,6.6,0.31,0.37,6.2,0.052,13,164,0.99602,3.24,0.39,8.8,a9828a6ea841fa52,quality_below_7
white_wine_4214,6.5,0.38,0.53,1.4,0.142,5,69,0.9926,3.14,0.52,10.1,5d3bfbfc5fc203fe,quality_below_7
white_wine_4215,7,0.44,0.24,12.1,0.056,68,210,0.99718,3.05,0.5,9.5,69ae870c9cb2599e,quality_below_7
white_wine_4218,6.1,0.38,0.14,3.9,0.06,27,113,0.99344,3.07,0.34,9.2,1306f33c3c0006d2,quality_below_7
white_wine_4219,8,0.33,0.32,4.6,0.041,31,180,0.99184,2.92,0.74,12.2,cbb5998b22088502,quality_below_7
white_wine_4221,6,0.19,0.29,1.2,0.046,29,92,0.99033,3.22,0.53,11.3,676001433ba37a79,quality_below_7
white_wine_4222,6.3,0.28,0.34,8.1,0.038,44,129,0.99248,3.26,0.29,12.1,2f0eda1578b20ec6,quality_below_7
white_wine_4224,5.3,0.43,0.11,1.1,0.029,6,51,0.99076,3.51,0.48,11.2,71b34e8bdb76ed87,quality_below_7
white_wine_4225,5.4,0.22,0.35,6.5,0.029,26,87,0.99092,3.29,0.44,12.5,488811a8c25d97fd,quality_7_plus
white_wine_4226,6.2,0.345,0.27,10.1,0.056,38,187,0.99486,3.31,0.56,10.6,5475fb4f6d29e2cb,quality_below_7
white_wine_4227,5.6,0.255,0.57,10.7,0.056,66,171,0.99464,3.25,0.61,10.4,ce8cfc4fe6bc04b5,quality_7_plus
white_wine_4228,5.2,0.2,0.27,3.2,0.047,16,93,0.99235,3.44,0.53,10.1,be9d0cf08dd540e0,quality_7_plus
white_wine_4229,6.2,0.29,0.23,12.4,0.048,33,201,0.99612,3.11,0.56,9.9,35a5a23cf02d0955,quality_below_7
white_wine_4230,6.3,0.26,0.25,5.2,0.046,11,133,0.99202,2.97,0.68,11,5b6b3c1c00e78d5e,quality_below_7
white_wine_4231,6,0.22,0.23,5,0.045,10,122,0.99261,2.94,0.63,10,94b0208c92f44fd1,quality_below_7
white_wine_4232,7.5,0.35,0.37,2.5,0.066,29,89,0.98964,3.14,0.42,12.7,40b2c96a7c8458c7,quality_below_7
white_wine_4233,6.6,0.39,0.28,9.2,0.036,10,92,0.99206,3.07,0.35,12.1,a3f487c7fbbad782,quality_below_7
white_wine_4234,6.3,0.23,0.33,6.9,0.052,23,118,0.9938,3.23,0.46,10.4,29e0a3f13896e6dd,quality_below_7
white_wine_4235,6.3,0.22,0.3,2,0.05,23,120,0.99204,3.24,0.47,10.4,181d9f1dcdf1b5bf,quality_below_7
white_wine_4236,6.4,0.29,0.18,15,0.04,21,116,0.99736,3.14,0.5,9.2,c82068dbfb41d19a,quality_below_7
white_wine_4238,7.5,0.23,0.3,1.2,0.03,27,80,0.99192,3.05,0.68,10.5,461affb2be1ab52a,quality_below_7
white_wine_4240,5.7,0.28,0.36,1.8,0.041,38,90,0.99002,3.27,0.98,11.9,6b4481df492e6107,quality_7_plus
white_wine_4241,6.5,0.26,0.24,10.8,0.042,47,130,0.996,3.08,0.4,10.1,a0e5d6e18d2ebe74,quality_below_7
white_wine_4242,6.4,0.27,0.29,3.9,0.034,62,140,0.99237,3.1,0.59,11.1,505cfc0392a455da,quality_below_7
white_wine_4243,5.9,0.22,0.29,4.2,0.037,69,144,0.99214,3.13,0.74,10.8,38549f5ad66f85b2,quality_7_plus
white_wine_4244,6.8,0.26,0.26,2,0.019,23.5,72,0.99041,3.16,0.47,11.8,8cd565bf512c5f1f,quality_below_7
white_wine_4245,7.6,0.36,0.48,13.5,0.038,44,116,0.9982,3.04,0.48,9.2,caee05568be84a64,quality_below_7
white_wine_4246,7.6,0.35,0.47,13.3,0.037,42,116,0.99822,3.04,0.5,9.2,24a69d83351eca22,quality_below_7
white_wine_4247,5.7,0.18,0.26,2.2,0.023,21,95,0.9893,3.07,0.54,12.3,a566db1fd1e07979,quality_below_7
white_wine_4248,6.6,0.36,0.47,1.4,0.145,26,124,0.99274,3.09,0.56,10.1,0458fbe17dd6bdfe,quality_below_7
white_wine_4249,5.9,0.14,0.2,1.6,0.04,26,114,0.99105,3.25,0.45,11.4,40ab4970718d5dca,quality_below_7
white_wine_4250,5.5,0.23,0.19,2.2,0.044,39,161,0.99209,3.19,0.43,10.4,007ca3c64f0bafa9,quality_below_7
white_wine_4251,6.7,0.11,0.26,14.8,0.053,44,95,0.99676,3.2,0.35,9.8,9bb48f4f6ad17ce1,quality_below_7
white_wine_4252,7,0.24,0.24,1.8,0.047,29,91,0.99251,3.3,0.43,9.9,07d19be0ce9c1a30,quality_below_7
white_wine_4254,5.3,0.47,0.1,1.3,0.036,11,74,0.99082,3.48,0.54,11.2,a4edb79c91b019ba,quality_below_7
white_wine_4255,7.5,0.29,0.24,9.9,0.058,25,115,0.99567,3.15,0.46,10.9,e8413ae45806c0f4,quality_below_7
white_wine_4256,6,0.33,0.26,5.1,0.051,16,119,0.99416,3.15,0.41,9.2,a33356a507c555cb,quality_below_7
white_wine_4258,5.8,0.32,0.23,1.5,0.033,39,121,0.9887,2.96,0.35,12,d49b7b1f7a7cf54e,quality_below_7
white_wine_4259,5.8,0.3,0.23,1.5,0.034,37,121,0.98871,2.96,0.34,12.1,9917b6e9fef4ed87,quality_below_7
white_wine_4260,3.8,0.31,0.02,11.1,0.036,20,114,0.99248,3.75,0.44,12.4,07cb64a98ea2a880,quality_below_7
white_wine_4261,6.2,0.36,0.22,5.25,0.038,44,145,0.99184,3.22,0.4,11.2,8aa2c39f79d3b59d,quality_below_7
white_wine_4262,6,0.31,0.27,2.3,0.042,19,120,0.98952,3.32,0.41,12.7,657a4d8c4f23c737,quality_7_plus
white_wine_4263,6.9,0.52,0.54,7.9,0.036,23,169,0.99267,3.26,0.47,12.2,42f57b19bbb8feb5,quality_below_7
white_wine_4264,7,0.55,0.05,8,0.036,19,164,0.99269,3.26,0.46,12.2,14d49b5be5cb1775,quality_below_7
white_wine_4265,5.8,0.2,0.16,1.4,0.042,44,99,0.98912,3.23,0.37,12.2,e3addf680e8e0468,quality_below_7
white_wine_4268,6,0.29,0.27,2.3,0.044,20,117,0.9895,3.31,0.41,12.7,a7ce4b370ff12635,quality_7_plus
white_wine_4269,5.7,0.22,0.29,3.5,0.04,27,146,0.98999,3.17,0.36,12.1,3fad3ac3cdc7edd8,quality_below_7
white_wine_4270,7.1,0.46,0.23,13.7,0.045,44,192,0.9981,3.11,0.53,9.4,b47d8a4bdda9ea1f,quality_below_7
white_wine_4271,6.6,0.21,0.3,9.9,0.041,64,174,0.995,3.07,0.5,10.1,b45be9093d97d28a,quality_below_7
white_wine_4272,6.9,0.42,0.2,15.4,0.043,57,201,0.99848,3.08,0.54,9.4,9084c6fc19137df5,quality_below_7
white_wine_4273,5.7,0.22,0.2,16,0.044,41,113,0.99862,3.22,0.46,8.9,55839dd2a41f8a1e,quality_below_7
white_wine_4277,5.2,0.31,0.2,2.4,0.027,27,117,0.98886,3.56,0.45,13,4d0a37b5f1612fb7,quality_7_plus
white_wine_4278,7.2,0.22,0.35,5.5,0.054,37,183,0.99474,3.08,0.5,10.3,e03e1ee8d984bffc,quality_below_7
white_wine_4279,5.6,0.18,0.29,2.3,0.04,5,47,0.99126,3.07,0.45,10.1,8009b04ac1a83ef4,quality_below_7
white_wine_4280,6.2,0.24,0.27,16.8,0.04,48,129,0.99691,3.23,0.38,10.5,b2ff935e08363a62,quality_below_7
white_wine_4282,5.7,0.26,0.24,17.8,0.059,23,124,0.99773,3.3,0.5,10.1,02864cc16360ff98,quality_below_7
white_wine_4284,6,0.2,0.26,6.8,0.049,22,93,0.9928,3.15,0.42,11,bd4e8497529e3515,quality_below_7
white_wine_4288,7.6,0.28,0.17,1.6,0.046,28,117,0.99288,3.08,0.43,10,5970d86b84ea2336,quality_below_7
white_wine_4289,7,0.2,0.33,4.7,0.03,25,76,0.99202,2.88,0.54,10.5,b5b92531433c2c42,quality_below_7
white_wine_4290,6.6,0.26,0.27,11.8,0.048,28,112,0.99606,2.87,0.49,9.7,fef4db6ea61f012d,quality_below_7
white_wine_4292,7.2,0.21,0.36,15.7,0.045,68,183,0.99922,3.25,0.76,9.4,36e1a130f702a565,quality_below_7
white_wine_4293,6.9,0.22,0.32,5.8,0.041,20,119,0.99296,3.17,0.55,11.2,95629cdb2fe899cd,quality_below_7
white_wine_4295,7.4,0.22,0.28,9,0.046,22,121,0.99468,3.1,0.55,10.8,47183971368acc00,quality_below_7
white_wine_4298,7,0.2,0.35,8.8,0.037,31,103,0.99388,3.13,0.49,11,25831b4eacb23b94,quality_below_7
white_wine_4299,5.6,0.26,0,10.2,0.038,13,111,0.99315,3.44,0.46,12.4,4fa1df6f6602c345,quality_below_7
white_wine_4300,6.3,0.28,0.3,6.6,0.208,60,154,0.99478,3.1,0.4,9.4,811bd5aa536eea52,quality_below_7
white_wine_4301,6.4,0.29,0.3,6.5,0.209,62,156,0.99478,3.1,0.4,9.4,d850dbca99cf2b41,quality_below_7
white_wine_4302,7.2,0.34,0.23,8.9,0.105,22,155,0.99692,3.01,0.58,9.5,f1ccbaa4e797e59a,quality_below_7
white_wine_4303,7.1,0.39,0.39,11.1,0.034,25,204,0.99616,3.05,0.52,10,00d7ba9a1646265c,quality_below_7
white_wine_4304,6.9,0.26,0.29,4.2,0.043,33,114,0.9902,3.16,0.31,12.5,365647adca940871,quality_below_7
white_wine_4305,6.1,0.24,0.25,1.6,0.044,24,115,0.9921,3.39,0.59,10.9,1d97e554215e5b64,quality_below_7
white_wine_4306,5.9,0.25,0.24,7.4,0.044,21,113,0.99462,3.38,0.58,10.5,684fe50ac8e33b61,quality_below_7
white_wine_4307,6.1,0.24,0.27,11.5,0.05,51,133,0.99476,3.22,0.37,10.8,1f0586f3a03f1c84,quality_below_7
white_wine_4308,6.5,0.22,0.27,1.6,0.039,36,116,0.99178,3.38,0.57,11,65bbba5b5b947370,quality_7_plus
white_wine_4309,6.2,0.26,0.29,2,0.036,16,87,0.99081,3.33,0.61,11.8,99f2fe35cd59e03e,quality_below_7
white_wine_4310,6.6,0.34,0.25,4.8,0.038,16,121,0.99198,3.36,0.71,12.6,93dd6aa6f90f819d,quality_below_7
white_wine_4311,5.6,0.225,0.24,9.8,0.054,59,140,0.99545,3.17,0.39,10.2,26b772d0370cbe7c,quality_below_7
white_wine_4312,7.1,0.23,0.28,1.9,0.046,33,103,0.98997,3.12,0.31,12,97633d2b51087bad,quality_below_7
white_wine_4314,6.4,0.27,0.3,1.6,0.04,19,86,0.99089,3.32,0.65,11.5,439cfc3db5dc241e,quality_below_7
white_wine_4315,6.3,0.41,0.22,7.3,0.035,23,117,0.99172,3.2,0.39,11.94,6c3d9f9ff85a891a,quality_7_plus
white_wine_4316,6.7,0.41,0.24,5.4,0.035,33,115,0.9901,3.12,0.44,12.8933333333333,f1673167fa7a6368,quality_7_plus
white_wine_4317,7.2,0.585,0.2,10.4,0.086,17,94,0.99681,3.13,0.4,9.4,7b5c08cfe8db8381,quality_below_7
white_wine_4318,6.7,0.34,0.26,1.9,0.038,58,138,0.9893,3,0.47,12.2,916e9605615e1ac2,quality_7_plus
white_wine_4321,6.4,0.26,0.35,7.7,0.056,45,191,0.99527,3.16,0.5,9.5,ae41dff36afe239d,quality_below_7
white_wine_4322,6.3,0.28,0.22,11.5,0.036,27,150,0.99445,3,0.33,10.6,9517c438c0586843,quality_below_7
white_wine_4323,7.4,0.16,0.33,1.2,0.042,47,121,0.99198,3.04,0.68,10.5,c3cf0c347cb516a4,quality_7_plus
white_wine_4324,8.4,0.27,0.3,2.2,0.037,36,129,0.99085,2.89,0.3,11.4666666666667,616dad731dea9af3,quality_below_7
white_wine_4325,5.9,0.2,0.28,1,0.043,45,100,0.99033,3.4,0.41,11.4,205e5162c86a1686,quality_below_7
white_wine_4326,6.4,0.24,0.26,8.2,0.054,47,182,0.99538,3.12,0.5,9.5,169d35bb6ea5afc2,quality_below_7
white_wine_4327,7.4,0.38,0.34,8.3,0.052,44,168,0.99627,3.11,0.52,9.2,86647940d2392d10,quality_below_7
white_wine_4329,6.4,0.42,0.19,9.3,0.043,28,145,0.99433,3.23,0.53,10.98,8541a3f0f7386603,quality_below_7
white_wine_4330,6.4,0.23,0.26,8.1,0.054,47,181,0.9954,3.12,0.49,9.4,d544b1ea25c69902,quality_below_7
white_wine_4333,7.3,0.19,0.27,13.9,0.057,45,155,0.99807,2.94,0.41,8.8,b9f92764edaaf31a,quality_7_plus
white_wine_4340,6.8,0.24,0.29,2,0.044,15,96,0.99232,3.23,0.64,10.4,5f6a9643f213749a,quality_7_plus
white_wine_4342,7.4,0.27,0.52,15.7,0.054,36,139,0.99788,3.04,0.62,10.0333333333333,54cae10b0915f23b,quality_below_7
white_wine_4343,5.7,0.28,0.35,1.2,0.052,39,141,0.99108,3.44,0.69,11.3,3bc654002f480cca,quality_below_7
white_wine_4344,5.8,0.22,0.25,1.5,0.024,21,109,0.99234,3.37,0.58,10.4,145306ec716d82fb,quality_below_7
white_wine_4345,6.7,0.27,0.69,1.2,0.176,36,106,0.99288,2.96,0.43,9.2,b36245ff45e9e534,quality_below_7
white_wine_4346,7.1,0.2,0.35,3.2,0.034,21,107,0.99195,3.11,0.54,11.1,cfc185abaf4be8d4,quality_below_7
white_wine_4348,7.1,0.23,0.3,2.6,0.034,62,148,0.99121,3.03,0.56,11.3,70970a506bcb9782,quality_7_plus
white_wine_4349,7.6,0.31,0.52,13.2,0.042,61,148,0.99839,2.98,0.47,9.1,fea8776951061482,quality_below_7
white_wine_4350,7.2,0.34,0.28,10.4,0.108,43,187,0.99738,2.96,0.57,9.4,e25d53145e03d660,quality_below_7
white_wine_4351,7,0.36,0.25,5.7,0.015,14,73,0.98963,2.82,0.59,13.2,6192899e1c449468,quality_below_7
white_wine_4352,6.4,0.31,0.28,2.5,0.039,34,137,0.98946,3.22,0.38,12.7,a9606cfe9c6bae8e,quality_below_7
white_wine_4353,7.3,0.28,0.35,1.6,0.054,31,148,0.99178,3.18,0.47,10.7,a17329d1ab3e203b,quality_below_7
white_wine_4354,7.4,0.16,0.3,1.4,0.064,34,166,0.99136,3.11,0.42,11.4333333333333,4b064010a4f59263,quality_below_7
white_wine_4355,6.4,0.31,0.27,7.4,0.049,48,169,0.99323,3.27,0.45,11.1,3f58a779f0d44a05,quality_below_7
white_wine_4357,6.2,0.29,0.29,5.6,0.046,35,178,0.99313,3.25,0.51,10.5333333333333,2c308b3a70e3e271,quality_below_7
white_wine_4358,5.9,0.28,0.34,3.6,0.04,50,194,0.9912,3.31,0.52,11.6,97d9bc9e300f47b4,quality_below_7
white_wine_4359,6.5,0.23,0.2,7.5,0.05,44,179,0.99504,3.18,0.48,9.53333333333333,23f922025fad35dd,quality_below_7
white_wine_4360,7.2,0.34,0.2,5.8,0.062,52,203,0.99461,3.17,0.44,9.8,f04526a8e89d2395,quality_below_7
white_wine_4362,6.5,0.2,0.33,1.5,0.039,36,110,0.99008,3.22,0.65,12,acd751d2929902a7,quality_below_7
white_wine_4363,6.2,0.24,0.27,2.9,0.039,30,123,0.98959,3.12,0.37,12.8,13fb2be69ce3118e,quality_below_7
white_wine_4364,7.1,0.31,0.25,11.2,0.048,32,136,0.99663,3.14,0.4,9.5,6810dde23545606c,quality_below_7
white_wine_4365,6.4,0.29,0.21,9.65,0.041,36,119,0.99334,2.99,0.34,10.9333333333333,271d90d3471ce916,quality_below_7
white_wine_4366,6.3,0.19,0.33,10.1,0.063,63,133,0.99561,2.86,0.41,9.1,5529536d016b4ce9,quality_below_7
white_wine_4367,5.9,0.29,0.28,3.2,0.035,16,117,0.98959,3.26,0.42,12.6,3ac8a8db1014ecea,quality_below_7
white_wine_4369,6.5,0.3,0.28,11.45,0.041,29,109,0.99418,2.98,0.3,10.9,983aa852c60a14be,quality_below_7
white_wine_4371,6.5,0.22,0.19,4.5,0.096,16,115,0.9937,3.02,0.44,9.6,f9a28ba4c8406681,quality_below_7
white_wine_4372,7,0.23,0.28,2.7,0.053,16,92,0.99372,3.18,0.56,9.3,a1fe0f7ee464a29e,quality_below_7
white_wine_4373,7.1,0.23,0.23,3.5,0.038,23,112,0.99157,3.05,0.37,11.3666666666667,4aef0bcd7f4c8565,quality_below_7
white_wine_4374,6.1,0.26,0.28,1.7,0.043,24,98,0.98918,3.14,0.44,12.5,d6f70e1c1c3a1479,quality_below_7
white_wine_4375,6.4,0.35,0.21,2.1,0.051,46,171,0.9932,3.16,0.5,9.5,f1946816cb0fd721,quality_below_7
white_wine_4376,6,0.32,0.32,4.8,0.041,40,186,0.99235,3.22,0.54,11,9ed846e984001657,quality_below_7
white_wine_4377,6.1,0.34,0.21,5,0.042,17,133,0.99373,3.02,0.53,9.4,d2a1b4ba90772d04,quality_below_7
white_wine_4378,6.5,0.13,0.27,2.6,0.035,32,76,0.9914,3.21,0.76,11.3333333333333,bb75042e24a09ee7,quality_below_7
white_wine_4379,6.5,0.315,0.2,6.6,0.041,9,126,0.99494,2.94,0.51,8.8,9e50db4dfca2e422,quality_below_7
white_wine_4381,5.7,0.31,0.29,7.3,0.05,33,143,0.99332,3.31,0.5,11.0666666666667,eee9f8f19787d330,quality_below_7
white_wine_4382,6.4,0.3,0.27,5,0.058,27,151,0.99198,3.22,0.49,12.2,90fb029aeba0dabf,quality_below_7
white_wine_4383,7,0.24,0.26,1.7,0.041,31,110,0.99142,3.2,0.53,11,2bc3cb662ac90fd3,quality_below_7
white_wine_4385,6.4,0.26,0.21,8.2,0.05,51,182,0.99542,3.23,0.48,9.5,0e7500ca02513cd7,quality_below_7
white_wine_4387,6,0.27,0.31,5,0.043,54,170,0.9924,3.28,0.52,11,a5f66dca531b8aad,quality_below_7
white_wine_4388,7.1,0.21,0.33,1.2,0.039,34,97,0.99112,3.11,0.75,11.2,8f05e4d3876630cf,quality_below_7
white_wine_4389,6.7,0.26,0.29,7.1,0.036,28,100,0.99534,3.08,0.36,9.3,f5073197a7b89140,quality_below_7
white_wine_4390,6.3,0.28,0.22,9.5,0.04,30,111,0.99338,3.05,0.31,10.8,3ac350d702b6688e,quality_below_7
white_wine_4391,6.2,0.25,0.44,15.8,0.057,39,167,0.99804,3.14,0.51,9.2,05c6089acd98defb,quality_below_7
white_wine_4392,7.3,0.22,0.37,15.5,0.048,70,203,0.99899,3.25,0.77,9.4,61264a7c8244468b,quality_below_7
white_wine_4394,6.4,0.18,0.28,17.05,0.047,53,139,0.99724,3.25,0.35,10.5,6bd9d4efdc8f2742,quality_below_7
white_wine_4395,6.3,0.2,0.26,12.7,0.046,60,143,0.99526,3.26,0.35,10.8,365ec86ccabdf4e0,quality_below_7
white_wine_4396,6.6,0.24,0.22,12.3,0.051,35,146,0.99676,3.1,0.67,9.4,7a2836aae75e6653,quality_below_7
white_wine_4397,7.4,0.27,0.26,11.8,0.053,55,173,0.99699,3.11,0.6,9.8,e040683b6187bef2,quality_below_7
white_wine_4402,7.1,0.38,0.29,13.6,0.041,30,137,0.99461,3.02,0.96,12.1,14930bc703c92218,quality_below_7
white_wine_4403,6.8,0.43,0.26,5.2,0.043,40,176,0.99116,3.17,0.41,12.3,2799c90b2c9e2f2d,quality_below_7
white_wine_4404,5.2,0.22,0.46,6.2,0.066,41,187,0.99362,3.19,0.42,9.73333333333333,b765a99483ad211f,quality_below_7
white_wine_4405,5.9,0.29,0.16,7.9,0.044,48,197,0.99512,3.21,0.36,9.4,b209758404b65d3d,quality_below_7
white_wine_4407,6.3,0.29,0.29,3.3,0.037,32,140,0.9895,3.17,0.36,12.8,55fd3524b8e8f601,quality_7_plus
white_wine_4408,6.3,0.19,0.32,2.8,0.046,18,80,0.99043,2.92,0.47,11.05,230969f59ea6d609,quality_below_7
white_wine_4409,5.7,0.29,0.16,7.9,0.044,48,197,0.99512,3.21,0.36,9.4,bf5a0113c7b6573b,quality_below_7
white_wine_4411,5.7,0.24,0.47,6.3,0.069,35,182,0.99391,3.11,0.46,9.73333333333333,a2587b4394af09bc,quality_below_7
white_wine_4412,5.8,0.3,0.38,4.9,0.039,22,86,0.98963,3.23,0.58,13.1,e5b4b12a0ae0ca3b,quality_7_plus
white_wine_4413,7.1,0.27,0.27,10.4,0.041,26,114,0.99335,3.04,0.52,11.5,28aec7621f3bbc3e,quality_7_plus
white_wine_4416,6.3,0.305,0.22,16,0.061,26,141,0.99824,3.08,0.5,9.1,6de7451fcf356f43,quality_below_7
white_wine_4417,5.7,0.24,0.47,6.3,0.069,35,182,0.99391,3.11,0.46,9.75,002d169249fe4cf9,quality_below_7
white_wine_4418,6.2,0.22,0.28,2.2,0.04,24,125,0.9917,3.19,0.48,10.5,06eabb2783c3cfe9,quality_below_7
white_wine_4419,6.6,0.22,0.23,17.3,0.047,37,118,0.99906,3.08,0.46,8.8,53e7eddfbc5e9dee,quality_below_7
white_wine_4426,6.1,0.22,0.5,6.6,0.045,30,122,0.99415,3.22,0.49,9.9,7994d02fc611ff0f,quality_below_7
white_wine_4427,6.2,0.21,0.52,6.5,0.047,28,123,0.99418,3.22,0.49,9.9,59cb491a8b6e0b5a,quality_below_7
white_wine_4428,6.3,0.32,0.26,12.3,0.044,24,205,0.99611,3.11,0.58,9.9,a4ac9c6341b9d359,quality_below_7
white_wine_4429,6.9,0.44,0.27,5,0.038,33,166,0.99124,3.2,0.42,12.2,2d8848db5f11027c,quality_below_7
white_wine_4430,6.1,0.31,0.34,2.8,0.042,59.5,162,0.99179,3.27,0.47,10.8,a8a4415b26c0d96a,quality_below_7
white_wine_4431,8.1,0.36,0.59,13.6,0.051,60,134,0.99886,2.96,0.39,8.7,4a432ea5926579b4,quality_below_7
white_wine_4432,6.6,0.38,0.28,2.8,0.043,17,67,0.98924,3.21,0.47,13.2,441897c5ee3bc97d,quality_below_7
white_wine_4433,6.7,0.24,0.26,5.4,0.03,15,94,0.99045,3.15,0.38,12.7,0bec01fd180bb28b,quality_below_7
white_wine_4434,6.9,0.56,0.26,10.9,0.06,55,193,0.9969,3.21,0.44,9.4,75d2e9a69aebae00,quality_below_7
white_wine_4435,7.2,0.24,0.24,1.7,0.045,18,161,0.99196,3.25,0.53,11.2,466521883667afe6,quality_below_7
white_wine_4436,6.5,0.29,0.3,9.15,0.051,25,166,0.99339,3.24,0.56,11.3333333333333,e40197a1525b8eef,quality_below_7
white_wine_4437,6.7,0.28,0.28,4.5,0.051,14,92,0.99224,3.36,0.58,11.9,15a7ae16f35ed28f,quality_below_7
white_wine_4438,6.5,0.29,0.3,9.15,0.051,25,166,0.99339,3.24,0.56,11.35,9706ff2719ad6e9a,quality_below_7
white_wine_4439,6.1,0.21,0.19,1.4,0.046,51,131,0.99184,3.22,0.39,10.5,af1fc74a3484d03d,quality_below_7
white_wine_4440,7.2,0.47,0.16,5.9,0.048,14,125,0.99428,3.09,0.49,9.8,a48447a2705ef9e8,quality_below_7
white_wine_4441,6.7,0.34,0.31,16.4,0.051,20,146,0.99834,3.06,0.54,9.1,704220a152834a87,quality_below_7
white_wine_4442,6.6,0.27,0.25,1.2,0.033,36,111,0.98918,3.16,0.37,12.4,54944c81c9e30a8f,quality_below_7
white_wine_4445,5,0.35,0.25,7.8,0.031,24,116,0.99241,3.39,0.4,11.3,faa7e88c1e3b6724,quality_below_7
white_wine_4447,4.4,0.46,0.1,2.8,0.024,31,111,0.98816,3.48,0.34,13.1,217e5859f42aa231,quality_below_7
white_wine_4448,6.6,0.38,0.29,2.9,0.035,15,101,0.98916,3.04,0.37,12.5,02edfc51c7e5a816,quality_below_7
white_wine_4449,7.3,0.3,0.25,2.5,0.045,32,122,0.99329,3.18,0.54,10.3,d2f389a27ef5cba1,quality_below_7
white_wine_4450,6.4,0.28,0.22,12.8,0.039,51,150,0.99535,3.23,0.43,10.7,c06502f671cc55b1,quality_below_7
white_wine_4451,6.9,0.29,0.25,12.2,0.04,29,136,0.99552,3.05,0.65,10.4,6593a9768df9099c,quality_below_7
white_wine_4452,6.3,0.3,0.19,7.7,0.049,47,184,0.99514,3.22,0.48,9.5,cb96807b1ca7c2cc,quality_below_7
white_wine_4453,6.3,0.39,0.22,2.8,0.048,53,173,0.99304,3.24,0.45,9.8,6240e07b3c61e60f,quality_below_7
white_wine_4455,6.6,0.18,0.26,17.3,0.051,17,149,0.9984,3,0.43,9.4,6c27101855dc8de6,quality_below_7
white_wine_4456,6,0.28,0.29,19.3,0.051,36,174,0.99911,3.14,0.5,9,a2c4b552daa4e82a,quality_below_7
white_wine_4459,6.6,0.35,0.26,2.7,0.045,19,129,0.98952,3.24,0.48,13,f4cbf4de2fc4f8f0,quality_7_plus
white_wine_4460,5.9,0.22,0.18,6.4,0.041,28,120,0.99403,3.27,0.5,9.9,c29341d8419d9cb2,quality_below_7
white_wine_4462,7.7,0.28,0.24,2.4,0.044,29,157,0.99312,3.27,0.56,10.6,400a8168eb072c9e,quality_below_7
white_wine_4463,7.1,0.42,0.2,2.8,0.038,28,109,0.98968,3.23,0.47,13.4,7b2e923c00e5c1bb,quality_below_7
white_wine_4464,6.7,0.32,0.32,1.7,0.031,31,114,0.98946,3.12,0.35,12.5,019bbd0bf43faf4e,quality_below_7
white_wine_4465,6.6,0.26,0.56,15.4,0.053,32,141,0.9981,3.11,0.49,9.3,248ce89c07b4675a,quality_below_7
white_wine_4467,6.2,0.32,0.24,4.1,0.051,34,149,0.99306,3.36,0.52,11,b6f1531a878c3c1d,quality_below_7
white_wine_4468,6.3,0.25,0.27,6.6,0.054,40,158,0.99378,3.2,0.48,10.3,fd2cbbc86b35511f,quality_below_7
white_wine_4469,6.2,0.21,0.24,1.2,0.051,31,95,0.99036,3.24,0.57,11.3,36be7eb4385b55b1,quality_below_7
white_wine_4470,6.4,0.23,0.27,2.1,0.042,35,100,0.99094,3.03,0.63,10.9,c01075f781509c9f,quality_below_7
white_wine_4471,4.7,0.145,0.29,1,0.042,35,90,0.9908,3.76,0.49,11.3,a7026da167cbecdb,quality_below_7
white_wine_4472,6.2,0.2,0.28,1.1,0.039,24,78,0.9899,3.36,0.47,12.1,b94766e38af7fc25,quality_below_7
white_wine_4473,7,0.28,0.28,1.4,0.039,12,83,0.99173,3.18,0.65,11.1,88a82402a117e5e3,quality_below_7
white_wine_4474,7.1,0.36,0.2,1.6,0.271,24,140,0.99356,3.11,0.63,9.8,68ce1a8b93a9f2ee,quality_below_7
white_wine_4475,5.7,0.25,0.22,9.8,0.049,50,125,0.99571,3.2,0.45,10.1,ad175d99a98b50a3,quality_below_7
white_wine_4476,5.7,0.22,0.33,1.9,0.036,37,110,0.98945,3.26,0.58,12.4,4927d8fc4f4880e7,quality_below_7
white_wine_4477,6,0.2,0.38,1.3,0.034,37,104,0.98865,3.11,0.52,12.7,af789f6af6207e6b,quality_below_7
white_wine_4478,6.4,0.32,0.26,7.9,0.05,53,180,0.99514,3.14,0.5,9.6,a0a8207cbed75b3c,quality_below_7
white_wine_4480,6,0.555,0.26,4.5,0.053,17,126,0.9943,3.24,0.46,9.1,68bdccba8e70db6a,quality_below_7
white_wine_4481,5.9,0.22,0.45,22.6,0.12,55,122,0.99636,3.1,0.35,12.8,fc57096af88a75a0,quality_below_7
white_wine_4483,6.2,0.3,0.33,3.5,0.037,37,155,0.98987,3.18,0.37,12.4,a9f96de0dc2570be,quality_below_7
white_wine_4484,5.8,0.28,0.18,1.2,0.058,7,108,0.99288,3.23,0.58,9.55,5992251f5ef85759,quality_below_7
white_wine_4485,5.8,0.555,0.26,4.5,0.053,17,126,0.9943,3.24,0.46,9.1,3223e36c6f8d888b,quality_below_7
white_wine_4486,6.7,0.31,0.33,2,0.033,12,74,0.99064,3.29,0.65,12.5,dbe351818729376a,quality_below_7
white_wine_4487,6.4,0.15,0.25,7.8,0.05,13,68,0.99394,3.16,0.4,9.9,19310141cc8c9c04,quality_below_7
white_wine_4488,6.4,0.13,0.28,0.9,0.045,32,87,0.99175,3.47,0.52,11.2,f945f87dfa96fd8c,quality_below_7
white_wine_4489,6.7,0.48,0.49,2.9,0.03,28,122,0.98926,3.13,0.4,13,4f7dde755ac23acf,quality_below_7
white_wine_4491,5.8,0.3,0.33,3.5,0.033,25,116,0.99057,3.2,0.44,11.7,45771715f76ea486,quality_below_7
white_wine_4492,6.1,0.28,0.23,4.2,0.038,13,95,0.98898,2.97,0.7,13.1,8a97be4acca47a57,quality_below_7
white_wine_4493,6,0.19,0.37,9.7,0.032,17,50,0.9932,3.08,0.66,12,5a5ce8dae55a7c33,quality_below_7
white_wine_4494,6.8,0.31,0.25,10.5,0.043,30,165,0.9972,3.36,0.55,10.55,437e43c5eba861ae,quality_below_7
white_wine_4495,7.5,0.24,0.29,1.1,0.046,34,84,0.9902,3.04,0.39,11.45,30b995708c8faaf3,quality_below_7
white_wine_4496,6.8,0.23,0.39,16.1,0.053,71,194,0.9988,3.18,0.64,10.2,b9065312474eba1f,quality_below_7
white_wine_4498,6.3,0.29,0.3,8.1,0.212,60,150,0.9958,3.1,0.4,9.3,137c607143a78680,quality_below_7
white_wine_4499,6.8,0.2,0.25,6.2,0.052,22,106,0.9935,3.09,0.54,10.8,ffc449100e0acd1e,quality_below_7
white_wine_4500,5.2,0.38,0.26,7.7,0.053,20,103,0.9925,3.27,0.45,12.2,e62d33d4f4ee1fd5,quality_below_7
white_wine_4501,7.8,0.27,0.33,2.4,0.053,36,175,0.992,3.2,0.55,11,ca15ce135c87d70f,quality_below_7
white_wine_4502,6.6,0.54,0.21,16.3,0.055,41,182,0.9986,3.35,0.54,10.4,7e6697ca4fbd0689,quality_below_7
white_wine_4503,7.1,0.25,0.31,2.3,0.05,32,156,0.9914,3.14,0.51,11.4,cd12adbab1014c11,quality_below_7
white_wine_4504,5.8,0.61,0.01,8.4,0.041,31,104,0.9909,3.26,0.72,14.05,11ec3c72c2798c73,quality_7_plus
white_wine_4505,6.5,0.32,0.23,8.5,0.051,20,138,0.9943,3.03,0.42,10.7,9ef38783d0c7be08,quality_below_7
white_wine_4506,6.4,0.28,0.23,6,0.051,50,162,0.994,3.15,0.52,10.2,2bd50c87e6ac8dd2,quality_below_7
white_wine_4507,6.6,0.19,0.28,1.1,0.044,38,100,0.9904,3.22,0.69,11.2,0c79a22c437ae48a,quality_below_7
white_wine_4508,5.1,0.305,0.13,1.75,0.036,17,73,0.99,3.4,0.51,12.3333333333333,7c19893922f9a65a,quality_below_7
white_wine_4509,5.8,0.26,0.3,2.6,0.034,75,129,0.9902,3.2,0.38,11.5,d1dfbcd7db07a84d,quality_below_7
white_wine_4510,6.7,0.23,0.17,1.3,0.061,14,100,0.9925,3.07,0.55,9.5,d4cf71d6441afd29,quality_below_7
white_wine_4511,6.8,0.33,0.3,2.1,0.047,35,147,0.9886,3.24,0.56,13.4,8b66a532ea7f5403,quality_below_7
white_wine_4512,6.1,0.27,0.32,1.1,0.034,24,110,0.9898,3.36,0.4,12.5,4b4f56b2ae74f640,quality_below_7
white_wine_4514,6.8,0.4,0.29,2.8,0.044,27,97,0.9904,3.12,0.42,11.2,c222884b2b32490c,quality_below_7
white_wine_4515,6.1,0.4,0.18,9,0.051,28.5,259,0.9964,3.19,0.5,8.8,ca20a22b4cf44a94,quality_below_7
white_wine_4516,7.1,0.28,0.26,2.8,0.039,50,118,0.9908,3.06,0.59,11.2,cf1196f67a0b8303,quality_below_7
white_wine_4517,6.2,0.32,0.32,2.2,0.036,15,70,0.9899,3.16,0.48,12.7,736535b5fc97f005,quality_below_7
white_wine_4518,6.8,0.17,0.17,5.1,0.049,26,82,0.993,3,0.38,9.8,4736ad9323e4c05f,quality_below_7
white_wine_4519,9,0.2,0.33,3.5,0.049,10,40,0.9944,3.14,0.36,9.8,ea3f7bfe771e5d10,quality_below_7
white_wine_4520,5.8,0.13,0.22,12.7,0.058,24,183,0.9956,3.32,0.42,11.7,307dbd5c42951556,quality_below_7
white_wine_4521,5.8,0.31,0.31,7.5,0.052,55,230,0.9949,3.19,0.46,9.8,d32a6995e38d58d0,quality_below_7
white_wine_4522,6.3,0.36,0.2,2,0.048,48,191,0.9929,3.17,0.51,9.6,ebc621f538486fa3,quality_below_7
white_wine_4524,6.7,0.18,0.25,14.3,0.048,79,149,0.9975,3.12,0.37,9.7,0c10196dd354e692,quality_below_7
white_wine_4525,6.6,0.16,0.25,9.8,0.049,59.5,137,0.995,3.16,0.38,10,bb652e7c5038c5a6,quality_below_7
white_wine_4527,5.8,0.27,0.22,12.7,0.058,42,206,0.9946,3.32,0.38,12.3,cb36599bf11222cf,quality_below_7
white_wine_4529,6.4,0.37,0.19,3.5,0.068,18,101,0.9934,3.03,0.38,9,0bddb06342e177ad,quality_below_7
white_wine_4530,7.3,0.26,0.53,12.7,0.047,60.5,164.5,0.9984,3.06,0.45,9.1,439f83a07bc63f12,quality_below_7
white_wine_4531,7.3,0.28,0.54,12.9,0.049,62,162.5,0.9984,3.06,0.45,9.1,4f6b0896791b8b06,quality_below_7
white_wine_4533,5.8,0.12,0.21,1.3,0.056,35,121,0.9908,3.32,0.33,11.4,0b723b78465075a1,quality_below_7
white_wine_4534,6.1,0.25,0.18,10.5,0.049,41,124,0.9963,3.14,0.35,10.5,9244deb61867e970,quality_below_7
white_wine_4535,6.4,0.24,0.27,1.5,0.04,35,105,0.98914,3.13,0.3,12.4,e259e645223392f0,quality_below_7
white_wine_4536,7.3,0.26,0.53,12.7,0.047,60.5,156,0.9984,3.06,0.45,9.1,213982e30f86dde4,quality_below_7
white_wine_4537,7.3,0.28,0.54,12.9,0.049,62,152,0.9984,3.06,0.45,9.1,85c9ae4545ee397f,quality_below_7
white_wine_4538,8.3,0.18,0.37,1.2,0.049,6,94,0.9937,3.18,0.52,10.1,6673e1d23ee2da3a,quality_below_7
white_wine_4539,7.1,0.09,0.3,6.2,0.032,24,134,0.993,2.99,0.39,10.9,90fa7a2e1fbc55ad,quality_below_7
white_wine_4540,8.3,0.14,0.36,8.8,0.026,13,60,0.9956,3.13,0.35,11.05,5913c2fc09e6fb38,quality_below_7
white_wine_4541,5.8,0.28,0.3,3.9,0.026,36,105,0.98963,3.26,0.58,12.75,69389da0a8c561ea,quality_below_7
white_wine_4542,6,0.23,0.34,1.3,0.025,23,111,0.98961,3.36,0.37,12.7,75bb4ec0c0366d0a,quality_below_7
white_wine_4543,6.9,0.28,0.37,9.1,0.037,16,76,0.9948,3.05,0.54,11.1,6be3e32d86e74e99,quality_below_7
white_wine_4546,6.3,0.25,0.53,1.8,0.021,41,101,0.989315,3.19,0.31,13,3e697a7b21bc8161,quality_below_7
white_wine_4547,6.5,0.2,0.31,2.1,0.033,32,95,0.989435,2.96,0.61,12,ca0a16356635c281,quality_below_7
white_wine_4548,5.9,0.29,0.32,1.4,0.022,17,47,0.9899,3.35,0.35,11.5,bca3e71b05663e6b,quality_below_7
white_wine_4549,6.4,0.46,0.22,14.7,0.047,51,183,0.998275,3.39,0.6,10.5,4d8eab51e092f333,quality_below_7
white_wine_4551,6.8,0.23,0.33,1.9,0.047,20,101,0.9914,3.1,0.46,11.1,0f35015b67f2c012,quality_below_7
white_wine_4552,7,0.23,0.32,1.8,0.048,25,113,0.9915,3.11,0.47,11.1,fc2100a220929de7,quality_below_7
white_wine_4553,6.4,0.55,0.26,9.6,0.027,20,104,0.9924,3.22,0.73,13.1,43062abd3c4353fe,quality_below_7
white_wine_4554,5.7,0.28,0.3,3.9,0.026,36,105,0.98963,3.26,0.58,12.75,c8c6d98e4c977ea2,quality_below_7
white_wine_4556,6.8,0.45,0.3,11.8,0.094,23,97,0.997,3.09,0.44,9.6,c1631f07c9f664e1,quality_below_7
white_wine_4557,6.1,0.2,0.4,1.9,0.028,32,138,0.9914,3.26,0.72,11.7,6127df04a627f295,quality_below_7
white_wine_4558,6.1,0.37,0.46,12,0.042,61,210,0.997,3.17,0.59,9.7,a913d364610a8c9d,quality_below_7
white_wine_4559,5.9,0.21,0.23,7.9,0.033,22,130,0.9944,3.38,0.59,10.9,58663c9b792e4314,quality_below_7
white_wine_4560,6.9,0.22,0.32,9.3,0.04,22,110,0.9958,3.34,0.54,10.7,3dd3bf8e57f3ed4f,quality_7_plus
white_wine_4561,5.4,0.27,0.22,4.6,0.022,29,107,0.98889,3.33,0.54,13.8,4211c9afb64034b8,quality_below_7
white_wine_4562,6,0.26,0.26,2.2,0.035,10,72,0.989465,3.11,0.48,12.15,99beafd40c7e1228,quality_below_7
white_wine_4563,5.6,0.18,0.3,10.2,0.028,28,131,0.9954,3.49,0.42,10.8,2518ac2b3ca0bfac,quality_7_plus
white_wine_4564,5.6,0.26,0.27,10.6,0.03,27,119,0.9947,3.4,0.34,10.7,0ae15cdba8f185e9,quality_7_plus
white_wine_4565,7,0.23,0.35,1.4,0.036,31,113,0.9912,3.16,0.48,10.8,3586a944f3bf165e,quality_7_plus
white_wine_4566,5.8,0.28,0.66,9.1,0.039,26,159,0.9965,3.66,0.55,10.8,c01ef2249c9d1a94,quality_below_7
white_wine_4567,8.6,0.36,0.26,11.1,0.03,43.5,171,0.9948,3.03,0.49,12,877f8e147e989891,quality_below_7
white_wine_4569,6.4,0.3,0.27,4.4,0.055,17,135,0.9925,3.23,0.44,12.2,4dec480386265694,quality_below_7
white_wine_4570,6.2,0.2,0.32,2.8,0.05,17,126,0.9936,3.18,0.55,9.4,a84f07cd98ce8ee2,quality_below_7
white_wine_4571,5.8,0.29,0.15,1.1,0.029,12,83,0.9898,3.3,0.4,11.4,942a8ca476aaeae2,quality_below_7
white_wine_4572,5.7,0.22,0.28,1.3,0.027,26,101,0.98948,3.35,0.38,12.5,e089b6c1a7fb4a8a,quality_7_plus
white_wine_4573,5.6,0.22,0.32,1.2,0.024,29,97,0.98823,3.2,0.46,13.05,2e9f21a5bafdc4e8,quality_7_plus
white_wine_4574,6.8,0.32,0.23,3.3,0.026,31,99,0.9896,3.1,0.4,12.4,5d3674fefd7da6eb,quality_below_7
white_wine_4575,6.2,0.2,0.26,9.7,0.03,39,102,0.9908,3.08,0.56,12.9,80439fd31cfefb94,quality_7_plus
white_wine_4576,6.1,0.35,0.24,2.3,0.034,25,133,0.9906,3.34,0.59,12,4a1a157bcb5b70a2,quality_7_plus
white_wine_4577,5.9,0.3,0.29,1.1,0.036,23,56,0.9904,3.19,0.38,11.3,d410893717b577ba,quality_below_7
white_wine_4578,6.3,0.15,0.34,11.4,0.05,25,96,0.99754,3.21,0.49,10,588e03a49c7eca5f,quality_below_7
white_wine_4579,4.8,0.13,0.32,1.2,0.042,40,98,0.9898,3.42,0.64,11.8,061abe54c8c08d23,quality_7_plus
white_wine_4580,6,0.2,0.26,14.7,0.045,53,125,0.998365,2.99,0.69,9.4,d82dec0d379fb1e0,quality_below_7
white_wine_4581,5.7,0.2,0.24,13.8,0.047,44,112,0.99837,2.97,0.66,8.8,3402d38fa2a128b3,quality_below_7
white_wine_4582,6,0.27,0.26,1.3,0.038,32,138,0.99125,3.46,0.43,11.1,c965441266ba8a2a,quality_below_7
white_wine_4583,6.3,0.37,0.51,6.3,0.048,35,146,0.9943,3.1,1.01,10.5,7d8844da29574a5b,quality_below_7
white_wine_4584,6.4,0.23,0.37,7.9,0.05,60,150,0.99488,2.86,0.49,9.3,c39bbb61d810f4ae,quality_below_7
white_wine_4585,5.9,0.34,0.25,2,0.042,12,110,0.99034,3.02,0.54,11.4,187cf247c59aeb64,quality_below_7
white_wine_4586,5,0.33,0.23,11.8,0.03,23,158,0.99322,3.41,0.64,11.8,70331362ebc1ba34,quality_below_7
white_wine_4587,5.4,0.29,0.38,1.2,0.029,31,132,0.98895,3.28,0.36,12.4,fbdaa6b8945b2181,quality_below_7
white_wine_4588,8,0.33,0.35,10,0.035,22,108,0.99457,3.12,0.36,11.6,48d237d742d3b055,quality_below_7
white_wine_4589,6.4,0.3,0.33,5.2,0.05,30,137,0.99304,3.26,0.58,11.1,ae34d3cf1fe7e2ba,quality_below_7
white_wine_4591,6.4,0.33,0.3,7.2,0.041,42,168,0.99331,3.22,0.49,11.1,efc9fe0be248a75b,quality_below_7
white_wine_4592,7,0.33,0.78,9.9,0.042,21,251,0.99435,3.01,0.55,11,f6a4ab3af274c633,quality_below_7
white_wine_4593,6.7,0.45,0.3,5.3,0.036,27,165,0.99122,3.12,0.46,12.2,59d873a1638cf3a1,quality_below_7
white_wine_4594,6.5,0.36,0.31,13.55,0.053,20,113,0.99544,3.2,0.56,11,b959d46bae851f88,quality_below_7
white_wine_4595,5.8,0.42,0.3,2.2,0.035,26,129,0.989,3.32,0.47,12.9,26837706c6932b0c,quality_below_7
white_wine_4596,7.1,0.39,0.3,9.9,0.037,29,124,0.99414,3.07,0.42,10.9,bd4ba979774d9282,quality_below_7
white_wine_4597,6.7,0.53,0.29,4.3,0.069,20,114,0.99014,3.22,0.59,13.4,375bbc0b270d2110,quality_below_7
white_wine_4598,6.7,0.66,0,13,0.033,32,75,0.99551,3.15,0.5,10.7,c6d92cfa0a33b8f8,quality_below_7
white_wine_4600,6.5,0.16,0.33,1,0.027,23,75,0.9908,3.3,0.39,11.4,357c7e6dcc743bf2,quality_7_plus
white_wine_4601,8.3,0.22,0.34,1.1,0.043,20,116,0.9927,3,0.47,10.2,c67d2cf0d1c0c53e,quality_below_7
white_wine_4602,6.9,0.23,0.35,6.9,0.03,45,116,0.99244,2.8,0.54,11,dedc14a96c3fccba,quality_below_7
white_wine_4603,6.4,0.17,0.34,13.4,0.044,45,139,0.99752,3.06,0.43,9.1,2d6fa12a0a2a5ae6,quality_below_7
white_wine_4604,5,0.33,0.18,4.6,0.032,40,124,0.99114,3.18,0.4,11,c074267911ba8811,quality_below_7
white_wine_4605,6.8,0.38,0.29,9.9,0.037,40,146,0.99326,3.11,0.37,11.5,5f2631b63249f7e4,quality_below_7
white_wine_4606,6.5,0.29,0.32,3,0.036,38,93,0.9906,3.16,0.59,12,aebb033653922873,quality_below_7
white_wine_4607,6.9,0.29,0.32,5.8,0.04,16,112,0.993,3.04,0.58,11.2,7942ddbf2258a69e,quality_below_7
white_wine_4608,6.6,0.28,0.3,12.9,0.033,31,177,0.99479,3.12,0.39,11.2,ea025c69352091e5,quality_below_7
white_wine_4609,6.2,0.36,0.27,3.2,0.032,13,73,0.98942,2.9,0.69,12.6,fbce760813adb880,quality_7_plus
white_wine_4610,6,0.615,0.04,0.8,0.032,8,50,0.99036,3.14,0.4,11,18923126fff97fc9,quality_below_7
white_wine_4611,5.9,0.44,0.36,2.5,0.03,12,73,0.99201,3.22,0.48,10.8,68dd789c49ed7292,quality_below_7
white_wine_4612,5.9,0.42,0.36,2.4,0.034,19,77,0.99184,3.25,0.48,10.9,f710eb3cb51bcd6d,quality_below_7
white_wine_4613,5.8,0.34,0.21,7.2,0.041,48,146,0.99441,3.16,0.49,9.8,8b3672b5164463a5,quality_below_7
white_wine_4614,5.8,0.27,0.2,7.3,0.04,42,145,0.99442,3.15,0.48,9.8,0909abbc570e1c75,quality_below_7
white_wine_4615,7.1,0.33,0.18,6.3,0.094,27,166,0.99474,2.9,0.49,9.5,79d0659c6399987d,quality_below_7
white_wine_4616,6.1,0.44,0.28,4.25,0.032,43,132,0.9916,3.26,0.47,11.2666666666667,ef53d9b6cbd85fea,quality_7_plus
white_wine_4617,7.3,0.28,0.37,1.2,0.039,26,99,0.99198,3.01,0.62,10.8,785a486a99c06630,quality_below_7
white_wine_4618,5.2,0.5,0.18,2,0.036,23,129,0.98949,3.36,0.77,13.4,fcc317fd8300c25b,quality_7_plus
white_wine_4619,6.1,0.44,0.28,4.25,0.032,43,132,0.9916,3.26,0.47,11.3,7108ba2faca1b471,quality_7_plus
white_wine_4620,6.4,0.62,0.12,4.7,0.06,33,196,0.99556,3.22,0.48,8.9,1863d876ec05a03f,quality_below_7
white_wine_4621,6.4,0.38,0.19,4.5,0.038,36,119,0.99151,3.07,0.42,11.2,7b92784a85fecfab,quality_below_7
white_wine_4622,7.5,0.305,0.38,1.4,0.047,30,95,0.99158,3.22,0.52,11.5,614c5349c1f0d3d4,quality_7_plus
white_wine_4623,6.5,0.5,0.22,4.1,0.036,35,131,0.9902,3.26,0.55,13,2dbdd4fdf31ffc49,quality_7_plus
white_wine_4624,6.6,0.4,0.3,5.3,0.038,20,125,0.99204,3.36,0.73,12.6,462cda02f4b933fe,quality_below_7
white_wine_4625,6.4,0.4,0.25,4.2,0.032,15,91,0.98988,3.26,0.52,13.1,9f86b56599c8b834,quality_below_7
white_wine_4626,8.3,0.49,0.23,6.65,0.034,6,158,0.99344,3.05,0.48,11.2,28315ba67ddb9364,quality_below_7
white_wine_4627,6.3,0.3,0.91,8.2,0.034,50,199,0.99394,3.39,0.49,11.7,4a0190f825e3d2bc,quality_below_7
white_wine_4628,6.1,0.19,0.37,2.6,0.041,24,99,0.99153,3.18,0.5,10.9,9860038a8f7bfe1d,quality_below_7
white_wine_4630,5.6,0.24,0.34,2,0.041,14,73,0.98981,3.04,0.45,11.6,d4f89ff1ec914baf,quality_7_plus
white_wine_4631,5.7,0.25,0.32,12.2,0.041,43,127,0.99524,3.23,0.53,10.4,46de7b8b628b14bf,quality_7_plus
white_wine_4632,6.6,0.21,0.39,2.3,0.041,31,102,0.99221,3.22,0.58,10.9,0118ed2c0eb137f4,quality_7_plus
white_wine_4634,6.2,0.28,0.41,5,0.043,50,188,0.99318,3.23,0.64,10.8,90bc63b967202654,quality_below_7
white_wine_4635,5.8,0.29,0.38,10.7,0.038,49,136,0.99366,3.11,0.59,11.2,2adc62ca6304d765,quality_below_7
white_wine_4636,5.8,0.345,0.15,10.8,0.033,26,120,0.99494,3.25,0.49,10,5049f66c5a8f5751,quality_below_7
white_wine_4637,6.5,0.51,0.25,1.7,0.048,39,177,0.99212,3.28,0.57,10.5666666666667,1ad7aa46b178ee79,quality_below_7
white_wine_4638,6,0.24,0.41,1.3,0.036,42,118,0.99018,3.04,0.64,11.7333333333333,7a3f46f56054b47a,quality_below_7
white_wine_4639,6.5,0.51,0.25,1.7,0.048,39,177,0.99212,3.28,0.57,10.6,1742d2b7f0a98f65,quality_below_7
white_wine_4640,6.9,0.54,0.26,12.7,0.049,59,195,0.99596,3.26,0.54,10.5,6828a08d2c6812c6,quality_below_7
white_wine_4641,6,0.24,0.41,1.3,0.036,42,118,0.99018,3.04,0.64,11.75,9d64331c7a0939f5,quality_below_7
white_wine_4642,6.6,0.26,0.36,1.2,0.035,43,126,0.99094,3.01,0.63,11.4,72737b37cc73bcf3,quality_below_7
white_wine_4643,5.7,0.24,0.3,1.3,0.03,25,98,0.98968,3.37,0.43,12.4,ceb456452373d610,quality_7_plus
white_wine_4644,6.5,0.21,0.35,5.7,0.043,47,197,0.99392,3.24,0.5,10.1,f974576d42f8ba00,quality_below_7
white_wine_4645,6.8,0.29,0.22,3.4,0.035,40,122,0.99024,3.09,0.47,12.3,87ecec4e45a44ede,quality_below_7
white_wine_4646,5,0.24,0.34,1.1,0.034,49,158,0.98774,3.32,0.32,13.1,29b482b8962bd2a0,quality_7_plus
white_wine_4647,5.9,0.18,0.28,1,0.037,24,88,0.99094,3.29,0.55,10.65,e71b930ed03bab61,quality_7_plus
white_wine_4648,5.8,0.26,0.29,1,0.042,35,101,0.99044,3.36,0.48,11.4,ad81bd0f2748d68a,quality_7_plus
white_wine_4649,6.7,0.61,0.21,1.65,0.117,40,240,0.9938,3.11,0.57,9.3,1bbd466dd2fe6ca9,quality_below_7
white_wine_4650,5.7,0.695,0.06,6.8,0.042,9,84,0.99432,3.44,0.44,10.2,84bf13d18a612808,quality_below_7
white_wine_4651,5.6,0.695,0.06,6.8,0.042,9,84,0.99432,3.44,0.44,10.2,45de8f56b0b7a0a0,quality_below_7
white_wine_4652,5.7,0.39,0.25,4.9,0.033,49,113,0.98966,3.26,0.58,13.1,8d7ddbb65133a98b,quality_7_plus
white_wine_4653,6.1,0.38,0.47,1.4,0.051,59,210,0.99309,3.24,0.5,9.6,4f33261acee78c8f,quality_below_7
white_wine_4654,6.3,0.36,0.28,2.5,0.035,18,73,0.98868,3.1,0.47,12.8,e0f9fd98894227bd,quality_7_plus
white_wine_4655,6,0.29,0.41,10.8,0.048,55,149,0.9937,3.09,0.59,10.9666666666667,5b833301126644f4,quality_7_plus
white_wine_4658,6,0.29,0.41,10.8,0.048,55,149,0.9937,3.09,0.59,11,dd7616d7f0babf7b,quality_7_plus
white_wine_4659,7.1,0.43,0.25,2.8,0.036,43,132,0.98975,3.21,0.47,13.4,af209961c58a576c,quality_below_7
white_wine_4660,6.6,0.25,0.25,1.3,0.04,28,85,0.98984,2.87,0.48,11.2,bf6c52b43e401948,quality_below_7
white_wine_4661,6.6,0.33,0.41,2,0.027,14,79,0.99063,3.27,0.63,12.4,d378abd82d8cdff8,quality_below_7
white_wine_4662,8,0.23,0.41,1.1,0.048,35,150,0.99168,3.09,0.47,11.2,bc46c97586c9f789,quality_below_7
white_wine_4663,7.3,0.17,0.36,8.2,0.028,44,111,0.99272,3.14,0.41,12.4,7c3150e9d4fcde3d,quality_below_7
white_wine_4664,6,0.17,0.33,6,0.036,30,111,0.99362,3.32,0.58,10.1333333333333,4c55028a0cd43b7b,quality_7_plus
white_wine_4665,6.1,0.16,0.34,6.1,0.034,31,114,0.99365,3.32,0.58,10.1333333333333,200220b6fac1973f,quality_7_plus
white_wine_4667,6.4,0.31,0.53,8.8,0.057,36,221,0.99642,3.17,0.44,9.1,1725177e9daf0cea,quality_below_7
white_wine_4668,6.1,0.16,0.34,6.1,0.034,31,114,0.99365,3.32,0.58,10.15,c8510581dcaee2f2,quality_7_plus
white_wine_4669,6,0.17,0.33,6,0.036,30,111,0.99362,3.32,0.58,10.15,52f30705e60a92da,quality_7_plus
white_wine_4670,5.9,0.44,0.33,1.2,0.049,12,117,0.99134,3.46,0.44,11.5,eb7d9e53359a859b,quality_below_7
white_wine_4671,6.6,0.285,0.49,11.4,0.035,57,137,0.99732,3.08,0.54,8.9,20fc8758c7d18858,quality_below_7
white_wine_4672,4.9,0.335,0.14,1.3,0.036,69,168,0.99212,3.47,0.46,10.4666666666667,85675c9144ffcea1,quality_below_7
white_wine_4674,6,0.28,0.52,6.2,0.028,37,104,0.99161,3.28,0.51,11.8,dbe06f86fa185002,quality_7_plus
white_wine_4675,5.8,0.35,0.29,3.2,0.034,41,151,0.9912,3.35,0.58,11.6333333333333,d0d85e1e0a9009f2,quality_7_plus
white_wine_4676,5.7,0.21,0.37,4.5,0.04,58,140,0.99332,3.29,0.62,10.6,9986633f4e0a102b,quality_below_7
white_wine_4677,6.5,0.25,0.32,9.9,0.045,41,128,0.99636,3.18,0.52,9.6,49de7853ff21bf77,quality_below_7
white_wine_4680,4.7,0.335,0.14,1.3,0.036,69,168,0.99212,3.47,0.46,10.5,9811d878e10cc2cb,quality_below_7
white_wine_4681,6.8,0.63,0.04,1.3,0.058,25,133,0.99271,3.17,0.39,10.2,219119e9437200fa,quality_below_7
white_wine_4682,5.6,0.27,0.37,0.9,0.025,11,49,0.98845,3.29,0.33,13.1,b7f241c485550235,quality_below_7
white_wine_4683,6.8,0.32,0.33,0.7,0.027,15,66,0.9899,3.11,0.31,11.8,5f270d9871f6931a,quality_below_7
white_wine_4684,6.5,0.33,0.32,1,0.041,39,120,0.99004,3.06,0.37,12.2,898a5ad77886f1fe,quality_below_7
white_wine_4685,6,0.24,0.34,1,0.036,52,184,0.99097,3.44,0.44,11.45,472b7e2a76bf1449,quality_below_7
white_wine_4686,7.2,0.26,0.32,10.4,0.062,23,114,0.9966,3.23,0.49,10.5,7464e13cc092d337,quality_below_7
white_wine_4688,6.7,0.16,0.32,12.5,0.035,18,156,0.99666,2.88,0.36,9,3d4f17c9af6bbba5,quality_below_7
white_wine_4692,6.9,0.19,0.31,19.25,0.043,38,167,0.99954,2.93,0.52,9.1,53f54cdba10b2fd1,quality_7_plus
white_wine_4693,6,0.36,0.32,1.1,0.053,26,173,0.99414,3.38,0.54,8.8,0547d32feee00cd4,quality_below_7
white_wine_4696,6.7,0.35,0.32,9,0.032,29,113,0.99188,3.13,0.65,12.9,04fa71cd55e6cd0d,quality_7_plus
white_wine_4697,6.1,0.15,0.4,1.2,0.03,19,84,0.98926,3.19,0.96,13,93bf2a45ade68ffe,quality_below_7
white_wine_4699,7,0.27,0.74,1.3,0.173,34,121,0.99334,3.04,0.46,9.2,82ce266e846f7947,quality_below_7
white_wine_4700,6.8,0.3,0.33,12.8,0.041,60,168,0.99659,3.1,0.56,9.8,e7bc4e84ac32ba61,quality_below_7
white_wine_4702,6.4,0.69,0.09,7.6,0.044,34,144,0.9948,3.26,0.38,10.1,3da9282ce06c7450,quality_below_7
white_wine_4704,5.9,0.12,0.28,1.4,0.037,36,83,0.99074,3.33,0.42,10.9,0579aec1959849d5,quality_7_plus
white_wine_4705,6.3,0.36,0.5,8.3,0.053,51,202,0.9955,3.2,0.51,9.6,e262cf72456f9026,quality_below_7
white_wine_4706,5.7,0.27,0.16,9,0.053,32,111,0.99474,3.36,0.37,10.4,5b8e84ad281d7922,quality_below_7
white_wine_4707,6.1,0.22,0.4,1.85,0.031,25,111,0.98966,3.03,0.3,11.8,c925cc2e53c5b910,quality_7_plus
white_wine_4708,5.6,0.205,0.16,12.55,0.051,31,115,0.99564,3.4,0.38,10.8,3b6a5e8f720a1e93,quality_below_7
white_wine_4709,7.2,0.33,0.28,1.4,0.034,26,109,0.99246,3.28,0.57,10.6,4f0fe0bb0ed1e5a2,quality_below_7
white_wine_4710,5.9,0.21,0.31,1.8,0.033,45,142,0.98984,3.35,0.5,12.7,b41e54e05bdac1f5,quality_below_7
white_wine_4711,5.4,0.33,0.31,4,0.03,27,108,0.99031,3.3,0.43,12.2,6c85212cfe63f830,quality_7_plus
white_wine_4712,5.4,0.205,0.16,12.55,0.051,31,115,0.99564,3.4,0.38,10.8,fc1b51064bc41a6d,quality_below_7
white_wine_4714,6.4,0.28,0.28,3,0.04,19,98,0.99216,3.25,0.47,11.1,346d296399782ad9,quality_below_7
white_wine_4716,6.7,0.15,0.32,7.9,0.034,17,81,0.99512,3.29,0.31,10,c816d13d19c9d603,quality_below_7
white_wine_4717,5.5,0.315,0.38,2.6,0.033,10,69,0.9909,3.12,0.59,10.8,e45957bae199b253,quality_below_7
white_wine_4718,4.8,0.225,0.38,1.2,0.074,47,130,0.99132,3.31,0.4,10.3,cf7a3e246163f8a0,quality_below_7
white_wine_4719,5.2,0.24,0.15,7.1,0.043,32,134,0.99378,3.24,0.48,9.9,f41368a8430fe3bd,quality_below_7
white_wine_4721,6.6,0.27,0.32,1.3,0.044,18,93,0.99044,3.11,0.56,12.25,bfc39d2788d319a8,quality_below_7
white_wine_4722,6.1,0.32,0.33,10.7,0.036,27,98,0.99521,3.34,0.52,10.2,74da346977f4c3d5,quality_below_7
white_wine_4723,6,0.25,0.28,7.7,0.053,37,132,0.99489,3.06,0.5,9.4,acc247da0d8451c1,quality_below_7
white_wine_4724,6.4,0.42,0.46,8.4,0.05,58,180,0.99495,3.18,0.46,9.7,c7d6b86bb777473d,quality_below_7
white_wine_4726,6.9,0.31,0.33,12.7,0.038,33,116,0.9954,3.04,0.65,10.4,d760f0b0981a696d,quality_below_7
white_wine_4727,6.3,0.48,0.48,1.8,0.035,35,96,0.99121,3.49,0.74,12.2,99e91e1582ebc4e4,quality_below_7
white_wine_4729,7.2,0.21,0.31,10.5,0.035,36,122,0.99478,3.12,0.4,10.6,e0dc9e702a867543,quality_below_7
white_wine_4730,6.8,0.32,0.43,1.6,0.05,4,65,0.99346,3.27,0.47,10.7,48f0f6808a37361e,quality_below_7
white_wine_4731,7.9,0.3,0.6,1.85,0.048,13,106,0.99331,3.24,0.49,11.85,bfda4607cbf6ace8,quality_below_7
white_wine_4732,5.3,0.31,0.38,10.5,0.031,53,140,0.99321,3.34,0.46,11.7,a2eb24c0a21f6531,quality_below_7
white_wine_4734,5.2,0.185,0.22,1,0.03,47,123,0.99218,3.55,0.44,10.15,d26cccee8817dc80,quality_below_7
white_wine_4735,5.5,0.16,0.31,1.2,0.026,31,68,0.9898,3.33,0.44,11.6333333333333,70f6fc12ca837896,quality_below_7
white_wine_4736,6,0.17,0.36,1.7,0.042,14,61,0.99144,3.22,0.54,10.8,1841c360be4b3776,quality_below_7
white_wine_4737,6,0.16,0.36,1.6,0.042,13,61,0.99143,3.22,0.54,10.8,1afcf2df94a1a094,quality_below_7
white_wine_4738,6.1,0.24,0.32,9,0.031,41,134,0.99234,3.25,0.26,12.3,5452b9743aa5feb8,quality_7_plus
white_wine_4739,5.5,0.3,0.25,1.9,0.029,33,118,0.98972,3.36,0.66,12.5,e6cf8029e36f536a,quality_below_7
white_wine_4740,5.5,0.16,0.31,1.2,0.026,31,68,0.9898,3.33,0.44,11.65,a044f649f0e2dde2,quality_below_7
white_wine_4741,6,0.32,0.46,1.5,0.05,56,189,0.99308,3.24,0.49,9.6,35ca83012bba86cd,quality_below_7
white_wine_4742,6.1,0.27,0.31,3.9,0.034,42,137,0.99218,3.24,0.46,10.9,c836cb3b8824ae5c,quality_below_7
white_wine_4743,6,0.27,0.32,3.6,0.035,36,133,0.99215,3.23,0.46,10.8,34433b3195412a05,quality_below_7
white_wine_4744,6,0.14,0.37,1.2,0.032,63,148,0.99185,3.32,0.44,11.2,de35ecee0c6fc276,quality_below_7
white_wine_4745,5,0.24,0.19,5,0.043,17,101,0.99438,3.67,0.57,10,6bbf674622fd9679,quality_below_7
white_wine_4746,6.1,0.26,0.25,2.9,0.047,289,440,0.99314,3.44,0.64,10.5,d0467c6e85986cd1,quality_below_7
white_wine_4747,6.3,0.23,0.5,10.4,0.043,61,132,0.99542,2.86,0.46,9.1,e2c056d1ee399dfb,quality_below_7
white_wine_4748,5.6,0.26,0.5,11.4,0.029,25,93,0.99428,3.23,0.49,10.5,e3ff60687e565b05,quality_below_7
white_wine_4749,6.1,0.34,0.24,18.35,0.05,33,184,0.99943,3.12,0.61,9.3,077093c274c09206,quality_below_7
white_wine_4750,6.2,0.35,0.25,18.4,0.051,28,182,0.99946,3.13,0.62,9.3,e8863ddae99e2b31,quality_below_7
white_wine_4752,7.3,0.36,0.62,7.1,0.033,48,185,0.99472,3.14,0.62,10.6,2457213db74d6c53,quality_below_7
white_wine_4753,5.1,0.25,0.36,1.3,0.035,40,78,0.9891,3.23,0.64,12.1,4296866bdaef9fcf,quality_7_plus
white_wine_4754,5.5,0.16,0.26,1.5,0.032,35,100,0.99076,3.43,0.77,12,bc1e32fc6584df42,quality_below_7
white_wine_4755,6.4,0.19,0.35,10.2,0.043,40,106,0.99632,3.16,0.5,9.7,8259d336cded423d,quality_below_7
white_wine_4756,6.6,0.29,0.73,2.2,0.027,21,92,0.99,3.12,0.48,12.4,2e3177dc27372d46,quality_below_7
white_wine_4757,6,0.38,0.26,3.5,0.035,38,111,0.98872,3.18,0.47,13.6,da09c748a2302591,quality_7_plus
white_wine_4759,6.5,0.2,0.35,3.9,0.04,27,140,0.99102,2.98,0.53,11.8,3008ac524d70c24f,quality_below_7
white_wine_4760,6.6,0.17,0.26,7.4,0.052,45,128,0.99388,3.16,0.37,10,72b4359b7f36c871,quality_below_7
white_wine_4762,6.2,0.15,0.27,11,0.035,46,116,0.99602,3.12,0.38,9.1,472e033db0a96329,quality_below_7
white_wine_4763,5.9,0.48,0.3,1.5,0.037,19,78,0.99057,3.47,0.42,11.9,ba89b81b58ddb29c,quality_7_plus
white_wine_4764,5.3,0.4,0.25,3.9,0.031,45,130,0.99072,3.31,0.58,11.75,9657eedc46e441ae,quality_7_plus
white_wine_4765,5.9,0.26,0.29,5.4,0.046,34,116,0.99224,3.24,0.41,11.4,eb83eea94862b399,quality_below_7
white_wine_4766,5.2,0.3,0.34,1.5,0.038,18,96,0.98942,3.56,0.48,13,c61cf68e1157a90d,quality_7_plus
white_wine_4767,6.4,0.32,0.25,5,0.055,28,138,0.99171,3.27,0.5,12.4,8cb5bd6897110a4a,quality_7_plus
white_wine_4768,6.6,0.19,0.25,1.2,0.052,34,181,0.99352,3.3,0.42,9.4,fb0125bdbce303c3,quality_7_plus
white_wine_4769,6.8,0.27,0.3,13,0.047,69,160,0.99705,3.16,0.5,9.6,7bcf80c92db86ca0,quality_below_7
white_wine_4773,6.4,0.28,0.45,8.6,0.057,47,223,0.99654,3.16,0.51,9.1,2421f929d3d8bbea,quality_below_7
white_wine_4774,5.2,0.21,0.31,1.7,0.048,17,61,0.98953,3.24,0.37,12,2466cbb05249e9a4,quality_7_plus
white_wine_4775,7.1,0.24,0.34,1.2,0.045,6,132,0.99132,3.16,0.46,11.2,846c964d75002690,quality_below_7
white_wine_4776,5,0.27,0.4,1.2,0.076,42,124,0.99204,3.32,0.47,10.1,9bc6b982123889dd,quality_below_7
white_wine_4777,5.8,0.27,0.4,1.2,0.076,47,130,0.99185,3.13,0.45,10.3,6f64454c7af41482,quality_below_7
white_wine_4778,5.9,0.27,0.32,2,0.034,31,102,0.98952,3.16,0.56,12.3,8fc076db12e3e8ee,quality_below_7
white_wine_4779,5.8,0.315,0.19,19.4,0.031,28,106,0.99704,2.97,0.4,10.55,8996af82cc2fc8e2,quality_below_7
white_wine_4780,6,0.59,0,0.8,0.037,30,95,0.99032,3.1,0.4,10.9,42ce1228eef0ee15,quality_below_7
white_wine_4781,5.8,0.3,0.09,6.3,0.042,36,138,0.99382,3.15,0.48,9.7,235b6da2891934bd,quality_below_7
white_wine_4782,5.6,0.3,0.1,6.4,0.043,34,142,0.99382,3.14,0.48,9.8,5b69f19384a602f3,quality_below_7
white_wine_4783,6.7,0.3,0.5,12.1,0.045,38,127,0.9974,3.04,0.53,8.9,42dafde9b73be537,quality_below_7
white_wine_4785,6.4,0.31,0.31,12.9,0.045,55,161,0.99546,3.02,0.59,10.2,ffa13dd456357ed6,quality_below_7
white_wine_4786,6.9,0.25,0.29,2.4,0.038,28,76,0.99088,3.01,0.36,11.7,0163da3f0c8db642,quality_7_plus
white_wine_4787,4.4,0.32,0.39,4.3,0.03,31,127,0.98904,3.46,0.36,12.8,691b4f8d62ec2fa6,quality_7_plus
white_wine_4788,3.9,0.225,0.4,4.2,0.03,29,118,0.989,3.57,0.36,12.8,4e32818707c9916b,quality_7_plus
white_wine_4790,5.5,0.62,0.33,1.7,0.037,24,118,0.98758,3.15,0.39,13.55,c4a3d37ecda84695,quality_below_7
white_wine_4791,6.2,0.3,0.42,2.2,0.036,28,128,0.9901,3.13,0.38,11.6,d1b10d9aba7fee2b,quality_below_7
white_wine_4793,4.7,0.785,0,3.4,0.036,23,134,0.98981,3.53,0.92,13.8,d9a87ced5edb7eb7,quality_below_7
white_wine_4794,6,0.31,0.32,7.4,0.175,47,159,0.9952,3.19,0.5,9.4,4fe7ab785091b6b4,quality_below_7
white_wine_4795,6,0.32,0.3,7.3,0.174,46,159,0.99519,3.18,0.49,9.4,3d9d1ba0856ebf8a,quality_below_7
white_wine_4796,6.4,0.105,0.29,1.1,0.035,44,140,0.99142,3.17,0.55,10.7,457fab4061e981c0,quality_7_plus
white_wine_4798,5.7,0.33,0.32,1.4,0.043,28,93,0.9897,3.31,0.5,12.3,0285ed28b13bff11,quality_below_7
white_wine_4799,5.9,0.32,0.19,14.5,0.042,37,115,0.99684,3.16,0.43,10.3,8bc027d77b877fd9,quality_below_7
white_wine_4800,6.2,0.26,0.2,8,0.047,35,111,0.99445,3.11,0.42,10.4,f1a7453eea5fb056,quality_below_7
white_wine_4801,6,0.2,0.33,1.1,0.039,45,126,0.99051,3.31,0.45,11.6,fe5905bf6d606029,quality_7_plus
white_wine_4803,5.8,0.28,0.34,2.2,0.037,24,125,0.98986,3.36,0.33,12.8,5567d5f419731527,quality_7_plus
white_wine_4804,6.4,0.31,0.5,5.8,0.038,42,111,0.99189,3.18,0.53,11.9,5fd0f395cca603ad,quality_7_plus
white_wine_4805,6,0.35,0.46,0.9,0.033,9,65,0.98934,3.24,0.35,12.1,e132a61ecf8ff400,quality_below_7
white_wine_4806,5.1,0.26,0.34,6.4,0.034,26,99,0.99449,3.23,0.41,9.2,744cf070742c2220,quality_below_7
white_wine_4807,6.6,0.28,0.09,10.9,0.051,37,131,0.99566,2.93,0.62,9.5,f51828677c8c15ac,quality_below_7
white_wine_4808,6,0.17,0.3,7.3,0.039,39,104,0.99252,2.91,0.57,11,080aad1aff6493e6,quality_below_7
white_wine_4809,7.3,0.35,0.67,8.3,0.053,10,100,0.9959,3.19,0.5,10.9,57241ce873597809,quality_below_7
white_wine_4810,6,0.26,0.24,1.3,0.053,66,150,0.9924,3.21,0.62,10.4,b462a795e2bee026,quality_below_7
white_wine_4811,5.4,0.375,0.4,3.3,0.054,29,147,0.99482,3.42,0.52,9.1,35a10a95869423cb,quality_below_7
white_wine_4812,7,0.17,0.42,1,0.075,19,71,0.99103,3.32,0.62,11.4,d9ec58fe04eec490,quality_below_7
white_wine_4813,5.1,0.26,0.33,1.1,0.027,46,113,0.98946,3.35,0.43,11.4,f9a1d3d434975eec,quality_7_plus
white_wine_4814,5.8,0.36,0.5,1,0.127,63,178,0.99212,3.1,0.45,9.7,9f70694d1912c69a,quality_below_7
white_wine_4815,5.7,0.4,0.35,5.1,0.026,17,113,0.99052,3.18,0.67,12.4,b866c02b814e68ee,quality_below_7
white_wine_4816,6.2,0.76,0.01,3.2,0.041,18,120,0.99026,3.2,0.94,13.7,70772fb687b22ebe,quality_7_plus
white_wine_4817,6.1,0.41,0.2,12.6,0.032,54,136,0.99516,2.91,0.43,10.6,8a85672dda3be2df,quality_below_7
white_wine_4818,5.8,0.385,0.25,3.7,0.031,38,122,0.99128,3.2,0.63,11.2,b35795d030e9dd5a,quality_below_7
white_wine_4819,6,0.27,0.4,1.7,0.021,18,82,0.9891,3.24,0.95,13.1333333333333,a5f29e8219334377,quality_below_7
white_wine_4822,7,0.24,0.47,1.3,0.043,18,131,0.99176,3.19,0.45,11,002fb0c598750bb9,quality_below_7
white_wine_4823,6.8,0.23,0.48,1.5,0.036,35,165,0.99162,3.18,0.45,11.3,2893ab3d48e0b8c2,quality_below_7
white_wine_4824,6.5,0.28,0.34,4.6,0.054,22,130,0.99193,3.2,0.46,12,5d306ba11fb0b1b6,quality_7_plus
white_wine_4825,6.4,0.23,0.35,10.3,0.042,54,140,0.9967,3.23,0.47,9.2,fa23f3aed2fc823e,quality_below_7
white_wine_4826,6,0.34,0.29,6.1,0.046,29,134,0.99462,3.48,0.57,10.7,f566209ec9969e2c,quality_below_7
white_wine_4828,6.7,0.22,0.33,1.2,0.036,36,86,0.99058,3.1,0.76,11.4,e7a67a58b19c75d4,quality_below_7
white_wine_4830,6,0.32,0.33,9.9,0.032,22,90,0.99258,3.1,0.43,12.1,e67787943e0688b9,quality_7_plus
white_wine_4831,5.8,0.29,0.27,1.6,0.062,17,140,0.99138,3.23,0.35,11.1,ca0dbcf3ca2e07d8,quality_below_7
white_wine_4832,5.8,0.38,0.26,1.1,0.058,20,140,0.99271,3.27,0.43,9.7,c8e80a5491ae2d1f,quality_below_7
white_wine_4833,5.9,0.32,0.26,1.5,0.057,17,141,0.9917,3.24,0.36,10.7,4e01146ea0b443bf,quality_below_7
white_wine_4834,5.6,0.33,0.28,1.2,0.031,33,97,0.99126,3.49,0.58,10.9,1296876a6cf317c9,quality_below_7
white_wine_4835,5.9,0.37,0.3,1.5,0.033,35,95,0.98986,3.36,0.56,12,53d1f13d5201c5a3,quality_7_plus
white_wine_4836,5.6,0.295,0.26,1.1,0.035,40,102,0.99154,3.47,0.56,10.6,ebea96ec5771722c,quality_below_7
white_wine_4837,6.7,0.5,0.36,11.5,0.096,18,92,0.99642,3.11,0.49,9.6,d95bd7c7e04d7a19,quality_below_7
white_wine_4838,6.5,0.28,0.38,7.8,0.031,54,216,0.99154,3.03,0.42,13.1,8d03985fee30025f,quality_below_7
white_wine_4839,5.3,0.275,0.24,7.4,0.038,28,114,0.99313,3.38,0.51,11,f234e6dc6a864d37,quality_below_7
white_wine_4840,5.2,0.405,0.15,1.45,0.038,10,44,0.99125,3.52,0.4,11.6,9754b210960d48fc,quality_below_7
white_wine_4841,6.8,0.34,0.36,8.9,0.029,44,128,0.99318,3.28,0.35,11.95,58de8e9e9a26f86f,quality_7_plus
white_wine_4842,5.7,0.22,0.25,1.1,0.05,97,175,0.99099,3.44,0.62,11.1,0044679cc9f20e38,quality_below_7
white_wine_4843,6.2,0.28,0.57,1,0.043,50,92,0.99004,3.17,0.36,11.5,e1db0fc8f9d58e79,quality_below_7
white_wine_4844,5.6,0.34,0.25,2.5,0.046,47,182,0.99093,3.21,0.4,11.3,8acdf4dad93bb173,quality_below_7
white_wine_4845,4.8,0.29,0.23,1.1,0.044,38,180,0.98924,3.28,0.34,11.9,50876c95aa17eb14,quality_below_7
white_wine_4846,6.6,0.38,0.29,2.4,0.136,15,93,0.99336,3.18,0.6,9.5,d94cf9fc45ae5dbe,quality_below_7
white_wine_4847,5.1,0.3,0.3,2.3,0.048,40,150,0.98944,3.29,0.46,12.2,df87b0b8ece868df,quality_below_7
white_wine_4848,4.4,0.54,0.09,5.1,0.038,52,97,0.99022,3.41,0.4,12.2,cedc59b7c6037990,quality_7_plus
white_wine_4849,7,0.36,0.35,2.5,0.048,67,161,0.99146,3.05,0.56,11.1,3e5ffc60e9aede26,quality_below_7
white_wine_4850,6.4,0.33,0.44,8.9,0.055,52,164,0.99488,3.1,0.48,9.6,5b09c9bfbcb7a38a,quality_below_7
white_wine_4853,6.2,0.23,0.38,1.6,0.044,12,113,0.99176,3.3,0.73,11.4,83a8cacdac130ff6,quality_below_7
white_wine_4854,5.2,0.25,0.23,1.4,0.047,20,77,0.99001,3.32,0.62,11.4,631719162e359570,quality_below_7
white_wine_4855,6.2,0.35,0.29,3.9,0.041,22,79,0.99005,3.1,0.59,12.0666666666667,1e67234a3a3970d0,quality_below_7
white_wine_4856,7.1,0.23,0.39,13.7,0.058,26,172,0.99755,2.9,0.46,9,8d751730b8c3d2b0,quality_below_7
white_wine_4858,7.5,0.38,0.33,9.2,0.043,19,116,0.99444,3.08,0.42,11.4,42c423751e1bc85c,quality_below_7
white_wine_4859,6.4,0.35,0.51,7.8,0.055,53,177,0.99502,3.12,0.45,9.6,70844ae4ff2ad465,quality_below_7
white_wine_4860,6,0.43,0.34,7.6,0.045,25,118,0.99222,3.03,0.37,11,6eecc2d81b266904,quality_below_7
white_wine_4861,6,0.52,0.33,7.7,0.046,24,119,0.99224,3.04,0.38,11,fe716720e080eb91,quality_below_7
white_wine_4862,5.5,0.31,0.29,3,0.027,16,102,0.99067,3.23,0.56,11.2,d4f8f867dcc2541e,quality_below_7
white_wine_4863,5.9,0.22,0.3,1.3,0.052,42,86,0.99069,3.31,0.47,11.55,8da3f07e5e5e9cad,quality_below_7
white_wine_4864,6.2,0.36,0.32,4,0.036,44,92,0.98936,3.2,0.5,13.3,df609add2a0fa678,quality_7_plus
white_wine_4865,6,0.41,0.23,1.1,0.066,22,148,0.99266,3.3,0.47,9.63333333333333,f20b9e39899c3375,quality_below_7
white_wine_4866,6.2,0.355,0.35,2,0.046,31,95,0.98822,3.06,0.46,13.6,db3dffa11cbc3e95,quality_below_7
white_wine_4867,5.7,0.41,0.21,1.9,0.048,30,112,0.99138,3.29,0.55,11.2,52319214f2443b09,quality_below_7
white_wine_4868,5.3,0.6,0.34,1.4,0.031,3,60,0.98854,3.27,0.38,13,b3e4971074a04834,quality_below_7
white_wine_4869,5.8,0.23,0.31,4.5,0.046,42,124,0.99324,3.31,0.64,10.8,b74e72e759e80a5e,quality_below_7
white_wine_4870,6.6,0.24,0.33,10.1,0.032,8,81,0.99626,3.19,0.51,9.8,bd0213344c0f4350,quality_below_7
white_wine_4871,6.1,0.32,0.28,6.6,0.021,29,132,0.99188,3.15,0.36,11.45,d3d773a248d271db,quality_7_plus
white_wine_4872,5,0.2,0.4,1.9,0.015,20,98,0.9897,3.37,0.55,12.05,0988bfff1398210e,quality_below_7
white_wine_4873,6,0.42,0.41,12.4,0.032,50,179,0.99622,3.14,0.6,9.7,f56d027ed7e69b87,quality_below_7
white_wine_4874,5.7,0.21,0.32,1.6,0.03,33,122,0.99044,3.33,0.52,11.9,63647f65b8e35d5b,quality_below_7
white_wine_4875,5.6,0.2,0.36,2.5,0.048,16,125,0.99282,3.49,0.49,10,a323b094d4d26d78,quality_below_7
white_wine_4876,7.4,0.22,0.26,1.2,0.035,18,97,0.99245,3.12,0.41,9.7,489d2d6d49a31450,quality_below_7
white_wine_4877,6.2,0.38,0.42,2.5,0.038,34,117,0.99132,3.36,0.59,11.6,34ba3b4d0277ba3d,quality_7_plus
white_wine_4878,5.9,0.54,0,0.8,0.032,12,82,0.99286,3.25,0.36,8.8,8d665a8f6243fabc,quality_below_7
white_wine_4879,6.2,0.53,0.02,0.9,0.035,6,81,0.99234,3.24,0.35,9.5,8bf9676db7023900,quality_below_7
white_wine_4880,6.6,0.34,0.4,8.1,0.046,68,170,0.99494,3.15,0.5,9.53333333333333,1d294af6dd08aaaa,quality_below_7
white_wine_4882,5,0.235,0.27,11.75,0.03,34,118,0.9954,3.07,0.5,9.4,231655c64761afa0,quality_below_7
white_wine_4883,5.5,0.32,0.13,1.3,0.037,45,156,0.99184,3.26,0.38,10.7,348df444ae2d7335,quality_below_7
white_wine_4884,4.9,0.47,0.17,1.9,0.035,60,148,0.98964,3.27,0.35,11.5,3cfe5242c461c252,quality_below_7
white_wine_4885,6.5,0.33,0.38,8.3,0.048,68,174,0.99492,3.14,0.5,9.6,d7ae41f9a28659ae,quality_below_7
white_wine_4886,6.6,0.34,0.4,8.1,0.046,68,170,0.99494,3.15,0.5,9.55,de73a8d1ad630b76,quality_below_7
white_wine_4887,6.2,0.21,0.28,5.7,0.028,45,121,0.99168,3.21,1.08,12.15,76cd760374dc64fb,quality_7_plus
white_wine_4888,6.2,0.41,0.22,1.9,0.023,5,56,0.98928,3.04,0.79,13,5ac9ab84038b5d58,quality_7_plus
white_wine_4889,6.8,0.22,0.36,1.2,0.052,38,127,0.9933,3.04,0.54,9.2,8bdea19dab993a68,quality_below_7
white_wine_4890,4.9,0.235,0.27,11.75,0.03,34,118,0.9954,3.07,0.5,9.4,7c81e77e55898df5,quality_below_7
white_wine_4891,6.1,0.34,0.29,2.2,0.036,25,100,0.98938,3.06,0.44,11.8,ac243acee08f018d,quality_below_7
white_wine_4892,5.7,0.21,0.32,0.9,0.038,38,121,0.99074,3.24,0.46,10.6,50eb532fa0432e6e,quality_below_7
white_wine_4893,6.5,0.23,0.38,1.3,0.032,29,112,0.99298,3.29,0.54,9.7,52250578da3aaf9d,quality_below_7
white_wine_4894,6.2,0.21,0.29,1.6,0.039,24,92,0.99114,3.27,0.5,11.2,73138c22fa0be662,quality_below_7
white_wine_4895,6.6,0.32,0.36,8,0.047,57,168,0.9949,3.15,0.46,9.6,bc0d73fac583fa3a,quality_below_7
white_wine_4896,6.5,0.24,0.19,1.2,0.041,30,111,0.99254,2.99,0.46,9.4,67bf6a5afb5c2dbf,quality_below_7
white_wine_4897,5.5,0.29,0.3,1.1,0.022,20,110,0.98869,3.34,0.38,12.8,7db8e871ba2c6937,quality_7_plus
white_wine_4898,6,0.21,0.38,0.8,0.02,22,98,0.98941,3.26,0.32,11.8,33f48f304099b280,quality_below_7
